customerID,gender,SeniorCitizen,Partner,Dependents,tenure,PhoneService,MultipleLines,InternetService,OnlineSecurity,OnlineBackup,DeviceProtection,TechSupport,StreamingTV,StreamingMovies,Contract,PaperlessBilling,PaymentMethod,MonthlyCharges,TotalCharges,Churn
C7000000,Female,0,Yes,Yes,65,No,No phone service,No,No internet service,No internet service,No internet service,No internet service,No internet service,No internet service,Two year,Yes,Electronic check,18.0,1155.68,No
C7000001,Male,1,Yes,No,51,Yes,Yes,No,No internet service,No internet service,No internet service,No internet service,No internet service,No internet service,One year,Yes,Electronic check,29.87,1547.28,No
C7000002,Female,1,No,No,62,Yes,No,Fiber optic,No,Yes,No,No,Yes,No,Month-to-month,No,Mailed check,83.93,5201.87,Yes
C7000003,Female,0,Yes,No,28,Yes,Yes,DSL,No,Yes,No,No,No,No,One year,Yes,Bank transfer (automatic),60.68,1731.67,No
C7000004,Male,0,No,No,28,Yes,Yes,Fiber optic,No,No,Yes,Yes,Yes,No,One year,Yes,Credit card (automatic),89.5,2485.76,No
C7000005,Female,0,No,No,0,Yes,No,Fiber optic,Yes,No,No,No,Yes,Yes,Month-to-month,No,Electronic check,84.76,0.0,No
C7000006,Female,0,No,No,49,Yes,Yes,DSL,Yes,Yes,No,Yes,No,Yes,Month-to-month,Yes,Electronic check,72.82,3579.26,No
C7000007,Female,1,No,Yes,1,Yes,No,DSL,No,Yes,No,No,Yes,Yes,One year,No,Electronic check,69.44,47.15,Yes
C7000008,Male,0,Yes,No,70,Yes,No,Fiber optic,No,No,No,No,Yes,No,Month-to-month,Yes,Electronic check,74.23,5214.27,No
C7000009,Male,0,Yes,Yes,50,Yes,Yes,Fiber optic,No,Yes,Yes,Yes,No,Yes,Month-to-month,No,Electronic check,99.93,4998.7,No
C7000010,Male,0,No,No,33,Yes,Yes,Fiber optic,Yes,No,No,Yes,No,No,Two year,Yes,Electronic check,84.04,2775.3,No
C7000011,Female,0,Yes,No,48,Yes,No,DSL,No,No,No,No,No,Yes,One year,No,Credit card (automatic),54.76,2648.16,No
C7000012,Female,0,No,No,72,Yes,No,No,No internet service,No internet service,No internet service,No internet service,No internet service,No internet service,Month-to-month,Yes,Credit card (automatic),24.66,1768.63,No
C7000013,Female,1,No,No,11,Yes,Yes,No,No internet service,No internet service,No internet service,No internet service,No internet service,No internet service,One year,Yes,Mailed check,30.8,330.32,No
C7000014,Male,0,Yes,No,54,Yes,No,Fiber optic,No,No,Yes,No,Yes,Yes,Month-to-month,Yes,Electronic check,80.77,4355.44,Yes
C7000015,Male,0,Yes,No,63,Yes,No,DSL,No,Yes,No,No,No,No,One year,Yes,Mailed check,55.07,3464.74,No
C7000016,Female,0,No,Yes,42,Yes,No,DSL,No,No,No,Yes,Yes,No,Month-to-month,No,Electronic check,58.11,2421.85,No
C7000017,Male,0,No,Yes,48,Yes,No,Fiber optic,No,No,No,No,Yes,Yes,Month-to-month,Yes,Electronic check,79.78,3835.2,No
C7000018,Female,0,No,No,36,Yes,Yes,No,No internet service,No internet service,No internet service,No internet service,No internet service,No internet service,Month-to-month,No,Credit card (automatic),28.85,1033.29,No
C7000019,Female,0,Yes,No,11,Yes,No,Fiber optic,Yes,Yes,No,Yes,No,No,Two year,Yes,Mailed check,79.88,875.78,No
C7000020,Female,0,No,Yes,71,Yes,No,DSL,No,No,No,No,No,No,Month-to-month,Yes,Bank transfer (automatic),48.87,3467.2,No
C7000021,Male,0,Yes,No,20,Yes,No,No,No internet service,No internet service,No internet service,No internet service,No internet service,No internet service,One year,Yes,Bank transfer (automatic),27.72,566.47,No
C7000022,Female,0,Yes,No,28,Yes,Yes,Fiber optic,Yes,Yes,No,No,No,No,Two year,Yes,Electronic check,84.46,2369.54,No
C7000023,Female,0,No,No,71,Yes,No,No,No internet service,No internet service,No internet service,No internet service,No internet service,No internet service,Month-to-month,No,Credit card (automatic),23.33,1663.48,No
C7000024,Female,1,No,Yes,4,Yes,Yes,Fiber optic,No,No,Yes,No,Yes,Yes,Month-to-month,No,Credit card (automatic),83.68,332.2,Yes
C7000025,Male,0,Yes,No,29,Yes,Yes,Fiber optic,No,No,Yes,No,Yes,Yes,Two year,No,Bank transfer (automatic),88.76,2581.39,No
C7000026,Male,0,No,Yes,40,Yes,Yes,DSL,No,Yes,No,No,No,Yes,Month-to-month,No,Mailed check,65.92,2666.33,No
C7000027,Male,0,Yes,Yes,17,Yes,Yes,DSL,Yes,Yes,Yes,Yes,No,Yes,Month-to-month,Yes,Credit card (automatic),83.75,1441.41,Yes
C7000028,Male,0,Yes,No,48,No,No phone service,No,No internet service,No internet service,No internet service,No internet service,No internet service,No internet service,Month-to-month,Yes,Bank transfer (automatic),18.0,849.89,No
C7000029,Female,0,Yes,No,38,Yes,Yes,Fiber optic,Yes,No,Yes,No,Yes,Yes,Month-to-month,Yes,Credit card (automatic),98.89,3774.95,Yes
C7000030,Female,0,No,Yes,19,Yes,No,Fiber optic,No,Yes,No,No,No,No,Month-to-month,No,Mailed check,76.8,1466.12,Yes
C7000031,Female,0,Yes,Yes,15,Yes,No,Fiber optic,Yes,No,Yes,No,Yes,No,Month-to-month,No,Electronic check,84.54,1268.46,No
C7000032,Male,0,No,No,20,Yes,No,DSL,Yes,Yes,Yes,Yes,No,No,Month-to-month,No,Electronic check,67.7,1366.21,Yes
C7000033,Male,0,Yes,No,57,Yes,Yes,No,No internet service,No internet service,No internet service,No internet service,No internet service,No internet service,Month-to-month,No,Electronic check,32.74,1876.19,No
C7000034,Male,1,Yes,Yes,38,Yes,No,DSL,No,No,No,No,Yes,Yes,Two year,Yes,Electronic check,60.39,2297.91,No
C7000035,Male,0,Yes,Yes,57,Yes,Yes,Fiber optic,No,No,Yes,No,No,Yes,Two year,No,Bank transfer (automatic),80.48,4582.01,No
C7000036,Male,1,Yes,No,52,Yes,No,Fiber optic,No,Yes,Yes,No,Yes,No,One year,No,Mailed check,87.61,4544.55,Yes
C7000037,Male,0,No,Yes,58,No,No phone service,Fiber optic,No,No,No,Yes,No,No,Month-to-month,Yes,Bank transfer (automatic),71.05,4133.39,No
C7000038,Male,0,No,No,62,Yes,No,Fiber optic,No,No,No,No,No,Yes,Two year,Yes,Bank transfer (automatic),79.27,4919.98,No
C7000039,Female,0,No,No,45,Yes,Yes,No,No internet service,No internet service,No internet service,No internet service,No internet service,No internet service,Month-to-month,No,Electronic check,31.17,1398.71,No
C7000040,Male,0,Yes,No,26,Yes,No,No,No internet service,No internet service,No internet service,No internet service,No internet service,No internet service,Two year,No,Electronic check,30.11,782.57,No
C7000041,Female,0,No,No,50,Yes,No,No,No internet service,No internet service,No internet service,No internet service,No internet service,No internet service,Month-to-month,No,Credit card (automatic),29.56,1472.48,Yes
C7000042,Female,0,No,No,68,Yes,No,Fiber optic,Yes,No,No,No,Yes,No,Month-to-month,No,Bank transfer (automatic),78.74,5339.07,No
C7000043,Male,0,Yes,Yes,23,Yes,No,DSL,No,No,Yes,No,Yes,Yes,One year,No,Bank transfer (automatic),69.25,1611.25,No
C7000044,Female,0,No,No,35,No,No phone service,No,No internet service,No internet service,No internet service,No internet service,No internet service,No internet service,One year,Yes,Electronic check,18.0,632.05,No
C7000045,Female,0,No,Yes,64,Yes,No,DSL,No,No,No,Yes,No,No,Two year,No,Electronic check,50.25,3187.68,No
C7000046,Male,0,No,No,43,Yes,Yes,No,No internet service,No internet service,No internet service,No internet service,No internet service,No internet service,Month-to-month,Yes,Electronic check,28.62,1242.03,No
C7000047,Male,0,No,Yes,10,No,No phone service,DSL,No,Yes,No,No,Yes,Yes,Month-to-month,No,Electronic check,64.54,650.02,Yes
C7000048,Female,0,No,No,25,Yes,Yes,No,No internet service,No internet service,No internet service,No internet service,No internet service,No internet service,Month-to-month,Yes,Credit card (automatic),31.24,789.38,No
C7000049,Male,0,No,Yes,18,Yes,Yes,Fiber optic,No,Yes,No,No,No,No,One year,Yes,Mailed check,80.58,1466.55,No
C7000050,Male,0,No,No,34,Yes,Yes,Fiber optic,No,Yes,Yes,Yes,Yes,No,Two year,Yes,Electronic check,97.67,3318.52,Yes
C7000051,Male,0,No,No,72,Yes,No,No,No internet service,No internet service,No internet service,No internet service,No internet service,No internet service,Month-to-month,No,Mailed check,21.98,1584.82,No
C7000052,Female,0,Yes,Yes,61,Yes,Yes,DSL,Yes,Yes,Yes,No,No,No,One year,Yes,Bank transfer (automatic),68.92,4184.34,No
C7000053,Female,0,No,No,70,Yes,No,Fiber optic,No,Yes,No,No,Yes,Yes,Month-to-month,Yes,Electronic check,85.62,5985.55,No
C7000054,Female,0,No,Yes,54,Yes,No,DSL,No,Yes,Yes,No,No,Yes,One year,Yes,Electronic check,65.7,3561.91,No
C7000055,Female,0,Yes,No,37,Yes,No,No,No internet service,No internet service,No internet service,No internet service,No internet service,No internet service,Month-to-month,No,Mailed check,25.03,925.58,No
C7000056,Male,0,No,No,48,No,No phone service,Fiber optic,Yes,No,Yes,No,No,Yes,Month-to-month,Yes,Credit card (automatic),75.0,3594.39,No
C7000057,Female,0,No,No,36,Yes,No,DSL,No,No,No,No,No,Yes,Two year,Yes,Mailed check,52.76,1903.43,No
C7000058,Male,0,No,No,2,Yes,No,DSL,No,No,No,No,Yes,Yes,Two year,No,Bank transfer (automatic),59.24,104.99,No
C7000059,Male,0,No,No,8,Yes,No,No,No internet service,No internet service,No internet service,No internet service,No internet service,No internet service,One year,No,Electronic check,21.51,163.77,No
C7000060,Female,0,Yes,No,40,Yes,No,No,No internet service,No internet service,No internet service,No internet service,No internet service,No internet service,Month-to-month,No,Electronic check,21.59,875.5,No
C7000061,Male,0,No,No,48,Yes,Yes,No,No internet service,No internet service,No internet service,No internet service,No internet service,No internet service,Month-to-month,No,Electronic check,31.19,1471.48,Yes
C7000062,Female,0,No,No,18,Yes,Yes,DSL,Yes,Yes,Yes,Yes,No,Yes,Month-to-month,No,Bank transfer (automatic),75.27,1347.16,Yes
C7000063,Female,0,No,No,2,Yes,No,Fiber optic,No,No,Yes,Yes,Yes,No,Month-to-month,Yes,Mailed check,80.96,163.56,Yes
C7000064,Female,0,Yes,No,5,Yes,No,Fiber optic,No,No,Yes,No,Yes,Yes,Month-to-month,Yes,Bank transfer (automatic),82.96,420.77,No
C7000065,Female,0,Yes,Yes,22,Yes,No,Fiber optic,No,Yes,Yes,Yes,No,No,Month-to-month,Yes,Credit card (automatic),89.47,1955.69,Yes
C7000066,Female,0,No,No,62,Yes,No,No,No internet service,No internet service,No internet service,No internet service,No internet service,No internet service,One year,Yes,Electronic check,28.61,1781.29,No
C7000067,Male,1,Yes,Yes,30,Yes,Yes,DSL,No,No,No,No,Yes,No,One year,Yes,Mailed check,54.91,1647.94,No
C7000068,Male,0,Yes,No,71,Yes,No,Fiber optic,No,Yes,Yes,Yes,No,Yes,Month-to-month,Yes,Electronic check,88.53,6304.34,Yes
C7000069,Male,0,No,No,65,Yes,Yes,DSL,No,Yes,No,No,No,Yes,One year,No,Electronic check,67.59,4403.09,No
C7000070,Male,0,No,No,62,No,No phone service,Fiber optic,No,Yes,No,No,No,No,One year,Yes,Electronic check,74.61,4622.23,No
C7000071,Male,0,No,Yes,70,Yes,Yes,DSL,Yes,Yes,Yes,No,No,No,Month-to-month,No,Bank transfer (automatic),67.37,4732.42,Yes
C7000072,Female,1,No,Yes,17,Yes,No,DSL,Yes,No,Yes,No,Yes,No,Month-to-month,No,Bank transfer (automatic),66.16,1125.34,No
C7000073,Male,0,No,No,71,Yes,Yes,DSL,No,Yes,Yes,Yes,No,No,Month-to-month,No,Credit card (automatic),67.3,4784.61,No
C7000074,Male,0,No,No,67,Yes,No,DSL,No,No,Yes,No,Yes,No,Month-to-month,Yes,Electronic check,62.91,4206.55,No
C7000075,Male,0,No,No,58,Yes,Yes,Fiber optic,No,No,Yes,Yes,Yes,No,Month-to-month,No,Credit card (automatic),88.75,5133.62,No
C7000076,Male,0,No,No,14,Yes,No,Fiber optic,No,Yes,No,No,Yes,Yes,Month-to-month,No,Mailed check,84.39,1158.86,No
C7000077,Female,0,No,Yes,21,Yes,No,No,No internet service,No internet service,No internet service,No internet service,No internet service,No internet service,One year,No,Electronic check,20.65,425.46,No
C7000078,Female,0,Yes,No,47,Yes,No,Fiber optic,No,No,No,No,Yes,Yes,One year,Yes,Electronic check,82.52,3878.47,No
C7000079,Female,1,Yes,No,3,Yes,No,Fiber optic,Yes,No,Yes,Yes,Yes,No,Month-to-month,No,Credit card (automatic),91.17,264.55,No
C7000080,Female,1,No,Yes,59,Yes,Yes,No,No internet service,No internet service,No internet service,No internet service,No internet service,No internet service,Two year,Yes,Mailed check,30.73,1816.89,No
C7000081,Male,0,No,No,31,Yes,No,Fiber optic,No,Yes,No,Yes,No,No,Month-to-month,No,Mailed check,78.65,2435.46,No
C7000082,Female,1,No,Yes,1,Yes,Yes,Fiber optic,No,No,No,No,No,Yes,Month-to-month,No,Mailed check,78.46,78.51,No
C7000083,Male,0,No,Yes,21,Yes,No,No,No internet service,No internet service,No internet service,No internet service,No internet service,No internet service,Month-to-month,No,Credit card (automatic),26.68,578.25,Yes
C7000084,Male,0,No,Yes,28,Yes,Yes,No,No internet service,No internet service,No internet service,No internet service,No internet service,No internet service,One year,Yes,Bank transfer (automatic),28.15,810.12,No
C7000085,Male,1,Yes,No,47,Yes,No,DSL,No,Yes,Yes,No,Yes,Yes,Month-to-month,Yes,Electronic check,72.49,3385.0,Yes
C7000086,Female,0,No,No,43,Yes,Yes,DSL,No,No,Yes,Yes,No,Yes,Month-to-month,No,Bank transfer (automatic),73.62,3148.85,No
C7000087,Male,0,No,Yes,27,Yes,Yes,DSL,No,Yes,Yes,No,No,No,Month-to-month,No,Electronic check,63.7,1722.42,No
C7000088,Male,0,Yes,No,45,Yes,Yes,Fiber optic,Yes,Yes,Yes,No,No,Yes,Two year,No,Electronic check,95.07,4272.36,No
C7000089,Male,0,No,No,65,Yes,No,Fiber optic,No,Yes,No,No,No,Yes,Month-to-month,No,Bank transfer (automatic),74.42,4815.11,No
C7000090,Male,0,No,No,25,Yes,Yes,DSL,No,No,No,No,No,Yes,Month-to-month,No,Bank transfer (automatic),59.37,1490.06,No
C7000091,Female,0,No,Yes,27,Yes,No,Fiber optic,Yes,Yes,No,No,Yes,No,Month-to-month,No,Credit card (automatic),84.48,2264.44,No
C7000092,Male,0,Yes,Yes,7,Yes,No,Fiber optic,Yes,Yes,No,Yes,Yes,No,Month-to-month,No,Credit card (automatic),90.89,646.16,No
C7000093,Male,0,Yes,Yes,27,Yes,No,Fiber optic,Yes,No,Yes,No,No,No,Two year,Yes,Electronic check,82.12,2231.73,No
C7000094,Male,0,No,No,20,Yes,Yes,DSL,No,Yes,No,No,Yes,Yes,One year,Yes,Electronic check,71.06,1438.23,No
C7000095,Female,0,No,No,55,Yes,No,DSL,No,No,No,Yes,No,No,Month-to-month,No,Credit card (automatic),58.29,3195.22,No
C7000096,Male,0,No,Yes,8,Yes,Yes,Fiber optic,Yes,Yes,Yes,No,No,Yes,Two year,Yes,Mailed check,95.08,761.04,No
C7000097,Male,0,Yes,No,43,Yes,No,DSL,Yes,No,No,No,Yes,Yes,One year,Yes,Mailed check,61.92,2679.18,No
C7000098,Male,0,No,Yes,56,Yes,Yes,Fiber optic,No,Yes,No,No,Yes,No,Month-to-month,No,Electronic check,88.6,4930.16,No
C7000099,Female,0,Yes,Yes,18,Yes,Yes,Fiber optic,No,Yes,Yes,Yes,Yes,No,Month-to-month,No,Electronic check,91.55,1631.05,No
C7000100,Female,0,Yes,No,4,Yes,Yes,Fiber optic,No,No,Yes,No,No,No,Month-to-month,Yes,Bank transfer (automatic),77.28,317.13,Yes
C7000101,Female,1,Yes,Yes,49,No,No phone service,No,No internet service,No internet service,No internet service,No internet service,No internet service,No internet service,Two year,Yes,Electronic check,19.73,989.58,No
C7000102,Male,0,No,Yes,42,Yes,No,DSL,No,No,No,No,No,No,One year,Yes,Bank transfer (automatic),46.54,1917.92,No
C7000103,Female,0,No,No,41,Yes,Yes,DSL,Yes,No,Yes,No,Yes,No,One year,No,Mailed check,69.03,2812.89,No
C7000104,Female,0,Yes,No,64,Yes,No,No,No internet service,No internet service,No internet service,No internet service,No internet service,No internet service,Month-to-month,Yes,Electronic check,20.29,1293.39,No
C7000105,Female,0,No,No,7,Yes,Yes,Fiber optic,No,Yes,Yes,No,No,Yes,Month-to-month,Yes,Electronic check,88.33,620.01,No
C7000106,Male,0,No,No,14,Yes,Yes,DSL,Yes,Yes,Yes,No,No,Yes,Month-to-month,Yes,Electronic check,70.54,1015.97,Yes
C7000107,Male,0,No,No,34,Yes,No,Fiber optic,No,No,Yes,Yes,Yes,Yes,Month-to-month,No,Electronic check,91.57,3128.18,No
C7000108,Male,0,No,No,41,Yes,No,Fiber optic,Yes,Yes,Yes,No,No,No,Two year,No,Credit card (automatic),85.45,3510.29,No
C7000109,Female,1,No,No,67,Yes,No,Fiber optic,No,Yes,No,Yes,No,Yes,Two year,Yes,Electronic check,81.49,5438.61,No
C7000110,Male,0,Yes,No,45,Yes,Yes,No,No internet service,No internet service,No internet service,No internet service,No internet service,No internet service,Month-to-month,Yes,Credit card (automatic),26.04,1171.89,No
C7000111,Male,0,Yes,Yes,15,Yes,No,DSL,No,Yes,No,No,No,Yes,Month-to-month,No,Mailed check,58.3,886.86,No
C7000112,Male,0,No,No,62,No,No phone service,Fiber optic,Yes,Yes,No,Yes,No,No,Two year,Yes,Mailed check,79.03,4883.09,No
C7000113,Female,1,No,Yes,30,Yes,No,DSL,No,Yes,Yes,No,Yes,Yes,Month-to-month,Yes,Mailed check,72.27,2161.98,No
C7000114,Male,1,No,No,63,Yes,Yes,Fiber optic,No,Yes,Yes,Yes,No,Yes,Month-to-month,Yes,Electronic check,90.74,5714.46,No
C7000115,Female,0,No,No,20,No,No phone service,Fiber optic,No,No,No,No,No,Yes,Month-to-month,Yes,Electronic check,72.85,1446.85,Yes
C7000116,Female,0,No,No,57,Yes,Yes,No,No internet service,No internet service,No internet service,No internet service,No internet service,No internet service,Month-to-month,Yes,Bank transfer (automatic),28.56,1638.63,No
C7000117,Female,0,No,No,39,Yes,No,Fiber optic,No,No,Yes,No,Yes,Yes,Two year,Yes,Bank transfer (automatic),83.44,3267.23,No
C7000118,Male,0,No,No,40,Yes,No,No,No internet service,No internet service,No internet service,No internet service,No internet service,No internet service,Two year,Yes,Mailed check,21.18,834.71,No
C7000119,Female,0,Yes,Yes,71,Yes,No,DSL,Yes,Yes,Yes,Yes,No,No,Month-to-month,No,Electronic check,68.97,4881.02,No
C7000120,Female,0,No,No,11,Yes,Yes,Fiber optic,No,Yes,No,Yes,Yes,Yes,Two year,No,Electronic check,91.22,1002.34,No
C7000121,Female,1,No,Yes,22,Yes,No,No,No internet service,No internet service,No internet service,No internet service,No internet service,No internet service,Month-to-month,Yes,Electronic check,25.12,557.85,Yes
C7000122,Male,0,Yes,No,13,Yes,Yes,DSL,Yes,No,Yes,Yes,No,Yes,One year,Yes,Credit card (automatic),78.25,1045.63,No
C7000123,Male,0,Yes,No,60,Yes,No,No,No internet service,No internet service,No internet service,No internet service,No internet service,No internet service,Two year,Yes,Mailed check,31.34,1880.7,No
C7000124,Male,0,No,No,62,Yes,Yes,Fiber optic,No,Yes,No,Yes,No,No,Month-to-month,No,Mailed check,84.76,5249.6,No
C7000125,Male,0,No,No,61,Yes,No,No,No internet service,No internet service,No internet service,No internet service,No internet service,No internet service,Month-to-month,Yes,Electronic check,25.68,1554.75,No
C7000126,Male,0,Yes,Yes,17,Yes,Yes,DSL,No,No,No,No,No,Yes,One year,No,Bank transfer (automatic),60.66,1033.83,No
C7000127,Male,0,Yes,Yes,18,Yes,Yes,Fiber optic,No,Yes,No,No,Yes,Yes,Two year,Yes,Electronic check,95.24,1710.33,No
C7000128,Male,0,Yes,No,29,Yes,No,DSL,No,No,No,No,Yes,Yes,Month-to-month,Yes,Electronic check,60.02,1752.28,Yes
C7000129,Female,0,Yes,Yes,56,Yes,No,No,No internet service,No internet service,No internet service,No internet service,No internet service,No internet service,Two year,Yes,Electronic check,22.35,1254.78,No
C7000130,Male,0,No,No,54,Yes,Yes,DSL,No,Yes,Yes,No,No,No,One year,No,Credit card (automatic),64.36,3474.01,No
C7000131,Female,0,No,No,72,Yes,No,Fiber optic,Yes,Yes,Yes,No,Yes,No,Month-to-month,No,Bank transfer (automatic),86.17,6190.22,No
C7000132,Female,0,No,No,57,Yes,Yes,Fiber optic,Yes,Yes,Yes,Yes,No,No,Two year,Yes,Bank transfer (automatic),100.07,5710.53,No
C7000133,Male,0,Yes,Yes,69,Yes,No,No,No internet service,No internet service,No internet service,No internet service,No internet service,No internet service,Two year,No,Credit card (automatic),26.37,1817.23,No
C7000134,Female,1,Yes,Yes,19,No,No phone service,No,No internet service,No internet service,No internet service,No internet service,No internet service,No internet service,One year,Yes,Bank transfer (automatic),23.01,447.5,No
C7000135,Male,1,Yes,No,44,Yes,Yes,No,No internet service,No internet service,No internet service,No internet service,No internet service,No internet service,Month-to-month,No,Electronic check,27.82,1202.54,Yes
C7000136,Female,0,No,No,38,Yes,No,DSL,Yes,No,Yes,No,No,Yes,Month-to-month,Yes,Bank transfer (automatic),66.45,2529.65,Yes
C7000137,Male,0,No,No,11,No,No phone service,No,No internet service,No internet service,No internet service,No internet service,No internet service,No internet service,Month-to-month,Yes,Electronic check,19.62,227.26,No
C7000138,Female,0,Yes,No,69,Yes,Yes,Fiber optic,No,No,No,Yes,Yes,Yes,Month-to-month,No,Mailed check,84.5,5831.21,No
C7000139,Male,0,No,No,8,Yes,No,Fiber optic,Yes,No,Yes,Yes,Yes,Yes,Month-to-month,Yes,Electronic check,91.42,743.91,No
C7000140,Male,0,Yes,Yes,62,Yes,No,DSL,Yes,No,Yes,Yes,Yes,No,One year,Yes,Electronic check,70.93,4403.88,No
C7000141,Male,0,Yes,No,19,Yes,Yes,No,No internet service,No internet service,No internet service,No internet service,No internet service,No internet service,Month-to-month,Yes,Bank transfer (automatic),37.17,696.99,Yes
C7000142,Female,0,No,No,16,Yes,Yes,Fiber optic,Yes,No,No,No,Yes,No,Month-to-month,No,Bank transfer (automatic),87.7,1385.9,Yes
C7000143,Female,0,Yes,No,43,Yes,Yes,No,No internet service,No internet service,No internet service,No internet service,No internet service,No internet service,Two year,No,Bank transfer (automatic),31.94,1388.17,No
C7000144,Male,0,No,No,34,Yes,No,Fiber optic,Yes,Yes,Yes,Yes,Yes,No,One year,Yes,Electronic check,99.52,3375.15,No
C7000145,Male,0,Yes,No,28,Yes,Yes,Fiber optic,Yes,No,Yes,No,Yes,Yes,Month-to-month,Yes,Electronic check,93.19,2607.45,No
C7000146,Male,0,No,No,65,Yes,Yes,DSL,Yes,No,No,No,No,No,Month-to-month,Yes,Credit card (automatic),61.75,4005.79,No
C7000147,Female,0,Yes,Yes,51,Yes,No,DSL,No,Yes,No,Yes,Yes,Yes,Month-to-month,Yes,Credit card (automatic),66.54,3409.43,No
C7000148,Male,0,Yes,Yes,44,Yes,No,No,No internet service,No internet service,No internet service,No internet service,No internet service,No internet service,Month-to-month,Yes,Credit card (automatic),25.0,1065.98,No
C7000149,Male,0,Yes,No,57,Yes,Yes,Fiber optic,Yes,Yes,Yes,Yes,No,Yes,Two year,Yes,Credit card (automatic),97.95,5596.5,No
C7000150,Female,0,No,No,58,Yes,Yes,DSL,Yes,No,Yes,No,No,No,Month-to-month,No,Electronic check,67.67,3916.81,No
C7000151,Female,0,No,No,13,Yes,No,Fiber optic,Yes,No,Yes,Yes,Yes,Yes,Month-to-month,Yes,Credit card (automatic),88.88,1187.06,No
C7000152,Male,1,No,No,32,Yes,No,No,No internet service,No internet service,No internet service,No internet service,No internet service,No internet service,One year,Yes,Electronic check,22.03,718.7,No
C7000153,Female,0,Yes,No,66,Yes,Yes,Fiber optic,No,No,Yes,No,No,No,Month-to-month,Yes,Electronic check,84.42,5559.63,No
C7000154,Male,1,Yes,Yes,59,Yes,Yes,Fiber optic,No,Yes,Yes,Yes,No,Yes,Two year,Yes,Electronic check,97.93,5801.3,No
C7000155,Female,0,Yes,No,4,Yes,No,No,No internet service,No internet service,No internet service,No internet service,No internet service,No internet service,Month-to-month,Yes,Credit card (automatic),25.27,91.51,Yes
C7000156,Male,0,No,Yes,17,Yes,No,DSL,No,No,Yes,No,Yes,Yes,One year,Yes,Electronic check,66.55,1140.17,No
C7000157,Female,0,Yes,No,19,Yes,Yes,Fiber optic,No,Yes,No,No,Yes,No,Two year,Yes,Electronic check,85.93,1639.43,No
C7000158,Female,0,Yes,No,37,Yes,No,Fiber optic,No,No,No,Yes,Yes,Yes,Two year,Yes,Mailed check,92.04,3438.29,No
C7000159,Female,0,No,Yes,59,Yes,No,Fiber optic,No,Yes,No,Yes,No,Yes,Month-to-month,No,Credit card (automatic),85.77,5046.23,No
C7000160,Male,1,No,No,35,Yes,No,DSL,Yes,No,Yes,No,Yes,Yes,Month-to-month,No,Bank transfer (automatic),71.34,2461.03,No
C7000161,Female,0,Yes,No,13,Yes,Yes,DSL,Yes,Yes,No,Yes,No,No,Two year,Yes,Electronic check,68.49,872.8,No
C7000162,Male,0,Yes,No,40,Yes,Yes,No,No internet service,No internet service,No internet service,No internet service,No internet service,No internet service,Month-to-month,Yes,Electronic check,30.25,1210.19,No
C7000163,Male,0,Yes,Yes,16,Yes,No,No,No internet service,No internet service,No internet service,No internet service,No internet service,No internet service,Month-to-month,No,Electronic check,20.83,317.41,No
C7000164,Female,0,No,Yes,49,Yes,Yes,No,No internet service,No internet service,No internet service,No internet service,No internet service,No internet service,Month-to-month,Yes,Bank transfer (automatic),30.72,1484.3,No
C7000165,Male,0,Yes,No,71,No,No phone service,Fiber optic,No,Yes,No,Yes,No,Yes,Two year,Yes,Credit card (automatic),81.41,5775.12,No
C7000166,Female,0,No,No,46,Yes,No,DSL,Yes,Yes,No,No,No,Yes,Month-to-month,No,Electronic check,65.86,3043.59,No
C7000167,Female,0,Yes,No,66,Yes,No,Fiber optic,Yes,No,No,No,No,No,One year,Yes,Electronic check,78.76,5154.66,No
C7000168,Male,0,No,Yes,39,Yes,Yes,Fiber optic,No,Yes,No,No,No,No,One year,No,Bank transfer (automatic),84.14,3284.05,No
C7000169,Female,0,No,No,59,Yes,Yes,DSL,No,Yes,No,No,Yes,Yes,Two year,Yes,Mailed check,74.37,4390.35,No
C7000170,Male,0,Yes,No,68,Yes,No,DSL,No,Yes,Yes,No,No,No,Two year,No,Bank transfer (automatic),56.59,3860.04,No
C7000171,Female,0,Yes,Yes,12,Yes,No,DSL,No,Yes,No,Yes,Yes,No,Month-to-month,Yes,Credit card (automatic),67.6,795.45,No
C7000172,Male,0,Yes,No,48,Yes,Yes,DSL,Yes,No,No,No,No,No,Month-to-month,No,Bank transfer (automatic),61.78,2991.3,No
C7000173,Female,0,No,No,18,Yes,Yes,DSL,No,Yes,Yes,No,Yes,No,Two year,No,Mailed check,72.87,1314.42,No
C7000174,Male,0,No,No,6,Yes,Yes,Fiber optic,No,No,Yes,Yes,Yes,Yes,Month-to-month,Yes,Credit card (automatic),94.44,572.89,Yes
C7000175,Male,0,No,No,17,Yes,No,No,No internet service,No internet service,No internet service,No internet service,No internet service,No internet service,One year,Yes,Electronic check,25.3,422.22,No
C7000176,Male,0,Yes,Yes,10,Yes,No,Fiber optic,No,No,No,No,No,Yes,One year,No,Bank transfer (automatic),72.81,745.01,Yes
C7000177,Female,0,Yes,No,13,Yes,No,DSL,Yes,Yes,Yes,Yes,No,No,Month-to-month,No,Mailed check,74.09,1000.1,No
C7000178,Female,0,No,Yes,0,Yes,No,DSL,No,Yes,Yes,No,No,Yes,Month-to-month,No,Mailed check,65.27,0.0,No
C7000179,Female,0,No,No,70,Yes,Yes,Fiber optic,No,No,Yes,Yes,No,Yes,Month-to-month,Yes,Bank transfer (automatic),95.12,6662.34,No
C7000180,Female,0,No,No,32,Yes,Yes,Fiber optic,No,Yes,No,Yes,Yes,No,Month-to-month,No,Electronic check,86.6,2780.36,No
C7000181,Female,0,No,No,12,Yes,No,Fiber optic,No,No,No,Yes,No,No,Month-to-month,Yes,Electronic check,75.53,927.65,Yes
C7000182,Female,0,No,No,25,No,No phone service,DSL,No,No,Yes,Yes,No,Yes,Month-to-month,No,Mailed check,60.27,1521.99,No
C7000183,Male,0,No,No,54,No,No phone service,Fiber optic,No,No,No,No,Yes,No,Two year,Yes,Credit card (automatic),64.93,3513.99,No
C7000184,Female,0,No,Yes,46,Yes,Yes,Fiber optic,No,Yes,Yes,Yes,Yes,No,Month-to-month,Yes,Bank transfer (automatic),97.19,4479.61,No
C7000185,Female,0,No,No,3,Yes,No,DSL,Yes,No,Yes,No,Yes,Yes,Month-to-month,Yes,Credit card (automatic),73.42,233.62,Yes
C7000186,Male,1,No,No,10,Yes,No,No,No internet service,No internet service,No internet service,No internet service,No internet service,No internet service,Month-to-month,Yes,Mailed check,22.8,243.38,No
C7000187,Male,0,No,No,39,Yes,No,Fiber optic,No,No,No,No,Yes,Yes,One year,Yes,Mailed check,80.1,3139.78,No
C7000188,Female,0,Yes,No,70,Yes,No,DSL,No,No,Yes,No,No,No,One year,No,Bank transfer (automatic),52.61,3674.45,No
C7000189,Male,0,No,No,5,Yes,No,Fiber optic,No,Yes,No,No,Yes,No,One year,Yes,Credit card (automatic),83.98,461.91,No
C7000190,Female,0,No,No,62,No,No phone service,Fiber optic,No,No,No,Yes,Yes,No,One year,No,Electronic check,69.88,4337.43,No
C7000191,Male,0,Yes,No,4,Yes,Yes,No,No internet service,No internet service,No internet service,No internet service,No internet service,No internet service,One year,No,Electronic check,24.0,104.42,No
C7000192,Male,0,No,No,36,Yes,No,DSL,Yes,Yes,No,No,Yes,No,Two year,No,Electronic check,67.35,2439.39,No
C7000193,Female,0,Yes,No,16,Yes,No,No,No internet service,No internet service,No internet service,No internet service,No internet service,No internet service,Month-to-month,Yes,Electronic check,26.52,433.22,Yes
C7000194,Male,0,Yes,Yes,30,Yes,Yes,Fiber optic,No,No,Yes,Yes,Yes,Yes,One year,No,Electronic check,96.88,2920.68,No
C7000195,Male,0,Yes,No,67,No,No phone service,Fiber optic,Yes,Yes,Yes,No,Yes,Yes,Month-to-month,Yes,Credit card (automatic),90.83,6076.67,No
C7000196,Female,1,No,No,15,Yes,Yes,DSL,No,Yes,No,No,Yes,Yes,Month-to-month,Yes,Credit card (automatic),72.97,1095.72,No
C7000197,Female,0,No,No,46,Yes,Yes,DSL,Yes,No,Yes,No,No,Yes,Two year,Yes,Bank transfer (automatic),70.14,3226.9,No
C7000198,Male,0,No,No,24,Yes,No,No,No internet service,No internet service,No internet service,No internet service,No internet service,No internet service,Two year,No,Bank transfer (automatic),23.93,588.91,No
C7000199,Male,0,Yes,No,47,Yes,No,Fiber optic,No,No,Yes,Yes,No,No,Month-to-month,Yes,Electronic check,85.86,4037.17,Yes
C7000200,Female,0,No,No,4,Yes,Yes,No,No internet service,No internet service,No internet service,No internet service,No internet service,No internet service,Month-to-month,Yes,Electronic check,31.26,128.6,Yes
C7000201,Female,0,Yes,No,21,Yes,Yes,Fiber optic,No,No,Yes,Yes,No,Yes,One year,Yes,Electronic check,88.89,1870.92,No
C7000202,Male,1,Yes,Yes,69,Yes,No,Fiber optic,No,Yes,Yes,No,No,No,Two year,Yes,Electronic check,79.65,5516.8,No
C7000203,Male,1,Yes,No,52,Yes,No,No,No internet service,No internet service,No internet service,No internet service,No internet service,No internet service,One year,Yes,Bank transfer (automatic),21.75,1091.24,No
C7000204,Male,0,No,No,68,Yes,Yes,Fiber optic,Yes,No,Yes,No,Yes,Yes,One year,No,Electronic check,99.32,6760.41,No
C7000205,Male,0,Yes,No,49,Yes,Yes,Fiber optic,No,No,No,No,Yes,No,Month-to-month,Yes,Credit card (automatic),76.96,3765.66,Yes
C7000206,Male,0,No,No,13,Yes,No,No,No internet service,No internet service,No internet service,No internet service,No internet service,No internet service,Month-to-month,Yes,Mailed check,25.04,298.93,No
C7000207,Female,0,No,No,33,Yes,Yes,DSL,No,Yes,No,Yes,No,Yes,Two year,No,Electronic check,71.2,2333.72,No
C7000208,Male,0,Yes,No,64,Yes,No,Fiber optic,Yes,No,No,No,Yes,No,Month-to-month,Yes,Credit card (automatic),74.44,4748.07,No
C7000209,Female,1,No,No,49,Yes,Yes,DSL,Yes,No,Yes,Yes,Yes,Yes,One year,Yes,Credit card (automatic),79.08,3868.74,No
C7000210,Female,0,Yes,Yes,37,Yes,Yes,No,No internet service,No internet service,No internet service,No internet service,No internet service,No internet service,Month-to-month,No,Electronic check,30.13,1102.4,No
C7000211,Female,0,Yes,No,63,Yes,No,No,No internet service,No internet service,No internet service,No internet service,No internet service,No internet service,Month-to-month,Yes,Credit card (automatic),22.89,1442.97,No
C7000212,Male,0,Yes,Yes,8,Yes,Yes,No,No internet service,No internet service,No internet service,No internet service,No internet service,No internet service,Month-to-month,No,Electronic check,28.83,242.46,Yes
C7000213,Female,0,No,No,70,No,No phone service,Fiber optic,No,No,No,No,Yes,No,Month-to-month,Yes,Electronic check,71.85,5032.01,Yes
C7000214,Female,1,No,No,9,Yes,Yes,Fiber optic,No,Yes,No,No,No,Yes,One year,Yes,Electronic check,88.53,786.46,Yes
C7000215,Female,0,No,No,72,Yes,No,DSL,No,No,No,No,Yes,Yes,Month-to-month,No,Bank transfer (automatic),60.92,4389.25,No
C7000216,Male,0,No,No,58,Yes,No,Fiber optic,No,No,No,No,Yes,No,Month-to-month,No,Electronic check,70.18,4079.8,Yes
C7000217,Male,1,Yes,No,35,Yes,No,No,No internet service,No internet service,No internet service,No internet service,No internet service,No internet service,Two year,Yes,Electronic check,23.27,832.21,No
C7000218,Female,0,No,No,34,Yes,No,DSL,No,No,No,No,No,Yes,Month-to-month,Yes,Electronic check,53.04,1791.05,No
C7000219,Male,0,Yes,No,2,Yes,No,DSL,No,Yes,Yes,No,No,No,Month-to-month,No,Electronic check,56.3,138.23,Yes
C7000220,Male,0,Yes,Yes,23,Yes,No,Fiber optic,No,No,Yes,Yes,Yes,No,Month-to-month,No,Electronic check,80.62,1856.8,No
C7000221,Male,0,No,Yes,16,Yes,No,Fiber optic,Yes,No,No,Yes,No,No,Month-to-month,No,Credit card (automatic),80.65,1292.55,Yes
C7000222,Female,0,Yes,No,51,Yes,Yes,Fiber optic,Yes,No,No,No,Yes,Yes,One year,Yes,Mailed check,88.14,4484.6,No
C7000223,Female,0,Yes,No,14,No,No phone service,Fiber optic,No,No,No,No,Yes,No,Two year,No,Bank transfer (automatic),72.07,989.15,No
C7000224,Male,0,Yes,No,58,Yes,No,No,No internet service,No internet service,No internet service,No internet service,No internet service,No internet service,Two year,Yes,Bank transfer (automatic),28.38,1624.93,No
C7000225,Female,1,Yes,Yes,21,Yes,No,DSL,No,Yes,No,No,No,No,Month-to-month,No,Mailed check,48.45,1044.3,Yes
C7000226,Male,0,No,Yes,62,Yes,Yes,No,No internet service,No internet service,No internet service,No internet service,No internet service,No internet service,Two year,Yes,Credit card (automatic),35.67,2233.05,No
C7000227,Female,1,No,No,26,Yes,No,Fiber optic,No,No,No,Yes,No,No,Month-to-month,No,Bank transfer (automatic),76.74,2004.62,No
C7000228,Female,1,No,No,54,No,No phone service,Fiber optic,Yes,No,No,No,No,Yes,Two year,No,Credit card (automatic),76.71,4125.8,No
C7000229,Male,0,Yes,Yes,48,Yes,Yes,DSL,Yes,No,No,No,Yes,Yes,Month-to-month,Yes,Bank transfer (automatic),71.75,3442.45,No
C7000230,Male,0,No,Yes,72,Yes,No,Fiber optic,No,No,No,No,Yes,Yes,Month-to-month,Yes,Electronic check,79.53,5703.99,Yes
C7000231,Male,0,No,Yes,38,Yes,Yes,No,No internet service,No internet service,No internet service,No internet service,No internet service,No internet service,Two year,Yes,Electronic check,26.05,980.81,No
C7000232,Female,0,No,No,25,Yes,No,Fiber optic,No,No,Yes,No,Yes,Yes,Month-to-month,No,Mailed check,84.58,2090.8,No
C7000233,Female,0,No,No,47,Yes,No,DSL,Yes,No,Yes,Yes,Yes,No,Month-to-month,No,Credit card (automatic),61.43,2881.15,No
C7000234,Female,0,No,No,2,Yes,No,DSL,Yes,No,Yes,No,Yes,Yes,Two year,Yes,Credit card (automatic),75.17,145.04,No
C7000235,Female,0,No,No,70,No,No phone service,No,No internet service,No internet service,No internet service,No internet service,No internet service,No internet service,Two year,No,Mailed check,18.0,1250.29,No
C7000236,Male,0,No,No,49,Yes,Yes,Fiber optic,No,Yes,Yes,No,No,Yes,Month-to-month,No,Electronic check,90.72,4431.39,Yes
C7000237,Female,0,Yes,No,3,Yes,No,DSL,Yes,Yes,Yes,No,No,No,Month-to-month,Yes,Electronic check,60.88,180.25,No
C7000238,Male,0,Yes,No,12,Yes,No,No,No internet service,No internet service,No internet service,No internet service,No internet service,No internet service,Two year,Yes,Mailed check,28.61,351.26,No
C7000239,Male,0,No,No,1,Yes,Yes,DSL,No,Yes,Yes,No,Yes,No,Month-to-month,No,Electronic check,70.08,89.28,Yes
C7000240,Female,0,Yes,No,48,Yes,Yes,No,No internet service,No internet service,No internet service,No internet service,No internet service,No internet service,Month-to-month,Yes,Electronic check,33.42,1593.68,Yes
C7000241,Female,1,Yes,No,48,Yes,Yes,DSL,Yes,No,Yes,No,Yes,Yes,Month-to-month,Yes,Credit card (automatic),78.37,3770.63,No
C7000242,Male,1,No,No,11,Yes,No,DSL,No,Yes,No,No,Yes,Yes,Month-to-month,No,Bank transfer (automatic),59.92,667.72,No
C7000243,Female,0,Yes,No,39,Yes,Yes,DSL,Yes,No,No,No,Yes,Yes,Month-to-month,Yes,Credit card (automatic),69.28,2707.22,Yes
C7000244,Female,0,Yes,Yes,35,No,No phone service,No,No internet service,No internet service,No internet service,No internet service,No internet service,No internet service,Month-to-month,No,Electronic check,18.73,668.69,No
C7000245,Female,0,No,No,35,Yes,No,Fiber optic,No,No,No,Yes,No,Yes,Month-to-month,No,Bank transfer (automatic),77.11,2701.07,Yes
C7000246,Female,0,Yes,No,45,Yes,No,DSL,No,No,No,No,No,Yes,Month-to-month,No,Mailed check,57.42,2583.47,No
C7000247,Male,0,Yes,No,62,Yes,Yes,No,No internet service,No internet service,No internet service,No internet service,No internet service,No internet service,Month-to-month,No,Bank transfer (automatic),29.89,1861.99,No
C7000248,Male,0,Yes,Yes,66,Yes,No,No,No internet service,No internet service,No internet service,No internet service,No internet service,No internet service,Month-to-month,Yes,Credit card (automatic),25.69,1723.88,No
C7000249,Male,0,Yes,No,11,Yes,No,Fiber optic,No,Yes,No,Yes,Yes,No,One year,Yes,Electronic check,84.41,905.45,No
C7000250,Female,0,Yes,No,68,Yes,No,Fiber optic,No,Yes,Yes,No,No,No,Month-to-month,Yes,Bank transfer (automatic),80.42,5471.06,No
C7000251,Female,0,No,No,41,Yes,Yes,Fiber optic,Yes,No,No,No,No,No,Month-to-month,Yes,Mailed check,78.6,3215.99,Yes
C7000252,Male,1,Yes,No,13,Yes,Yes,DSL,Yes,Yes,No,Yes,Yes,No,Month-to-month,Yes,Mailed check,78.38,1002.68,Yes
C7000253,Male,0,Yes,Yes,68,Yes,Yes,No,No internet service,No internet service,No internet service,No internet service,No internet service,No internet service,Two year,Yes,Mailed check,30.99,2115.18,No
C7000254,Male,0,No,Yes,26,Yes,Yes,Fiber optic,Yes,No,No,No,No,Yes,Month-to-month,No,Electronic check,80.47,2087.28,Yes
C7000255,Female,1,Yes,No,32,No,No phone service,No,No internet service,No internet service,No internet service,No internet service,No internet service,No internet service,Month-to-month,No,Electronic check,20.73,656.05,No
C7000256,Female,0,Yes,Yes,70,Yes,No,No,No internet service,No internet service,No internet service,No internet service,No internet service,No internet service,Month-to-month,No,Credit card (automatic),24.5,1719.85,No
C7000257,Male,0,Yes,No,42,Yes,No,No,No internet service,No internet service,No internet service,No internet service,No internet service,No internet service,Month-to-month,Yes,Bank transfer (automatic),26.47,1123.52,No
C7000258,Male,0,Yes,No,10,Yes,No,No,No internet service,No internet service,No internet service,No internet service,No internet service,No internet service,Two year,No,Credit card (automatic),24.81,231.68,No
C7000259,Female,1,Yes,No,5,Yes,No,No,No internet service,No internet service,No internet service,No internet service,No internet service,No internet service,Two year,Yes,Mailed check,25.65,131.35,No
C7000260,Male,0,Yes,Yes,59,No,No phone service,Fiber optic,No,No,Yes,No,Yes,Yes,Month-to-month,No,Credit card (automatic),81.67,4839.61,No
C7000261,Female,0,No,No,25,Yes,No,No,No internet service,No internet service,No internet service,No internet service,No internet service,No internet service,Two year,Yes,Bank transfer (automatic),28.7,719.92,No
C7000262,Male,0,No,No,7,Yes,Yes,No,No internet service,No internet service,No internet service,No internet service,No internet service,No internet service,Month-to-month,Yes,Credit card (automatic),30.13,209.25,Yes
C7000263,Male,0,No,Yes,3,Yes,No,DSL,No,No,Yes,No,Yes,Yes,Two year,No,Mailed check,65.68,194.23,No
C7000264,Female,0,Yes,Yes,69,Yes,No,Fiber optic,No,No,Yes,No,Yes,No,Month-to-month,No,Bank transfer (automatic),85.18,5847.2,No
C7000265,Male,0,No,No,41,Yes,Yes,Fiber optic,No,Yes,No,No,Yes,No,Month-to-month,Yes,Electronic check,86.78,3530.16,Yes
C7000266,Male,0,No,Yes,38,No,No phone service,DSL,Yes,No,No,No,Yes,Yes,Two year,Yes,Mailed check,48.56,1859.69,No
C7000267,Male,0,Yes,Yes,43,Yes,No,Fiber optic,No,Yes,No,Yes,No,No,Two year,Yes,Electronic check,76.7,3327.85,No
C7000268,Male,0,No,No,30,Yes,Yes,DSL,No,Yes,No,No,Yes,Yes,Month-to-month,No,Electronic check,69.84,2119.18,No
C7000269,Male,0,No,No,69,Yes,No,DSL,No,Yes,Yes,No,Yes,Yes,Month-to-month,No,Mailed check,72.09,5002.91,No
C7000270,Male,0,Yes,Yes,43,Yes,Yes,Fiber optic,No,No,No,No,Yes,Yes,Month-to-month,Yes,Mailed check,88.98,3821.47,Yes
C7000271,Male,0,No,No,46,Yes,No,DSL,Yes,No,No,Yes,No,Yes,Month-to-month,No,Credit card (automatic),59.96,2756.12,No
C7000272,Male,0,Yes,No,65,Yes,Yes,Fiber optic,No,Yes,No,No,No,No,One year,No,Mailed check,77.73,5034.56,No
C7000273,Female,1,Yes,No,0,Yes,No,Fiber optic,No,Yes,Yes,Yes,No,No,Two year,Yes,Electronic check,85.88,0.0,Yes
C7000274,Female,1,Yes,No,23,Yes,No,DSL,Yes,Yes,Yes,Yes,No,Yes,Two year,No,Credit card (automatic),73.93,1711.89,No
C7000275,Male,0,Yes,Yes,60,Yes,Yes,DSL,Yes,Yes,Yes,Yes,Yes,No,Month-to-month,Yes,Electronic check,80.05,4792.62,Yes
C7000276,Male,0,No,Yes,7,Yes,Yes,DSL,No,Yes,Yes,No,No,Yes,Month-to-month,No,Electronic check,69.24,476.59,No
C7000277,Male,0,No,No,24,Yes,Yes,Fiber optic,Yes,Yes,No,No,No,No,Two year,Yes,Credit card (automatic),86.16,2063.25,No
C7000278,Female,0,Yes,No,11,Yes,Yes,Fiber optic,Yes,No,No,Yes,Yes,No,One year,Yes,Bank transfer (automatic),94.97,1058.4,Yes
C7000279,Female,0,No,No,52,Yes,Yes,Fiber optic,No,No,Yes,No,No,No,Month-to-month,Yes,Electronic check,79.17,4117.06,No
C7000280,Male,1,No,No,61,Yes,Yes,DSL,No,No,Yes,No,Yes,No,One year,Yes,Mailed check,63.86,3886.64,No
C7000281,Male,0,No,No,19,Yes,Yes,Fiber optic,No,No,No,Yes,Yes,No,Two year,No,Electronic check,85.94,1633.13,No
C7000282,Male,0,No,No,50,Yes,No,No,No internet service,No internet service,No internet service,No internet service,No internet service,No internet service,Month-to-month,No,Mailed check,25.28,1277.48,No
C7000283,Male,1,No,No,55,No,No phone service,No,No internet service,No internet service,No internet service,No internet service,No internet service,No internet service,Month-to-month,No,Mailed check,27.33,1494.08,No
C7000284,Female,0,No,No,66,Yes,Yes,Fiber optic,No,No,Yes,Yes,Yes,Yes,Month-to-month,Yes,Bank transfer (automatic),94.07,6193.93,No
C7000285,Male,0,Yes,No,67,Yes,No,DSL,No,Yes,Yes,No,Yes,No,Month-to-month,Yes,Electronic check,66.83,4463.8,No
C7000286,Male,0,No,No,33,Yes,No,DSL,Yes,Yes,No,Yes,No,No,Month-to-month,No,Electronic check,63.18,2114.53,Yes
C7000287,Male,0,Yes,No,5,Yes,No,Fiber optic,No,No,No,No,No,Yes,Two year,No,Mailed check,73.91,358.29,No
C7000288,Female,1,Yes,No,54,Yes,No,Fiber optic,No,No,No,Yes,No,No,One year,No,Bank transfer (automatic),72.06,3891.51,No
C7000289,Male,0,Yes,No,39,Yes,No,Fiber optic,No,Yes,No,No,No,Yes,Two year,Yes,Electronic check,80.83,3124.04,No
C7000290,Female,0,Yes,No,33,Yes,Yes,DSL,No,No,Yes,No,No,No,Two year,Yes,Mailed check,56.12,1886.68,No
C7000291,Male,0,No,No,39,Yes,No,No,No internet service,No internet service,No internet service,No internet service,No internet service,No internet service,Month-to-month,Yes,Credit card (automatic),25.11,970.47,No
C7000292,Female,1,No,No,47,Yes,No,Fiber optic,No,Yes,No,No,No,Yes,Month-to-month,No,Electronic check,83.45,3929.45,No
C7000293,Male,0,No,Yes,20,Yes,Yes,No,No internet service,No internet service,No internet service,No internet service,No internet service,No internet service,One year,No,Electronic check,31.93,637.2,No
C7000294,Female,0,No,No,23,Yes,Yes,No,No internet service,No internet service,No internet service,No internet service,No internet service,No internet service,Month-to-month,No,Mailed check,29.62,670.21,No
C7000295,Female,0,Yes,No,24,Yes,Yes,Fiber optic,No,Yes,No,No,No,Yes,Month-to-month,No,Mailed check,90.88,2191.39,No
C7000296,Female,1,No,No,36,Yes,No,Fiber optic,No,Yes,No,No,No,No,Two year,Yes,Mailed check,72.73,2609.33,No
C7000297,Female,0,Yes,Yes,49,Yes,No,No,No internet service,No internet service,No internet service,No internet service,No internet service,No internet service,One year,Yes,Electronic check,29.79,1474.17,No
C7000298,Female,0,Yes,No,3,Yes,Yes,DSL,No,No,No,No,Yes,Yes,Two year,No,Bank transfer (automatic),62.96,228.07,No
C7000299,Female,1,No,No,21,Yes,No,DSL,No,Yes,Yes,No,Yes,Yes,One year,Yes,Electronic check,71.54,1515.4,No
C7000300,Female,0,No,Yes,53,Yes,No,DSL,No,Yes,Yes,No,No,No,Month-to-month,No,Credit card (automatic),57.67,3043.92,No
C7000301,Male,0,Yes,No,2,Yes,Yes,Fiber optic,No,Yes,Yes,No,No,Yes,Month-to-month,No,Electronic check,90.97,178.59,No
C7000302,Female,0,Yes,No,58,No,No phone service,Fiber optic,No,No,Yes,Yes,Yes,Yes,Month-to-month,No,Credit card (automatic),88.81,5125.83,No
C7000303,Female,0,Yes,Yes,56,No,No phone service,DSL,No,No,No,Yes,Yes,No,Month-to-month,No,Electronic check,53.56,2965.0,No
C7000304,Female,0,No,Yes,23,Yes,Yes,Fiber optic,No,No,No,No,Yes,Yes,Month-to-month,No,Credit card (automatic),89.46,2037.87,No
C7000305,Male,0,Yes,No,45,Yes,No,Fiber optic,No,No,Yes,No,Yes,Yes,Month-to-month,No,Mailed check,84.61,3808.32,No
C7000306,Male,0,Yes,No,35,Yes,Yes,No,No internet service,No internet service,No internet service,No internet service,No internet service,No internet service,Two year,Yes,Mailed check,27.93,982.59,No
C7000307,Female,0,No,No,18,Yes,No,DSL,No,No,Yes,No,Yes,Yes,Two year,No,Credit card (automatic),69.48,1255.4,Yes
C7000308,Male,0,No,Yes,10,Yes,Yes,No,No internet service,No internet service,No internet service,No internet service,No internet service,No internet service,Month-to-month,Yes,Electronic check,27.88,286.07,No
C7000309,Male,1,Yes,Yes,70,No,No phone service,No,No internet service,No internet service,No internet service,No internet service,No internet service,No internet service,Month-to-month,No,Electronic check,18.0,1262.33,No
C7000310,Male,0,No,No,62,Yes,No,Fiber optic,No,No,No,No,Yes,No,Two year,Yes,Electronic check,69.84,4342.13,No
C7000311,Male,0,Yes,Yes,65,Yes,No,Fiber optic,Yes,Yes,No,No,Yes,No,Month-to-month,No,Credit card (automatic),86.81,5645.39,Yes
C7000312,Male,0,Yes,No,10,No,No phone service,DSL,No,No,No,No,Yes,No,Two year,No,Bank transfer (automatic),47.26,461.25,No
C7000313,Male,0,No,Yes,70,Yes,No,Fiber optic,No,No,No,No,No,Yes,Month-to-month,Yes,Mailed check,74.13,5201.9,No
C7000314,Male,0,Yes,No,45,Yes,Yes,No,No internet service,No internet service,No internet service,No internet service,No internet service,No internet service,Month-to-month,Yes,Mailed check,28.97,1286.9,No
C7000315,Male,0,Yes,No,37,Yes,Yes,DSL,No,No,No,Yes,No,Yes,One year,Yes,Credit card (automatic),68.78,2530.87,No
C7000316,Male,0,No,No,24,Yes,No,No,No internet service,No internet service,No internet service,No internet service,No internet service,No internet service,Two year,Yes,Electronic check,26.87,675.74,No
C7000317,Female,0,No,Yes,17,Yes,No,DSL,No,Yes,No,No,Yes,Yes,Month-to-month,Yes,Mailed check,66.88,1121.51,Yes
C7000318,Male,0,No,No,23,Yes,No,No,No internet service,No internet service,No internet service,No internet service,No internet service,No internet service,Two year,Yes,Mailed check,26.47,621.72,No
C7000319,Female,1,No,No,12,Yes,Yes,Fiber optic,Yes,No,Yes,No,No,Yes,Month-to-month,Yes,Electronic check,88.96,1076.09,Yes
C7000320,Female,0,Yes,No,57,Yes,Yes,Fiber optic,Yes,Yes,Yes,Yes,No,No,Month-to-month,Yes,Mailed check,92.27,5242.37,No
C7000321,Male,0,No,Yes,69,Yes,Yes,No,No internet service,No internet service,No internet service,No internet service,No internet service,No internet service,Month-to-month,Yes,Bank transfer (automatic),26.48,1867.74,No
C7000322,Male,0,Yes,Yes,70,Yes,Yes,Fiber optic,No,Yes,Yes,No,Yes,Yes,Month-to-month,No,Bank transfer (automatic),96.17,6727.88,No
C7000323,Female,0,No,No,65,Yes,No,DSL,No,Yes,Yes,Yes,Yes,Yes,Month-to-month,No,Credit card (automatic),73.72,4785.91,No
C7000324,Female,0,Yes,No,9,No,No phone service,Fiber optic,No,Yes,Yes,Yes,Yes,Yes,Two year,No,Electronic check,92.56,827.8,No
C7000325,Female,1,Yes,No,54,No,No phone service,DSL,No,Yes,Yes,No,Yes,Yes,Month-to-month,Yes,Credit card (automatic),64.38,3483.47,No
C7000326,Female,1,Yes,No,62,Yes,Yes,No,No internet service,No internet service,No internet service,No internet service,No internet service,No internet service,Month-to-month,Yes,Credit card (automatic),31.65,1951.87,No
C7000327,Female,0,No,No,37,Yes,No,DSL,No,No,No,Yes,No,Yes,Month-to-month,Yes,Electronic check,64.94,2381.59,Yes
C7000328,Female,1,Yes,No,40,No,No phone service,Fiber optic,No,No,Yes,Yes,No,Yes,One year,Yes,Credit card (automatic),86.27,3460.84,No
C7000329,Male,0,No,No,28,Yes,Yes,Fiber optic,No,No,No,No,No,Yes,Month-to-month,No,Mailed check,79.56,2208.87,No
C7000330,Female,0,No,Yes,60,Yes,No,Fiber optic,Yes,Yes,No,No,Yes,No,Two year,No,Bank transfer (automatic),86.96,5195.75,No
C7000331,Male,0,No,Yes,51,Yes,No,Fiber optic,No,No,Yes,Yes,No,No,Month-to-month,Yes,Credit card (automatic),74.95,3812.87,Yes
C7000332,Female,0,Yes,No,45,Yes,Yes,Fiber optic,No,Yes,Yes,No,Yes,Yes,One year,No,Electronic check,91.8,4166.4,No
C7000333,Female,0,Yes,No,0,Yes,Yes,Fiber optic,No,No,No,Yes,No,Yes,Month-to-month,Yes,Credit card (automatic),85.31,0.0,No
C7000334,Male,1,No,No,70,Yes,Yes,DSL,Yes,No,No,No,Yes,Yes,Month-to-month,No,Bank transfer (automatic),72.3,5086.0,No
C7000335,Female,0,No,Yes,38,Yes,No,No,No internet service,No internet service,No internet service,No internet service,No internet service,No internet service,Two year,Yes,Credit card (automatic),23.26,882.06,No
C7000336,Male,0,Yes,Yes,69,Yes,Yes,DSL,No,Yes,No,No,No,Yes,One year,Yes,Credit card (automatic),62.42,4308.22,No
C7000337,Female,0,No,No,49,Yes,No,No,No internet service,No internet service,No internet service,No internet service,No internet service,No internet service,Month-to-month,No,Electronic check,22.61,1111.25,No
C7000338,Male,0,Yes,No,38,Yes,Yes,Fiber optic,No,No,No,No,Yes,Yes,Month-to-month,No,Mailed check,87.38,3310.96,No
C7000339,Female,1,Yes,No,55,Yes,No,No,No internet service,No internet service,No internet service,No internet service,No internet service,No internet service,Month-to-month,Yes,Bank transfer (automatic),25.35,1394.61,No
C7000340,Male,0,Yes,Yes,18,Yes,No,DSL,No,Yes,Yes,Yes,No,Yes,Month-to-month,Yes,Electronic check,70.99,1286.02,Yes
C7000341,Female,0,Yes,No,32,Yes,No,No,No internet service,No internet service,No internet service,No internet service,No internet service,No internet service,Month-to-month,Yes,Electronic check,25.88,831.24,No
C7000342,Female,0,Yes,No,1,Yes,Yes,Fiber optic,No,No,No,Yes,Yes,Yes,Month-to-month,Yes,Mailed check,91.63,82.05,Yes
C7000343,Female,0,No,No,54,Yes,Yes,No,No internet service,No internet service,No internet service,No internet service,No internet service,No internet service,Month-to-month,Yes,Mailed check,29.97,1632.58,No
C7000344,Female,0,Yes,Yes,23,Yes,Yes,DSL,No,No,Yes,Yes,No,No,Month-to-month,Yes,Bank transfer (automatic),66.06,1490.35,Yes
C7000345,Female,0,No,No,6,Yes,Yes,No,No internet service,No internet service,No internet service,No internet service,No internet service,No internet service,Two year,No,Bank transfer (automatic),31.01,195.67,No
C7000346,Female,0,No,Yes,58,Yes,Yes,Fiber optic,No,No,Yes,No,Yes,No,One year,No,Credit card (automatic),79.42,4612.57,No
C7000347,Male,0,No,No,17,Yes,Yes,No,No internet service,No internet service,No internet service,No internet service,No internet service,No internet service,One year,Yes,Bank transfer (automatic),31.77,541.32,No
C7000348,Female,0,Yes,Yes,16,Yes,No,Fiber optic,Yes,Yes,No,No,No,No,Month-to-month,Yes,Electronic check,80.59,1306.84,No
C7000349,Male,0,No,No,10,No,No phone service,DSL,Yes,No,Yes,Yes,Yes,No,Month-to-month,No,Electronic check,65.2,657.84,No
C7000350,Female,0,Yes,Yes,44,Yes,No,No,No internet service,No internet service,No internet service,No internet service,No internet service,No internet service,Month-to-month,Yes,Mailed check,22.01,925.88,No
C7000351,Male,1,No,No,24,Yes,Yes,DSL,No,Yes,No,Yes,Yes,Yes,One year,No,Electronic check,74.01,1788.42,Yes
C7000352,Female,1,Yes,No,41,Yes,No,Fiber optic,No,No,Yes,Yes,Yes,No,Two year,Yes,Credit card (automatic),84.6,3468.76,Yes
C7000353,Female,0,No,Yes,25,Yes,No,DSL,No,Yes,No,No,Yes,Yes,Two year,Yes,Bank transfer (automatic),58.18,1456.4,No
C7000354,Male,0,Yes,Yes,54,Yes,No,No,No internet service,No internet service,No internet service,No internet service,No internet service,No internet service,One year,Yes,Credit card (automatic),24.88,1347.23,No
C7000355,Female,1,No,No,27,Yes,Yes,Fiber optic,No,No,No,Yes,No,No,One year,Yes,Electronic check,79.51,2148.29,No
C7000356,Female,0,Yes,No,57,No,No phone service,DSL,Yes,Yes,Yes,No,No,Yes,Month-to-month,No,Electronic check,66.26,3759.87,No
C7000357,Female,0,Yes,No,34,Yes,Yes,No,No internet service,No internet service,No internet service,No internet service,No internet service,No internet service,Month-to-month,No,Mailed check,29.12,981.11,No
C7000358,Male,0,No,No,1,Yes,Yes,DSL,No,No,No,No,No,No,One year,Yes,Bank transfer (automatic),54.2,67.21,No
C7000359,Female,0,Yes,Yes,31,No,No phone service,DSL,Yes,Yes,Yes,No,Yes,Yes,One year,Yes,Mailed check,69.86,2165.23,No
C7000360,Female,0,No,No,17,Yes,Yes,No,No internet service,No internet service,No internet service,No internet service,No internet service,No internet service,Month-to-month,Yes,Electronic check,24.69,422.31,No
C7000361,Male,0,No,Yes,35,Yes,No,DSL,No,No,Yes,Yes,No,No,Two year,Yes,Mailed check,57.94,2038.0,No
C7000362,Male,0,No,No,9,Yes,No,DSL,No,No,Yes,No,No,No,Month-to-month,Yes,Mailed check,55.32,494.43,Yes
C7000363,Male,1,No,No,54,Yes,No,Fiber optic,No,No,No,No,No,No,One year,Yes,Credit card (automatic),65.79,3569.1,Yes
C7000364,Female,0,No,No,45,Yes,No,DSL,No,Yes,Yes,Yes,Yes,No,Month-to-month,No,Bank transfer (automatic),69.51,3131.31,No
C7000365,Male,0,No,Yes,10,Yes,No,No,No internet service,No internet service,No internet service,No internet service,No internet service,No internet service,One year,No,Mailed check,22.74,210.72,Yes
C7000366,Female,0,Yes,Yes,71,Yes,No,No,No internet service,No internet service,No internet service,No internet service,No internet service,No internet service,One year,No,Bank transfer (automatic),22.37,1583.33,No
C7000367,Female,0,No,No,25,Yes,No,No,No internet service,No internet service,No internet service,No internet service,No internet service,No internet service,Month-to-month,No,Bank transfer (automatic),26.61,659.31,No
C7000368,Male,0,No,No,15,Yes,Yes,No,No internet service,No internet service,No internet service,No internet service,No internet service,No internet service,Two year,Yes,Mailed check,26.03,391.45,No
C7000369,Female,0,Yes,No,0,Yes,Yes,No,No internet service,No internet service,No internet service,No internet service,No internet service,No internet service,Month-to-month,Yes,Credit card (automatic),28.33,0.0,Yes
C7000370,Female,0,Yes,No,18,Yes,Yes,DSL,Yes,No,No,Yes,No,Yes,One year,Yes,Electronic check,64.89,1194.9,Yes
C7000371,Male,0,Yes,Yes,2,Yes,No,Fiber optic,No,Yes,Yes,Yes,Yes,No,One year,Yes,Credit card (automatic),88.44,189.3,No
C7000372,Male,0,No,No,35,Yes,No,No,No internet service,No internet service,No internet service,No internet service,No internet service,No internet service,Two year,Yes,Mailed check,18.9,665.11,No
C7000373,Male,0,Yes,No,44,Yes,Yes,Fiber optic,No,Yes,Yes,No,No,No,Month-to-month,No,Mailed check,85.23,3751.61,No
C7000374,Male,1,No,No,27,Yes,No,No,No internet service,No internet service,No internet service,No internet service,No internet service,No internet service,Month-to-month,No,Bank transfer (automatic),28.07,772.38,No
C7000375,Male,0,No,No,63,Yes,No,No,No internet service,No internet service,No internet service,No internet service,No internet service,No internet service,Month-to-month,Yes,Mailed check,24.1,1495.39,No
C7000376,Female,0,No,Yes,70,Yes,Yes,DSL,No,No,No,Yes,Yes,Yes,Month-to-month,No,Mailed check,70.33,4927.71,No
C7000377,Male,0,Yes,No,22,Yes,No,Fiber optic,No,Yes,No,No,Yes,No,One year,No,Credit card (automatic),77.42,1684.92,No
C7000378,Male,0,No,No,46,No,No phone service,DSL,Yes,No,No,Yes,Yes,Yes,Month-to-month,No,Mailed check,63.01,2911.96,No
C7000379,Female,0,No,No,29,Yes,Yes,No,No internet service,No internet service,No internet service,No internet service,No internet service,No internet service,One year,Yes,Credit card (automatic),31.34,895.94,No
C7000380,Female,0,Yes,No,19,Yes,Yes,No,No internet service,No internet service,No internet service,No internet service,No internet service,No internet service,One year,No,Credit card (automatic),27.27,522.76,No
C7000381,Female,0,Yes,No,15,Yes,No,Fiber optic,No,No,Yes,No,No,Yes,Month-to-month,Yes,Mailed check,77.09,1185.49,No
C7000382,Female,0,Yes,No,38,Yes,Yes,DSL,Yes,Yes,No,No,No,No,Two year,Yes,Credit card (automatic),58.65,2245.47,No
C7000383,Male,1,No,No,10,Yes,Yes,Fiber optic,No,No,No,No,No,No,Month-to-month,No,Bank transfer (automatic),71.66,701.32,Yes
C7000384,Male,0,Yes,Yes,49,Yes,No,DSL,No,No,Yes,Yes,Yes,Yes,One year,No,Mailed check,68.08,3339.28,No
C7000385,Female,0,Yes,No,64,Yes,Yes,Fiber optic,No,No,Yes,Yes,No,No,Two year,Yes,Electronic check,80.0,5121.06,No
C7000386,Female,1,Yes,No,26,Yes,Yes,No,No internet service,No internet service,No internet service,No internet service,No internet service,No internet service,One year,Yes,Credit card (automatic),29.46,765.16,No
C7000387,Female,0,Yes,No,41,Yes,No,Fiber optic,No,No,No,Yes,No,No,Month-to-month,Yes,Mailed check,75.64,3126.34,No
C7000388,Male,0,Yes,No,71,Yes,No,Fiber optic,No,No,Yes,No,Yes,Yes,Month-to-month,No,Mailed check,82.41,5850.23,No
C7000389,Female,0,No,Yes,51,No,No phone service,No,No internet service,No internet service,No internet service,No internet service,No internet service,No internet service,Month-to-month,No,Electronic check,19.79,1043.7,No
C7000390,Female,0,Yes,No,29,Yes,Yes,No,No internet service,No internet service,No internet service,No internet service,No internet service,No internet service,Month-to-month,No,Electronic check,28.28,810.54,Yes
C7000391,Male,0,No,No,64,Yes,Yes,DSL,No,Yes,Yes,No,Yes,Yes,Month-to-month,Yes,Electronic check,79.18,5068.73,No
C7000392,Female,0,Yes,No,3,Yes,Yes,DSL,Yes,No,Yes,No,Yes,Yes,One year,No,Electronic check,69.78,209.6,No
C7000393,Female,0,Yes,No,42,Yes,No,DSL,No,No,No,Yes,Yes,Yes,Month-to-month,No,Bank transfer (automatic),67.27,2829.66,No
C7000394,Male,0,No,No,18,Yes,Yes,DSL,Yes,Yes,Yes,No,Yes,No,Month-to-month,No,Bank transfer (automatic),75.81,1376.72,No
C7000395,Male,0,No,No,13,Yes,Yes,DSL,Yes,Yes,No,Yes,No,Yes,Two year,Yes,Electronic check,71.62,950.74,No
C7000396,Female,1,No,No,37,No,No phone service,Fiber optic,Yes,No,No,No,Yes,Yes,One year,Yes,Bank transfer (automatic),79.6,2943.81,No
C7000397,Male,1,Yes,No,52,Yes,No,Fiber optic,No,Yes,No,No,No,No,Month-to-month,No,Mailed check,75.45,3920.57,No
C7000398,Male,0,No,No,53,No,No phone service,DSL,Yes,No,No,Yes,Yes,No,One year,Yes,Electronic check,63.18,3347.61,No
C7000399,Male,0,No,No,54,Yes,Yes,Fiber optic,No,Yes,No,No,No,No,Two year,No,Bank transfer (automatic),80.56,4364.29,No
C7000400,Male,0,Yes,No,21,Yes,Yes,Fiber optic,No,Yes,No,Yes,Yes,No,Month-to-month,No,Credit card (automatic),84.73,1761.06,No
C7000401,Female,0,No,No,30,Yes,No,DSL,Yes,No,Yes,No,No,Yes,Month-to-month,Yes,Mailed check,65.06,1945.1,No
C7000402,Female,0,Yes,Yes,8,Yes,No,DSL,Yes,No,Yes,No,Yes,No,Month-to-month,No,Bank transfer (automatic),67.03,563.4,No
C7000403,Male,0,Yes,No,45,Yes,No,DSL,Yes,No,Yes,No,Yes,Yes,Month-to-month,No,Credit card (automatic),75.83,3380.78,No
C7000404,Female,0,No,No,58,Yes,Yes,Fiber optic,Yes,Yes,No,No,Yes,Yes,Month-to-month,No,Credit card (automatic),92.4,5372.78,Yes
C7000405,Female,0,No,No,35,Yes,No,Fiber optic,No,Yes,No,No,No,No,One year,No,Mailed check,79.95,2816.19,No
C7000406,Male,0,No,No,22,Yes,No,DSL,No,Yes,Yes,Yes,No,Yes,One year,No,Electronic check,70.27,1560.3,No
C7000407,Female,0,No,No,24,Yes,Yes,DSL,No,No,No,Yes,Yes,Yes,Month-to-month,No,Mailed check,64.55,1541.57,No
C7000408,Male,0,Yes,No,47,Yes,Yes,DSL,No,No,Yes,Yes,Yes,No,Month-to-month,Yes,Mailed check,74.64,3523.58,Yes
C7000409,Female,0,No,Yes,49,Yes,Yes,DSL,No,Yes,Yes,No,No,No,Two year,No,Credit card (automatic),62.48,3070.75,No
C7000410,Female,0,No,Yes,34,Yes,No,Fiber optic,No,Yes,No,Yes,No,Yes,Two year,Yes,Credit card (automatic),87.35,2978.58,No
C7000411,Female,1,Yes,No,18,Yes,Yes,Fiber optic,No,No,No,Yes,Yes,No,Month-to-month,Yes,Credit card (automatic),81.81,1456.17,No
C7000412,Male,0,Yes,No,29,Yes,Yes,Fiber optic,Yes,No,Yes,Yes,Yes,No,One year,No,Electronic check,98.29,2846.44,No
C7000413,Female,0,No,Yes,23,Yes,No,Fiber optic,Yes,No,No,No,No,No,One year,No,Bank transfer (automatic),75.69,1742.3,No
C7000414,Male,0,Yes,Yes,7,Yes,No,DSL,No,No,Yes,No,Yes,No,One year,Yes,Bank transfer (automatic),58.03,444.55,No
C7000415,Male,0,No,Yes,29,Yes,Yes,DSL,No,No,Yes,Yes,Yes,No,One year,Yes,Bank transfer (automatic),67.29,1933.14,No
C7000416,Male,0,No,Yes,61,Yes,No,Fiber optic,No,Yes,No,No,No,No,Month-to-month,Yes,Electronic check,72.85,4442.61,Yes
C7000417,Female,0,No,No,44,No,No phone service,Fiber optic,No,No,No,No,No,Yes,Two year,Yes,Credit card (automatic),67.65,2982.55,No
C7000418,Male,0,No,No,9,Yes,No,No,No internet service,No internet service,No internet service,No internet service,No internet service,No internet service,One year,Yes,Electronic check,20.04,180.88,Yes
C7000419,Female,0,No,No,62,Yes,No,Fiber optic,Yes,Yes,Yes,Yes,Yes,No,One year,Yes,Electronic check,91.28,5661.83,No
C7000420,Female,1,No,No,15,Yes,No,Fiber optic,No,Yes,Yes,No,Yes,Yes,Two year,Yes,Credit card (automatic),95.94,1414.74,Yes
C7000421,Male,1,Yes,Yes,44,Yes,No,No,No internet service,No internet service,No internet service,No internet service,No internet service,No internet service,Month-to-month,Yes,Credit card (automatic),23.64,1044.38,No
C7000422,Male,0,No,No,41,Yes,No,Fiber optic,Yes,No,No,No,No,No,Month-to-month,No,Mailed check,75.65,3085.65,No
C7000423,Male,0,No,No,53,No,No phone service,No,No internet service,No internet service,No internet service,No internet service,No internet service,No internet service,Month-to-month,No,Mailed check,18.11,959.05,No
C7000424,Female,0,No,Yes,55,Yes,No,DSL,No,No,Yes,No,Yes,Yes,One year,Yes,Electronic check,68.3,3755.4,No
C7000425,Female,0,No,Yes,21,Yes,No,DSL,Yes,No,No,No,No,No,Month-to-month,No,Credit card (automatic),57.39,1225.43,Yes
C7000426,Male,0,No,No,56,Yes,No,Fiber optic,No,No,No,No,No,Yes,Two year,Yes,Mailed check,73.28,4068.04,No
C7000427,Female,0,No,Yes,42,Yes,No,Fiber optic,No,Yes,Yes,No,Yes,No,Month-to-month,Yes,Mailed check,82.37,3427.95,No
C7000428,Male,0,No,Yes,25,Yes,No,Fiber optic,No,No,Yes,No,No,Yes,Month-to-month,Yes,Mailed check,76.41,1900.7,Yes
C7000429,Female,0,No,No,7,No,No phone service,Fiber optic,No,Yes,Yes,Yes,No,Yes,Two year,No,Electronic check,82.45,590.6,No
C7000430,Female,0,No,No,41,Yes,No,Fiber optic,No,No,No,Yes,No,Yes,Two year,No,Mailed check,81.54,3347.83,No
C7000431,Female,0,Yes,Yes,33,No,No phone service,Fiber optic,Yes,No,Yes,No,Yes,No,Two year,No,Electronic check,78.68,2596.26,No
C7000432,Female,0,Yes,No,34,Yes,Yes,DSL,Yes,No,No,No,No,Yes,Month-to-month,Yes,Credit card (automatic),62.38,2141.41,No
C7000433,Female,0,No,Yes,50,Yes,No,Fiber optic,Yes,Yes,Yes,No,Yes,Yes,Two year,No,Electronic check,92.82,4628.8,No
C7000434,Male,0,Yes,No,51,Yes,No,Fiber optic,No,Yes,No,No,No,No,Month-to-month,Yes,Bank transfer (automatic),78.66,4003.2,No
C7000435,Male,0,Yes,No,13,Yes,Yes,DSL,Yes,Yes,Yes,Yes,No,No,One year,Yes,Bank transfer (automatic),73.41,962.53,No
C7000436,Male,1,Yes,No,21,Yes,No,DSL,No,Yes,No,Yes,Yes,No,Month-to-month,No,Electronic check,66.48,1401.36,Yes
C7000437,Male,0,No,No,65,Yes,Yes,Fiber optic,No,No,No,No,Yes,No,Month-to-month,Yes,Credit card (automatic),80.86,5245.36,No
C7000438,Female,1,No,No,43,Yes,No,No,No internet service,No internet service,No internet service,No internet service,No internet service,No internet service,Month-to-month,No,Bank transfer (automatic),25.26,1078.03,No
C7000439,Female,0,No,No,30,Yes,Yes,DSL,No,Yes,Yes,No,Yes,No,Month-to-month,Yes,Bank transfer (automatic),68.29,2037.18,Yes
C7000440,Female,0,No,No,70,Yes,No,DSL,No,No,No,No,No,Yes,Month-to-month,Yes,Bank transfer (automatic),58.8,4096.65,No
C7000441,Male,0,No,No,48,Yes,No,DSL,No,Yes,No,Yes,Yes,Yes,Month-to-month,No,Bank transfer (automatic),71.34,3415.91,No
C7000442,Female,0,Yes,No,62,Yes,No,DSL,No,Yes,No,Yes,Yes,No,Month-to-month,Yes,Electronic check,64.41,3963.2,No
C7000443,Male,0,Yes,No,34,Yes,Yes,Fiber optic,Yes,Yes,No,Yes,Yes,No,Month-to-month,Yes,Mailed check,92.73,3150.65,No
C7000444,Male,0,Yes,Yes,11,Yes,No,DSL,Yes,No,Yes,Yes,No,No,Month-to-month,Yes,Credit card (automatic),62.51,684.81,Yes
C7000445,Female,0,Yes,No,53,Yes,No,Fiber optic,Yes,No,Yes,No,Yes,Yes,Two year,No,Electronic check,93.53,4958.68,No
C7000446,Female,0,No,Yes,59,Yes,Yes,No,No internet service,No internet service,No internet service,No internet service,No internet service,No internet service,Two year,No,Mailed check,32.27,1922.69,No
C7000447,Female,1,Yes,No,42,Yes,Yes,Fiber optic,Yes,Yes,No,No,No,Yes,One year,No,Credit card (automatic),95.48,4008.27,No
C7000448,Male,1,No,No,31,Yes,No,Fiber optic,Yes,No,No,Yes,No,Yes,One year,Yes,Bank transfer (automatic),85.72,2644.39,No
C7000449,Female,0,No,No,8,Yes,Yes,No,No internet service,No internet service,No internet service,No internet service,No internet service,No internet service,Month-to-month,No,Mailed check,31.6,248.94,No
C7000450,Male,0,Yes,Yes,17,Yes,Yes,Fiber optic,No,Yes,Yes,Yes,No,No,One year,No,Electronic check,83.13,1397.98,No
C7000451,Female,1,No,No,67,Yes,Yes,DSL,Yes,No,No,Yes,Yes,Yes,Two year,No,Electronic check,76.68,5144.65,No
C7000452,Female,0,No,No,12,Yes,Yes,DSL,No,Yes,No,Yes,No,No,One year,Yes,Credit card (automatic),67.76,825.04,No
C7000453,Male,0,No,No,48,Yes,No,No,No internet service,No internet service,No internet service,No internet service,No internet service,No internet service,Month-to-month,Yes,Credit card (automatic),29.28,1417.87,Yes
C7000454,Male,0,No,No,48,Yes,No,No,No internet service,No internet service,No internet service,No internet service,No internet service,No internet service,Month-to-month,Yes,Bank transfer (automatic),18.0,883.75,No
C7000455,Male,0,No,Yes,34,Yes,No,DSL,No,Yes,No,No,Yes,No,One year,Yes,Credit card (automatic),54.91,1843.1,No
C7000456,Female,0,No,No,72,Yes,Yes,Fiber optic,No,No,No,No,No,No,Month-to-month,Yes,Mailed check,76.66,5512.21,Yes
C7000457,Male,0,No,No,49,Yes,Yes,DSL,Yes,Yes,No,No,No,No,Month-to-month,Yes,Electronic check,65.56,3252.19,No
C7000458,Female,0,Yes,Yes,70,Yes,Yes,DSL,Yes,Yes,Yes,Yes,No,No,Two year,Yes,Electronic check,70.5,4950.32,No
C7000459,Female,0,No,No,19,Yes,No,No,No internet service,No internet service,No internet service,No internet service,No internet service,No internet service,One year,Yes,Bank transfer (automatic),26.27,506.81,No
C7000460,Female,0,No,No,54,Yes,No,Fiber optic,No,Yes,Yes,No,No,Yes,Month-to-month,Yes,Mailed check,84.09,4538.97,No
C7000461,Male,0,Yes,No,56,Yes,No,DSL,No,No,No,Yes,No,Yes,Month-to-month,Yes,Credit card (automatic),57.33,3229.13,No
C7000462,Female,0,Yes,No,67,Yes,Yes,Fiber optic,Yes,Yes,Yes,No,Yes,Yes,Month-to-month,Yes,Electronic check,96.94,6490.2,Yes
C7000463,Male,1,Yes,Yes,30,Yes,Yes,No,No internet service,No internet service,No internet service,No internet service,No internet service,No internet service,Two year,Yes,Credit card (automatic),27.5,816.73,No
C7000464,Female,1,Yes,No,24,No,No phone service,No,No internet service,No internet service,No internet service,No internet service,No internet service,No internet service,Month-to-month,Yes,Credit card (automatic),18.0,435.81,Yes
C7000465,Female,0,Yes,No,58,Yes,Yes,Fiber optic,Yes,No,No,No,No,No,Two year,No,Credit card (automatic),74.99,4347.84,Yes
C7000466,Female,0,Yes,No,52,Yes,Yes,No,No internet service,No internet service,No internet service,No internet service,No internet service,No internet service,Month-to-month,Yes,Credit card (automatic),35.18,1819.07,No
C7000467,Female,0,No,No,20,Yes,Yes,Fiber optic,Yes,Yes,No,No,No,No,Two year,No,Mailed check,89.53,1781.63,No
C7000468,Male,0,No,No,22,Yes,Yes,No,No internet service,No internet service,No internet service,No internet service,No internet service,No internet service,Month-to-month,No,Bank transfer (automatic),33.25,746.92,No
C7000469,Female,0,No,No,57,Yes,Yes,Fiber optic,No,No,Yes,No,No,No,Month-to-month,No,Bank transfer (automatic),79.51,4555.3,No
C7000470,Male,0,Yes,No,41,Yes,No,Fiber optic,Yes,Yes,Yes,No,No,Yes,Two year,No,Credit card (automatic),87.35,3588.92,No
C7000471,Male,0,No,No,66,Yes,No,No,No internet service,No internet service,No internet service,No internet service,No internet service,No internet service,Month-to-month,Yes,Bank transfer (automatic),19.63,1287.04,No
C7000472,Male,0,Yes,No,46,Yes,No,Fiber optic,No,Yes,No,Yes,Yes,No,Month-to-month,Yes,Mailed check,87.01,4000.43,No
C7000473,Male,1,Yes,No,71,Yes,Yes,Fiber optic,Yes,No,No,No,Yes,Yes,Month-to-month,Yes,Credit card (automatic),88.83,6292.21,No
C7000474,Male,0,No,No,23,Yes,Yes,No,No internet service,No internet service,No internet service,No internet service,No internet service,No internet service,Month-to-month,Yes,Mailed check,35.15,790.56,No
C7000475,Male,0,No,No,56,Yes,No,No,No internet service,No internet service,No internet service,No internet service,No internet service,No internet service,Two year,Yes,Electronic check,25.13,1410.7,No
C7000476,Male,0,No,No,13,Yes,No,Fiber optic,Yes,No,No,No,No,No,Month-to-month,No,Electronic check,75.01,973.43,Yes
C7000477,Female,0,No,No,51,Yes,No,Fiber optic,No,No,No,No,No,Yes,Two year,No,Mailed check,72.11,3695.58,No
C7000478,Female,0,No,No,30,Yes,No,No,No internet service,No internet service,No internet service,No internet service,No internet service,No internet service,One year,Yes,Credit card (automatic),30.37,923.27,No
C7000479,Male,0,No,No,37,Yes,No,Fiber optic,Yes,Yes,No,No,No,No,Month-to-month,Yes,Credit card (automatic),73.43,2689.59,Yes
C7000480,Male,0,No,No,58,Yes,No,Fiber optic,No,Yes,Yes,No,Yes,Yes,Month-to-month,No,Mailed check,89.93,5238.32,No
C7000481,Male,0,Yes,Yes,7,Yes,Yes,DSL,No,No,Yes,Yes,No,Yes,Two year,No,Electronic check,67.62,466.87,No
C7000482,Female,0,Yes,Yes,16,No,No phone service,DSL,No,No,Yes,Yes,Yes,Yes,One year,No,Bank transfer (automatic),67.6,1073.76,No
C7000483,Male,0,No,No,40,Yes,No,DSL,Yes,No,Yes,Yes,Yes,No,Two year,Yes,Credit card (automatic),69.96,2795.2,No
C7000484,Male,0,No,Yes,30,Yes,No,Fiber optic,Yes,No,No,Yes,Yes,No,Two year,Yes,Electronic check,82.44,2471.76,Yes
C7000485,Male,0,Yes,No,41,No,No phone service,Fiber optic,No,Yes,No,No,No,No,Month-to-month,No,Mailed check,70.65,2875.35,No
C7000486,Male,0,Yes,Yes,31,Yes,No,DSL,Yes,No,Yes,No,No,Yes,One year,No,Credit card (automatic),68.7,2137.95,No
C7000487,Male,0,Yes,Yes,4,Yes,Yes,DSL,Yes,Yes,No,No,No,Yes,Month-to-month,No,Mailed check,70.95,276.09,Yes
C7000488,Female,0,No,No,68,Yes,No,Fiber optic,Yes,No,Yes,No,No,No,Two year,No,Bank transfer (automatic),81.86,5549.53,No
C7000489,Female,0,Yes,No,50,Yes,Yes,DSL,Yes,Yes,No,No,No,Yes,Month-to-month,No,Electronic check,73.05,3667.84,No
C7000490,Female,0,No,No,44,Yes,Yes,No,No internet service,No internet service,No internet service,No internet service,No internet service,No internet service,Month-to-month,Yes,Mailed check,28.83,1251.05,No
C7000491,Female,0,Yes,No,10,No,No phone service,DSL,Yes,Yes,Yes,No,No,Yes,Month-to-month,No,Electronic check,69.97,705.12,No
C7000492,Female,1,Yes,Yes,14,Yes,Yes,No,No internet service,No internet service,No internet service,No internet service,No internet service,No internet service,One year,Yes,Electronic check,29.86,411.16,No
C7000493,Male,0,Yes,Yes,43,Yes,No,Fiber optic,Yes,No,No,No,No,Yes,Two year,No,Credit card (automatic),79.73,3447.27,No
C7000494,Female,0,No,No,3,Yes,No,No,No internet service,No internet service,No internet service,No internet service,No internet service,No internet service,Month-to-month,No,Credit card (automatic),30.85,102.28,No
C7000495,Female,0,Yes,No,34,Yes,Yes,Fiber optic,No,No,Yes,No,Yes,No,Two year,Yes,Mailed check,84.26,2880.07,Yes
C7000496,Male,0,Yes,No,64,Yes,Yes,No,No internet service,No internet service,No internet service,No internet service,No internet service,No internet service,Month-to-month,Yes,Mailed check,32.02,2019.34,No
C7000497,Female,1,No,No,63,No,No phone service,Fiber optic,No,No,Yes,No,Yes,Yes,Two year,No,Credit card (automatic),74.74,4699.96,Yes
C7000498,Male,0,No,No,37,Yes,Yes,Fiber optic,No,Yes,No,Yes,No,Yes,Month-to-month,No,Mailed check,85.78,3170.74,No
C7000499,Female,0,Yes,No,16,Yes,No,DSL,No,Yes,Yes,Yes,No,No,Month-to-month,No,Mailed check,68.0,1092.88,Yes
C7000500,Female,1,No,Yes,5,Yes,No,Fiber optic,Yes,Yes,No,No,Yes,No,Month-to-month,Yes,Electronic check,83.06,433.91,Yes
C7000501,Female,0,Yes,Yes,12,Yes,Yes,DSL,No,Yes,Yes,No,Yes,No,Month-to-month,Yes,Mailed check,72.12,840.01,No
C7000502,Female,0,No,Yes,20,Yes,No,No,No internet service,No internet service,No internet service,No internet service,No internet service,No internet service,Two year,Yes,Credit card (automatic),29.18,587.51,No
C7000503,Male,0,Yes,No,40,Yes,No,Fiber optic,No,Yes,No,Yes,Yes,Yes,One year,Yes,Mailed check,86.65,3452.82,No
C7000504,Female,0,No,No,52,Yes,Yes,Fiber optic,No,No,No,No,Yes,No,Two year,Yes,Electronic check,87.33,4537.4,No
C7000505,Female,0,No,Yes,33,Yes,No,DSL,No,No,No,No,Yes,No,Month-to-month,Yes,Electronic check,52.14,1704.42,Yes
C7000506,Male,0,No,Yes,60,Yes,Yes,DSL,No,No,No,No,No,Yes,Month-to-month,No,Bank transfer (automatic),61.15,3709.2,Yes
C7000507,Female,1,No,Yes,11,Yes,No,Fiber optic,Yes,Yes,No,Yes,Yes,Yes,Month-to-month,Yes,Bank transfer (automatic),98.38,1093.05,Yes
C7000508,Male,0,Yes,No,30,Yes,No,Fiber optic,No,Yes,No,No,Yes,Yes,Two year,No,Electronic check,86.05,2578.21,No
C7000509,Male,0,No,No,44,Yes,Yes,Fiber optic,No,Yes,No,Yes,No,No,Month-to-month,Yes,Mailed check,87.04,3819.79,No
C7000510,Male,0,Yes,No,3,Yes,Yes,No,No internet service,No internet service,No internet service,No internet service,No internet service,No internet service,One year,Yes,Electronic check,28.07,94.67,No
C7000511,Female,0,Yes,No,66,Yes,No,DSL,Yes,Yes,No,No,No,Yes,Month-to-month,Yes,Electronic check,63.95,4217.44,No
C7000512,Male,1,No,Yes,72,Yes,No,Fiber optic,Yes,No,No,Yes,Yes,Yes,Month-to-month,No,Electronic check,91.13,6566.98,No
C7000513,Male,0,No,No,54,Yes,No,DSL,Yes,No,Yes,No,No,No,One year,Yes,Mailed check,62.04,3354.88,No
C7000514,Male,0,No,No,51,Yes,No,Fiber optic,No,No,Yes,No,Yes,No,Month-to-month,Yes,Credit card (automatic),76.12,3874.94,Yes
C7000515,Male,1,No,Yes,15,Yes,No,Fiber optic,No,Yes,No,No,Yes,Yes,Two year,Yes,Credit card (automatic),86.59,1308.0,No
C7000516,Male,1,No,No,13,No,No phone service,Fiber optic,No,Yes,Yes,No,Yes,No,Month-to-month,Yes,Electronic check,78.43,1009.81,Yes
C7000517,Female,1,No,No,17,Yes,Yes,Fiber optic,No,No,No,Yes,Yes,Yes,Month-to-month,No,Electronic check,87.9,1477.39,Yes
C7000518,Male,0,No,Yes,9,Yes,Yes,DSL,Yes,No,No,Yes,Yes,No,Two year,No,Mailed check,73.86,668.49,No
C7000519,Female,0,No,No,40,Yes,No,DSL,No,Yes,Yes,No,Yes,Yes,Two year,No,Electronic check,69.42,2792.02,No
C7000520,Female,0,Yes,No,69,Yes,No,DSL,No,No,No,No,Yes,No,Month-to-month,No,Bank transfer (automatic),54.93,3770.85,No
C7000521,Male,0,No,No,49,Yes,No,Fiber optic,No,Yes,No,Yes,Yes,Yes,Month-to-month,No,Bank transfer (automatic),91.5,4517.58,No
C7000522,Male,1,No,No,64,Yes,No,DSL,No,No,No,No,No,Yes,Month-to-month,No,Bank transfer (automatic),56.81,3619.81,Yes
C7000523,Female,0,No,Yes,71,Yes,No,Fiber optic,No,No,Yes,No,Yes,No,Month-to-month,No,Credit card (automatic),79.9,5677.41,No
C7000524,Male,0,Yes,No,48,Yes,Yes,Fiber optic,No,No,No,No,No,No,Month-to-month,No,Electronic check,74.99,3635.18,No
C7000525,Male,1,Yes,Yes,7,Yes,No,Fiber optic,Yes,No,Yes,No,No,No,Two year,Yes,Bank transfer (automatic),77.66,523.67,No
C7000526,Female,1,Yes,Yes,67,Yes,No,Fiber optic,No,Yes,No,No,No,Yes,Two year,No,Bank transfer (automatic),80.59,5382.57,No
C7000527,Female,0,Yes,Yes,39,Yes,No,No,No internet service,No internet service,No internet service,No internet service,No internet service,No internet service,Two year,Yes,Bank transfer (automatic),25.93,1031.81,No
C7000528,Female,1,No,No,39,Yes,No,No,No internet service,No internet service,No internet service,No internet service,No internet service,No internet service,Two year,Yes,Electronic check,28.02,1116.53,No
C7000529,Male,0,Yes,No,72,No,No phone service,Fiber optic,Yes,Yes,No,No,No,No,One year,Yes,Electronic check,78.5,5626.41,No
C7000530,Female,0,Yes,No,49,Yes,No,No,No internet service,No internet service,No internet service,No internet service,No internet service,No internet service,Month-to-month,Yes,Bank transfer (automatic),23.07,1119.27,No
C7000531,Female,0,No,No,8,Yes,Yes,No,No internet service,No internet service,No internet service,No internet service,No internet service,No internet service,Month-to-month,No,Electronic check,33.14,258.12,No
C7000532,Male,1,Yes,No,55,Yes,No,DSL,Yes,No,Yes,No,No,No,One year,Yes,Credit card (automatic),56.84,3117.57,No
C7000533,Female,1,Yes,No,70,Yes,No,Fiber optic,Yes,Yes,No,No,Yes,No,One year,Yes,Credit card (automatic),85.8,6011.88,No
C7000534,Male,0,No,No,17,Yes,Yes,Fiber optic,Yes,Yes,No,No,No,Yes,Month-to-month,Yes,Credit card (automatic),93.55,1592.23,Yes
C7000535,Male,0,No,Yes,33,Yes,Yes,No,No internet service,No internet service,No internet service,No internet service,No internet service,No internet service,One year,Yes,Bank transfer (automatic),33.93,1096.83,No
C7000536,Female,0,No,Yes,7,Yes,Yes,No,No internet service,No internet service,No internet service,No internet service,No internet service,No internet service,One year,Yes,Credit card (automatic),31.62,242.63,No
C7000537,Male,0,No,No,52,Yes,No,Fiber optic,No,No,Yes,No,Yes,No,Month-to-month,Yes,Credit card (automatic),83.48,4320.79,No
C7000538,Male,1,No,No,10,Yes,Yes,Fiber optic,No,No,No,Yes,Yes,No,Month-to-month,Yes,Bank transfer (automatic),86.24,871.38,No
C7000539,Female,0,Yes,Yes,31,Yes,No,Fiber optic,No,Yes,No,Yes,No,No,Month-to-month,Yes,Mailed check,78.56,2400.31,No
C7000540,Female,0,No,No,47,Yes,No,Fiber optic,Yes,Yes,No,Yes,Yes,No,Month-to-month,Yes,Credit card (automatic),93.69,4388.01,No
C7000541,Female,0,No,No,61,Yes,Yes,Fiber optic,No,No,No,No,Yes,Yes,Month-to-month,Yes,Electronic check,77.93,4737.64,Yes
C7000542,Female,0,No,No,23,Yes,No,Fiber optic,No,No,No,Yes,Yes,Yes,Month-to-month,Yes,Mailed check,86.66,2025.04,Yes
C7000543,Female,0,Yes,Yes,66,No,No phone service,No,No internet service,No internet service,No internet service,No internet service,No internet service,No internet service,Month-to-month,Yes,Electronic check,18.72,1226.08,No
C7000544,Male,1,Yes,Yes,1,Yes,No,Fiber optic,No,No,No,No,No,Yes,Month-to-month,Yes,Mailed check,75.07,81.26,Yes
C7000545,Male,0,Yes,No,12,Yes,Yes,DSL,No,Yes,No,No,Yes,No,Month-to-month,Yes,Bank transfer (automatic),72.02,875.94,Yes
C7000546,Male,0,No,No,8,Yes,No,DSL,Yes,Yes,Yes,No,Yes,No,Month-to-month,No,Mailed check,71.94,585.18,Yes
C7000547,Male,0,No,No,54,Yes,No,Fiber optic,Yes,Yes,No,No,No,Yes,One year,No,Electronic check,83.22,4486.38,No
C7000548,Female,1,Yes,Yes,26,Yes,No,Fiber optic,No,No,Yes,Yes,No,Yes,Month-to-month,Yes,Electronic check,79.6,2064.63,Yes
C7000549,Male,0,No,Yes,1,Yes,Yes,Fiber optic,Yes,Yes,Yes,No,No,Yes,Month-to-month,No,Electronic check,92.57,102.64,Yes
C7000550,Male,0,No,No,57,Yes,No,Fiber optic,No,Yes,Yes,No,No,No,Month-to-month,No,Electronic check,82.83,4724.1,No
C7000551,Male,0,No,Yes,20,No,No phone service,No,No internet service,No internet service,No internet service,No internet service,No internet service,No internet service,Month-to-month,Yes,Electronic check,18.58,396.5,Yes
C7000552,Male,1,Yes,No,49,Yes,No,No,No internet service,No internet service,No internet service,No internet service,No internet service,No internet service,Month-to-month,Yes,Mailed check,24.63,1172.17,No
C7000553,Female,0,No,No,40,Yes,No,Fiber optic,No,Yes,No,Yes,Yes,Yes,Month-to-month,Yes,Electronic check,89.12,3581.42,No
C7000554,Male,0,No,No,8,Yes,Yes,Fiber optic,Yes,Yes,No,No,No,No,Month-to-month,Yes,Mailed check,82.19,661.33,Yes
C7000555,Male,0,No,Yes,44,Yes,No,Fiber optic,Yes,Yes,No,Yes,No,Yes,Month-to-month,Yes,Mailed check,95.44,4226.61,No
C7000556,Male,0,No,No,62,Yes,Yes,Fiber optic,No,No,No,No,No,Yes,One year,Yes,Credit card (automatic),80.65,5035.8,No
C7000557,Male,1,No,No,26,Yes,No,DSL,No,No,Yes,Yes,No,Yes,Month-to-month,No,Mailed check,66.29,1722.54,Yes
C7000558,Female,1,Yes,No,60,Yes,No,Fiber optic,No,Yes,Yes,Yes,Yes,No,Month-to-month,No,Bank transfer (automatic),95.5,5736.86,No
C7000559,Male,0,No,No,19,Yes,No,Fiber optic,No,Yes,Yes,No,Yes,No,Month-to-month,No,Mailed check,84.47,1599.34,Yes
C7000560,Male,0,Yes,No,20,Yes,No,Fiber optic,No,No,No,No,Yes,Yes,Month-to-month,Yes,Bank transfer (automatic),78.64,1588.72,Yes
C7000561,Male,1,No,Yes,12,Yes,No,Fiber optic,Yes,No,Yes,No,No,Yes,Month-to-month,Yes,Electronic check,85.18,1038.43,No
C7000562,Female,1,No,No,15,Yes,Yes,DSL,Yes,Yes,No,No,Yes,Yes,Two year,Yes,Credit card (automatic),70.94,1059.32,No
C7000563,Female,0,No,No,17,Yes,No,DSL,Yes,No,Yes,No,Yes,Yes,Month-to-month,Yes,Electronic check,70.66,1212.94,No
C7000564,Female,0,No,No,47,Yes,No,No,No internet service,No internet service,No internet service,No internet service,No internet service,No internet service,Two year,No,Mailed check,24.84,1166.64,No
C7000565,Female,0,Yes,No,9,Yes,No,Fiber optic,Yes,Yes,Yes,Yes,Yes,Yes,Month-to-month,No,Bank transfer (automatic),99.37,881.85,No
C7000566,Female,1,Yes,No,39,Yes,Yes,DSL,No,No,Yes,No,No,Yes,Month-to-month,Yes,Mailed check,68.24,2666.06,No
C7000567,Male,0,No,Yes,19,Yes,Yes,Fiber optic,No,No,Yes,No,No,Yes,Month-to-month,No,Electronic check,85.6,1635.06,Yes
C7000568,Male,0,Yes,Yes,10,Yes,Yes,DSL,Yes,Yes,No,No,No,No,One year,Yes,Mailed check,65.96,669.23,Yes
C7000569,Female,0,Yes,No,59,Yes,Yes,Fiber optic,No,No,Yes,No,Yes,No,Two year,No,Mailed check,86.08,5065.57,No
C7000570,Male,0,No,No,39,Yes,Yes,DSL,No,No,Yes,No,Yes,Yes,One year,Yes,Mailed check,71.28,2776.98,No
C7000571,Female,0,Yes,Yes,20,Yes,Yes,No,No internet service,No internet service,No internet service,No internet service,No internet service,No internet service,Month-to-month,Yes,Electronic check,29.25,560.91,No
C7000572,Male,0,Yes,No,46,Yes,No,DSL,Yes,No,No,No,No,No,One year,Yes,Mailed check,50.36,2318.95,No
C7000573,Female,0,Yes,No,66,Yes,No,Fiber optic,No,Yes,Yes,No,Yes,Yes,Month-to-month,No,Electronic check,87.48,5775.29,No
C7000574,Female,0,No,No,20,Yes,Yes,Fiber optic,Yes,Yes,No,No,No,No,One year,No,Electronic check,84.11,1661.2,Yes
C7000575,Male,0,Yes,Yes,17,Yes,No,DSL,Yes,No,Yes,No,No,Yes,Month-to-month,Yes,Bank transfer (automatic),67.01,1117.73,No
C7000576,Female,1,No,Yes,49,No,No phone service,DSL,No,No,Yes,No,No,Yes,Two year,Yes,Electronic check,56.22,2763.66,No
C7000577,Female,0,No,No,35,Yes,Yes,DSL,No,Yes,No,No,No,No,Two year,Yes,Electronic check,64.03,2260.53,No
C7000578,Female,0,Yes,No,49,Yes,No,DSL,No,No,No,Yes,No,No,Month-to-month,No,Mailed check,55.18,2691.47,No
C7000579,Male,0,No,Yes,12,No,No phone service,Fiber optic,Yes,No,Yes,No,Yes,Yes,Month-to-month,Yes,Electronic check,92.88,1112.71,Yes
C7000580,Male,0,Yes,No,68,Yes,Yes,No,No internet service,No internet service,No internet service,No internet service,No internet service,No internet service,Month-to-month,No,Electronic check,33.66,2266.62,No
C7000581,Female,0,No,No,1,Yes,No,Fiber optic,Yes,Yes,Yes,Yes,No,Yes,Two year,Yes,Electronic check,92.89,106.47,No
C7000582,Male,0,Yes,No,19,Yes,Yes,Fiber optic,Yes,No,No,No,Yes,Yes,Month-to-month,No,Mailed check,89.6,1724.86,No
C7000583,Male,1,Yes,No,45,Yes,Yes,Fiber optic,Yes,Yes,No,Yes,Yes,No,Month-to-month,Yes,Bank transfer (automatic),93.56,4193.22,No
C7000584,Female,1,Yes,No,37,Yes,Yes,DSL,Yes,Yes,No,No,Yes,Yes,One year,Yes,Electronic check,77.03,2828.98,No
C7000585,Female,0,Yes,No,24,Yes,Yes,Fiber optic,No,No,Yes,No,No,Yes,Month-to-month,No,Mailed check,86.72,2078.31,Yes
C7000586,Male,0,No,No,71,Yes,No,No,No internet service,No internet service,No internet service,No internet service,No internet service,No internet service,One year,Yes,Electronic check,27.08,1925.79,No
C7000587,Male,0,Yes,Yes,25,Yes,No,DSL,Yes,Yes,No,No,Yes,No,Month-to-month,Yes,Mailed check,59.01,1456.05,Yes
C7000588,Male,0,No,No,49,Yes,Yes,DSL,No,No,No,No,No,Yes,Two year,Yes,Electronic check,57.7,2808.96,No
C7000589,Male,1,Yes,No,29,Yes,No,DSL,Yes,Yes,Yes,Yes,Yes,No,Two year,No,Credit card (automatic),72.07,2105.68,No
C7000590,Female,0,No,No,32,Yes,No,Fiber optic,No,Yes,Yes,No,Yes,Yes,Month-to-month,Yes,Electronic check,90.28,2863.79,Yes
C7000591,Male,0,No,No,56,Yes,Yes,No,No internet service,No internet service,No internet service,No internet service,No internet service,No internet service,Month-to-month,Yes,Mailed check,26.93,1485.31,No
C7000592,Male,0,Yes,No,25,Yes,No,Fiber optic,Yes,Yes,No,No,Yes,No,Month-to-month,No,Electronic check,83.15,2076.36,No
C7000593,Female,0,No,Yes,29,Yes,No,Fiber optic,Yes,No,No,No,Yes,No,Month-to-month,Yes,Electronic check,76.24,2238.87,No
C7000594,Male,1,No,No,57,Yes,Yes,Fiber optic,No,No,Yes,No,Yes,No,One year,Yes,Credit card (automatic),85.48,4864.69,No
C7000595,Male,0,No,Yes,6,No,No phone service,No,No internet service,No internet service,No internet service,No internet service,No internet service,No internet service,Two year,No,Bank transfer (automatic),25.44,134.82,No
C7000596,Female,0,No,Yes,31,Yes,No,Fiber optic,No,Yes,Yes,Yes,No,No,Month-to-month,No,Electronic check,87.27,2713.35,No
C7000597,Female,0,No,No,20,Yes,Yes,DSL,No,Yes,Yes,No,No,Yes,Two year,Yes,Electronic check,73.09,1478.7,No
C7000598,Female,1,Yes,No,35,Yes,Yes,DSL,No,Yes,No,No,Yes,Yes,Month-to-month,No,Credit card (automatic),76.09,2683.63,No
C7000599,Female,0,No,No,42,Yes,No,DSL,No,Yes,Yes,No,Yes,No,Two year,No,Bank transfer (automatic),67.46,2839.04,No
C7000600,Male,0,Yes,No,31,Yes,No,No,No internet service,No internet service,No internet service,No internet service,No internet service,No internet service,Month-to-month,Yes,Electronic check,26.48,829.82,Yes
C7000601,Female,0,No,No,72,Yes,Yes,Fiber optic,No,Yes,Yes,No,No,No,Month-to-month,Yes,Electronic check,79.75,5751.23,No
C7000602,Female,0,No,No,66,Yes,No,DSL,Yes,Yes,Yes,Yes,No,Yes,One year,No,Mailed check,77.96,5148.48,No
C7000603,Female,0,No,No,10,Yes,Yes,No,No internet service,No internet service,No internet service,No internet service,No internet service,No internet service,Two year,No,Mailed check,28.53,312.77,No
C7000604,Female,0,No,Yes,46,Yes,No,No,No internet service,No internet service,No internet service,No internet service,No internet service,No internet service,Two year,No,Credit card (automatic),26.23,1207.64,No
C7000605,Female,0,Yes,No,23,Yes,No,DSL,No,Yes,No,Yes,Yes,Yes,Two year,No,Bank transfer (automatic),72.31,1662.03,No
C7000606,Female,0,No,No,52,Yes,Yes,DSL,No,No,No,No,No,No,Two year,Yes,Credit card (automatic),54.42,2843.0,No
C7000607,Male,0,Yes,Yes,35,Yes,No,No,No internet service,No internet service,No internet service,No internet service,No internet service,No internet service,Month-to-month,No,Electronic check,25.31,889.06,No
C7000608,Female,0,No,Yes,69,Yes,Yes,DSL,No,No,No,No,Yes,Yes,Two year,No,Electronic check,60.22,4184.27,No
C7000609,Male,0,No,Yes,68,Yes,No,DSL,Yes,No,No,No,No,No,Month-to-month,Yes,Bank transfer (automatic),51.57,3536.63,No
C7000610,Female,0,Yes,No,4,Yes,No,Fiber optic,No,No,Yes,No,Yes,No,Month-to-month,Yes,Credit card (automatic),80.04,305.94,Yes
C7000611,Female,0,No,No,7,Yes,No,Fiber optic,No,No,No,No,No,Yes,Two year,Yes,Credit card (automatic),69.01,495.32,No
C7000612,Female,0,Yes,No,1,Yes,No,Fiber optic,No,No,No,No,No,Yes,Month-to-month,No,Mailed check,79.96,80.64,No
C7000613,Female,0,No,Yes,57,Yes,Yes,DSL,No,Yes,No,Yes,Yes,Yes,Month-to-month,No,Mailed check,74.53,4253.31,No
C7000614,Male,0,No,No,16,Yes,Yes,Fiber optic,Yes,Yes,No,No,No,Yes,Month-to-month,Yes,Electronic check,91.01,1473.77,Yes
C7000615,Female,0,No,No,52,Yes,Yes,No,No internet service,No internet service,No internet service,No internet service,No internet service,No internet service,One year,Yes,Bank transfer (automatic),25.43,1318.26,No
C7000616,Female,0,No,No,24,Yes,No,DSL,Yes,No,No,No,No,Yes,Month-to-month,No,Bank transfer (automatic),57.82,1375.48,No
C7000617,Male,0,Yes,No,22,Yes,No,DSL,Yes,No,No,No,Yes,Yes,One year,No,Bank transfer (automatic),63.98,1398.9,No
C7000618,Male,1,Yes,No,44,Yes,No,Fiber optic,No,Yes,Yes,Yes,Yes,Yes,One year,Yes,Electronic check,88.94,3911.18,No
C7000619,Male,0,Yes,No,56,Yes,Yes,DSL,No,No,No,Yes,Yes,No,One year,No,Mailed check,65.97,3664.28,No
C7000620,Female,1,Yes,No,41,Yes,No,Fiber optic,Yes,No,Yes,Yes,Yes,Yes,Two year,Yes,Credit card (automatic),98.54,4034.74,No
C7000621,Male,0,Yes,No,41,Yes,Yes,DSL,No,Yes,Yes,No,No,No,One year,Yes,Bank transfer (automatic),64.92,2661.44,No
C7000622,Female,0,No,No,53,Yes,No,No,No internet service,No internet service,No internet service,No internet service,No internet service,No internet service,Month-to-month,No,Mailed check,25.25,1351.66,No
C7000623,Male,0,No,No,12,Yes,Yes,DSL,Yes,Yes,Yes,No,No,No,Month-to-month,Yes,Credit card (automatic),69.36,823.18,Yes
C7000624,Female,0,Yes,Yes,43,No,No phone service,DSL,No,Yes,No,Yes,Yes,Yes,One year,Yes,Mailed check,62.47,2692.32,No
C7000625,Male,0,No,No,20,Yes,No,DSL,No,Yes,Yes,Yes,No,No,Month-to-month,Yes,Bank transfer (automatic),65.06,1302.23,Yes
C7000626,Female,0,No,No,11,Yes,Yes,DSL,Yes,Yes,No,Yes,Yes,No,Month-to-month,Yes,Bank transfer (automatic),75.3,840.98,Yes
C7000627,Male,1,Yes,No,23,Yes,No,Fiber optic,No,No,No,No,Yes,Yes,Month-to-month,Yes,Credit card (automatic),81.61,1894.47,No
C7000628,Female,0,No,No,14,Yes,No,Fiber optic,No,Yes,No,No,Yes,No,Month-to-month,Yes,Electronic check,77.46,1078.11,Yes
C7000629,Female,1,Yes,No,23,Yes,Yes,No,No internet service,No internet service,No internet service,No internet service,No internet service,No internet service,Month-to-month,Yes,Bank transfer (automatic),29.91,705.43,No
C7000630,Female,0,No,No,1,Yes,Yes,Fiber optic,Yes,Yes,No,No,Yes,No,One year,Yes,Electronic check,88.34,103.02,Yes
C7000631,Female,0,No,No,54,No,No phone service,Fiber optic,No,No,No,No,Yes,Yes,Two year,No,Mailed check,73.96,3988.76,No
C7000632,Male,0,Yes,No,25,Yes,No,No,No internet service,No internet service,No internet service,No internet service,No internet service,No internet service,Month-to-month,No,Mailed check,25.91,663.66,No
C7000633,Male,0,Yes,Yes,48,Yes,Yes,DSL,No,Yes,Yes,No,Yes,No,Month-to-month,Yes,Credit card (automatic),63.29,3041.77,No
C7000634,Male,1,No,Yes,54,Yes,Yes,Fiber optic,Yes,No,Yes,No,Yes,Yes,Month-to-month,Yes,Electronic check,97.99,5302.14,No
C7000635,Male,1,Yes,No,59,Yes,Yes,Fiber optic,Yes,Yes,Yes,No,Yes,Yes,Two year,No,Electronic check,100.87,5959.94,No
C7000636,Female,1,No,No,5,Yes,No,DSL,No,Yes,Yes,No,No,Yes,Two year,Yes,Bank transfer (automatic),68.91,336.69,No
C7000637,Female,1,No,No,37,Yes,Yes,Fiber optic,Yes,Yes,No,No,No,No,Two year,Yes,Electronic check,77.93,2874.23,No
C7000638,Female,0,Yes,No,30,Yes,Yes,No,No internet service,No internet service,No internet service,No internet service,No internet service,No internet service,Two year,No,Electronic check,32.53,995.64,No
C7000639,Female,0,No,No,25,Yes,Yes,Fiber optic,Yes,No,No,No,Yes,Yes,One year,Yes,Credit card (automatic),86.96,2167.13,No
C7000640,Female,1,No,No,58,Yes,No,Fiber optic,No,Yes,No,No,No,Yes,Month-to-month,Yes,Electronic check,82.5,4754.85,Yes
C7000641,Female,0,Yes,No,4,Yes,No,Fiber optic,No,No,No,No,No,No,Month-to-month,Yes,Bank transfer (automatic),72.39,278.89,Yes
C7000642,Male,0,No,No,22,Yes,Yes,Fiber optic,No,Yes,No,Yes,No,Yes,Two year,Yes,Mailed check,95.4,2117.23,No
C7000643,Male,0,No,No,57,Yes,No,DSL,Yes,No,No,No,Yes,No,Month-to-month,No,Bank transfer (automatic),61.17,3508.65,No
C7000644,Female,0,No,Yes,28,Yes,No,DSL,No,No,Yes,Yes,No,Yes,One year,No,Mailed check,58.79,1663.22,No
C7000645,Female,0,Yes,No,5,Yes,No,DSL,No,Yes,Yes,No,Yes,Yes,Month-to-month,Yes,Credit card (automatic),68.44,336.34,Yes
C7000646,Male,0,Yes,Yes,12,Yes,Yes,Fiber optic,Yes,No,No,No,No,Yes,One year,No,Electronic check,86.22,1029.61,No
C7000647,Female,0,No,Yes,22,Yes,Yes,DSL,Yes,No,No,No,Yes,No,Month-to-month,No,Bank transfer (automatic),65.19,1440.03,Yes
C7000648,Female,0,No,No,18,Yes,No,Fiber optic,No,No,No,No,No,Yes,One year,Yes,Electronic check,71.68,1299.13,No
C7000649,Male,0,Yes,No,48,No,No phone service,DSL,Yes,No,No,No,Yes,Yes,Two year,No,Bank transfer (automatic),62.04,2947.61,No
C7000650,Male,0,No,No,12,Yes,No,DSL,No,No,No,No,Yes,Yes,Month-to-month,No,Electronic check,67.63,798.11,No
C7000651,Female,0,No,No,55,Yes,Yes,Fiber optic,Yes,No,No,No,No,No,Two year,Yes,Electronic check,80.28,4417.03,No
C7000652,Female,0,Yes,No,22,Yes,Yes,Fiber optic,Yes,Yes,Yes,No,Yes,No,Month-to-month,Yes,Bank transfer (automatic),98.26,2157.48,No
C7000653,Male,0,No,No,5,Yes,No,Fiber optic,Yes,No,No,Yes,No,Yes,Two year,Yes,Electronic check,85.95,417.94,Yes
C7000654,Female,0,No,No,0,Yes,Yes,Fiber optic,No,Yes,Yes,No,Yes,No,Two year,Yes,Electronic check,87.41,0.0,No
C7000655,Male,0,No,No,44,Yes,Yes,Fiber optic,Yes,No,Yes,No,No,No,Two year,Yes,Electronic check,80.89,3550.81,No
C7000656,Female,0,No,No,53,Yes,No,DSL,Yes,No,No,No,No,No,Month-to-month,No,Bank transfer (automatic),55.65,2921.36,No
C7000657,Male,0,No,Yes,10,Yes,Yes,DSL,Yes,Yes,Yes,No,No,No,Month-to-month,Yes,Credit card (automatic),70.63,721.2,No
C7000658,Female,0,No,No,22,No,No phone service,DSL,Yes,No,Yes,No,No,No,Month-to-month,Yes,Electronic check,53.85,1183.18,Yes
C7000659,Male,0,No,No,55,Yes,No,Fiber optic,Yes,No,Yes,No,Yes,Yes,Month-to-month,Yes,Bank transfer (automatic),90.1,4960.52,Yes
C7000660,Male,0,Yes,No,63,Yes,No,DSL,No,No,Yes,Yes,No,No,Two year,Yes,Bank transfer (automatic),56.79,3561.36,No
C7000661,Female,0,Yes,No,53,Yes,No,Fiber optic,No,Yes,Yes,No,No,Yes,Month-to-month,No,Electronic check,84.76,4477.6,No
C7000662,Male,0,No,No,45,Yes,Yes,DSL,Yes,No,No,No,No,No,Month-to-month,Yes,Credit card (automatic),60.05,2676.13,No
C7000663,Male,0,No,No,54,Yes,No,Fiber optic,No,Yes,Yes,No,No,Yes,Two year,No,Mailed check,82.93,4484.0,No
C7000664,Male,0,Yes,No,21,Yes,No,Fiber optic,No,No,No,No,No,No,Month-to-month,Yes,Mailed check,66.58,1395.02,No
C7000665,Female,0,Yes,No,4,Yes,Yes,No,No internet service,No internet service,No internet service,No internet service,No internet service,No internet service,Two year,No,Mailed check,26.1,122.23,No
C7000666,Female,0,Yes,Yes,41,No,No phone service,No,No internet service,No internet service,No internet service,No internet service,No internet service,No internet service,Two year,No,Bank transfer (automatic),26.26,1067.19,No
C7000667,Female,0,No,No,40,Yes,Yes,No,No internet service,No internet service,No internet service,No internet service,No internet service,No internet service,Month-to-month,Yes,Electronic check,26.55,1047.19,No
C7000668,Male,0,No,No,58,Yes,Yes,Fiber optic,No,Yes,Yes,No,Yes,No,Month-to-month,No,Electronic check,90.43,5229.64,No
C7000669,Male,0,No,Yes,17,No,No phone service,No,No internet service,No internet service,No internet service,No internet service,No internet service,No internet service,Month-to-month,No,Electronic check,22.38,391.72,No
C7000670,Male,0,Yes,No,64,Yes,Yes,DSL,No,No,No,No,Yes,No,Month-to-month,Yes,Electronic check,63.37,4090.42,No
C7000671,Female,0,No,No,36,Yes,No,Fiber optic,No,Yes,Yes,No,No,No,One year,Yes,Credit card (automatic),86.11,3094.51,No
C7000672,Female,0,Yes,No,32,Yes,No,Fiber optic,No,Yes,Yes,No,No,Yes,Two year,Yes,Bank transfer (automatic),80.97,2600.09,No
C7000673,Female,0,Yes,No,72,Yes,Yes,Fiber optic,Yes,No,No,No,No,No,Month-to-month,No,Bank transfer (automatic),79.77,5735.52,No
C7000674,Female,0,Yes,Yes,39,Yes,Yes,DSL,No,Yes,Yes,Yes,Yes,No,Month-to-month,No,Mailed check,72.06,2804.29,No
C7000675,Male,0,No,Yes,6,Yes,Yes,Fiber optic,No,Yes,No,Yes,Yes,Yes,One year,Yes,Mailed check,95.7,556.64,Yes
C7000676,Female,0,No,No,18,Yes,No,No,No internet service,No internet service,No internet service,No internet service,No internet service,No internet service,Month-to-month,No,Electronic check,22.46,405.93,No
C7000677,Male,0,Yes,Yes,43,Yes,No,Fiber optic,No,No,Yes,Yes,No,Yes,Month-to-month,Yes,Electronic check,85.15,3651.88,No
C7000678,Male,1,Yes,No,16,Yes,Yes,DSL,No,No,No,Yes,No,Yes,Two year,Yes,Bank transfer (automatic),61.96,977.42,No
C7000679,Male,0,No,No,12,Yes,No,DSL,Yes,No,Yes,No,Yes,Yes,Two year,No,Electronic check,66.39,814.15,No
C7000680,Male,0,Yes,No,21,Yes,No,DSL,No,No,No,No,No,Yes,Two year,Yes,Bank transfer (automatic),52.1,1107.15,No
C7000681,Male,1,No,No,37,Yes,No,Fiber optic,Yes,Yes,Yes,No,No,No,One year,No,Bank transfer (automatic),81.39,3029.34,Yes
C7000682,Male,0,Yes,Yes,6,Yes,No,Fiber optic,No,No,No,Yes,No,Yes,One year,Yes,Credit card (automatic),80.98,489.61,No
C7000683,Male,0,Yes,No,38,Yes,Yes,DSL,Yes,No,No,No,Yes,Yes,One year,No,Electronic check,68.93,2607.48,No
C7000684,Female,0,Yes,No,53,Yes,Yes,No,No internet service,No internet service,No internet service,No internet service,No internet service,No internet service,One year,Yes,Credit card (automatic),30.38,1615.36,No
C7000685,Male,0,No,No,33,Yes,No,Fiber optic,Yes,No,No,No,Yes,Yes,Month-to-month,Yes,Mailed check,80.3,2653.96,Yes
C7000686,Male,0,Yes,No,50,Yes,No,No,No internet service,No internet service,No internet service,No internet service,No internet service,No internet service,Month-to-month,Yes,Bank transfer (automatic),25.53,1263.66,No
C7000687,Female,0,Yes,Yes,46,Yes,Yes,No,No internet service,No internet service,No internet service,No internet service,No internet service,No internet service,Month-to-month,Yes,Electronic check,28.76,1351.12,No
C7000688,Female,0,No,No,36,Yes,No,Fiber optic,No,No,No,No,Yes,No,Month-to-month,No,Bank transfer (automatic),78.87,2839.29,No
C7000689,Female,0,Yes,Yes,71,Yes,No,No,No internet service,No internet service,No internet service,No internet service,No internet service,No internet service,Month-to-month,No,Mailed check,30.95,2200.05,No
C7000690,Male,0,No,No,44,No,No phone service,No,No internet service,No internet service,No internet service,No internet service,No internet service,No internet service,Month-to-month,No,Electronic check,21.29,939.39,No
C7000691,Female,0,Yes,Yes,58,Yes,No,DSL,Yes,No,Yes,Yes,No,Yes,One year,No,Mailed check,72.21,4195.49,No
C7000692,Male,0,No,No,46,Yes,Yes,Fiber optic,Yes,No,Yes,No,No,No,One year,No,Mailed check,84.06,3862.87,No
C7000693,Male,0,Yes,Yes,69,Yes,Yes,No,No internet service,No internet service,No internet service,No internet service,No internet service,No internet service,One year,No,Bank transfer (automatic),30.92,2152.45,No
C7000694,Female,0,No,No,31,Yes,Yes,Fiber optic,Yes,No,No,No,No,Yes,One year,No,Electronic check,83.92,2623.29,No
C7000695,Female,0,No,Yes,13,Yes,Yes,Fiber optic,No,No,Yes,No,Yes,No,Month-to-month,No,Bank transfer (automatic),85.29,1079.95,No
C7000696,Female,0,No,Yes,13,Yes,No,No,No internet service,No internet service,No internet service,No internet service,No internet service,No internet service,Two year,Yes,Mailed check,23.97,308.24,No
C7000697,Female,0,No,Yes,72,Yes,Yes,Fiber optic,No,No,Yes,Yes,Yes,Yes,Two year,Yes,Mailed check,95.85,6917.93,No
C7000698,Female,0,Yes,Yes,58,Yes,Yes,Fiber optic,Yes,Yes,No,Yes,Yes,Yes,Month-to-month,Yes,Bank transfer (automatic),101.38,5886.9,No
C7000699,Male,0,Yes,No,22,Yes,Yes,DSL,No,Yes,Yes,No,No,Yes,Month-to-month,No,Credit card (automatic),70.32,1530.82,No
C7000700,Male,1,No,No,32,Yes,No,No,No internet service,No internet service,No internet service,No internet service,No internet service,No internet service,One year,No,Bank transfer (automatic),25.65,814.94,No
C7000701,Male,0,No,Yes,2,Yes,Yes,No,No internet service,No internet service,No internet service,No internet service,No internet service,No internet service,Month-to-month,No,Electronic check,35.24,93.17,No
C7000702,Male,0,No,No,69,Yes,Yes,No,No internet service,No internet service,No internet service,No internet service,No internet service,No internet service,Month-to-month,Yes,Electronic check,29.78,2031.0,No
C7000703,Female,0,No,No,31,Yes,No,No,No internet service,No internet service,No internet service,No internet service,No internet service,No internet service,One year,Yes,Bank transfer (automatic),27.31,848.5,No
C7000704,Male,0,No,Yes,28,Yes,No,DSL,No,Yes,Yes,No,No,Yes,Month-to-month,Yes,Mailed check,64.41,1802.05,No
C7000705,Female,0,No,No,17,Yes,No,Fiber optic,Yes,No,Yes,No,No,No,Two year,Yes,Bank transfer (automatic),82.3,1393.25,No
C7000706,Female,0,No,No,6,Yes,No,DSL,Yes,Yes,No,Yes,Yes,No,Month-to-month,Yes,Electronic check,72.88,432.54,Yes
C7000707,Female,1,No,No,55,Yes,Yes,DSL,No,No,No,No,Yes,Yes,Month-to-month,Yes,Electronic check,68.08,3753.85,No
C7000708,Male,0,Yes,No,16,No,No phone service,No,No internet service,No internet service,No internet service,No internet service,No internet service,No internet service,Month-to-month,Yes,Electronic check,22.49,370.26,No
C7000709,Male,1,No,No,6,Yes,Yes,DSL,No,No,Yes,Yes,Yes,Yes,Two year,Yes,Bank transfer (automatic),78.6,476.41,No
C7000710,Female,1,No,No,71,Yes,No,Fiber optic,No,No,No,Yes,Yes,Yes,Month-to-month,No,Credit card (automatic),82.22,5846.96,Yes
C7000711,Female,0,Yes,No,40,No,No phone service,No,No internet service,No internet service,No internet service,No internet service,No internet service,No internet service,Month-to-month,Yes,Electronic check,18.0,717.93,No
C7000712,Female,1,No,No,5,Yes,No,No,No internet service,No internet service,No internet service,No internet service,No internet service,No internet service,Two year,Yes,Mailed check,28.87,165.12,No
C7000713,Female,0,No,No,21,Yes,No,DSL,No,No,Yes,No,No,Yes,Two year,No,Bank transfer (automatic),57.3,1214.12,No
C7000714,Female,0,Yes,No,40,Yes,Yes,DSL,No,No,Yes,Yes,Yes,Yes,Month-to-month,Yes,Credit card (automatic),75.6,3015.45,No
C7000715,Male,0,No,No,15,Yes,No,Fiber optic,No,No,No,No,No,Yes,Two year,Yes,Electronic check,78.65,1187.29,No
C7000716,Female,0,Yes,No,72,No,No phone service,Fiber optic,Yes,No,Yes,No,No,Yes,Month-to-month,Yes,Electronic check,79.39,5731.81,Yes
C7000717,Male,0,Yes,Yes,63,Yes,No,No,No internet service,No internet service,No internet service,No internet service,No internet service,No internet service,One year,No,Electronic check,23.5,1483.67,No
C7000718,Female,1,No,Yes,64,Yes,No,Fiber optic,Yes,No,No,Yes,Yes,Yes,Month-to-month,No,Credit card (automatic),86.62,5529.29,No
C7000719,Female,0,No,Yes,37,Yes,Yes,DSL,Yes,Yes,No,No,Yes,No,Month-to-month,Yes,Credit card (automatic),71.02,2600.44,No
C7000720,Female,0,No,Yes,72,No,No phone service,Fiber optic,No,No,No,Yes,No,Yes,Month-to-month,No,Electronic check,75.49,5445.08,No
C7000721,Male,0,Yes,No,23,Yes,Yes,Fiber optic,Yes,No,Yes,No,Yes,Yes,Month-to-month,No,Bank transfer (automatic),99.82,2279.6,No
C7000722,Male,0,No,No,40,Yes,Yes,No,No internet service,No internet service,No internet service,No internet service,No internet service,No internet service,Month-to-month,Yes,Electronic check,31.34,1241.15,No
C7000723,Female,0,Yes,Yes,54,Yes,Yes,DSL,No,Yes,No,Yes,No,No,Month-to-month,No,Credit card (automatic),69.54,3743.19,Yes
C7000724,Male,0,No,No,36,No,No phone service,Fiber optic,Yes,No,Yes,Yes,Yes,No,One year,Yes,Bank transfer (automatic),88.44,3169.2,No
C7000725,Male,1,Yes,Yes,62,No,No phone service,Fiber optic,Yes,No,No,No,No,Yes,Month-to-month,No,Credit card (automatic),77.57,4804.27,No
C7000726,Male,0,No,No,7,Yes,No,Fiber optic,No,No,Yes,No,Yes,No,Month-to-month,Yes,Bank transfer (automatic),77.47,543.5,Yes
C7000727,Male,0,Yes,No,32,Yes,Yes,Fiber optic,No,No,No,No,Yes,Yes,Month-to-month,Yes,Electronic check,89.44,2851.09,Yes
C7000728,Male,0,Yes,Yes,60,Yes,No,Fiber optic,Yes,Yes,No,No,Yes,Yes,Month-to-month,Yes,Bank transfer (automatic),87.88,5259.9,No
C7000729,Female,0,Yes,No,13,Yes,No,Fiber optic,Yes,No,No,Yes,No,No,Month-to-month,Yes,Bank transfer (automatic),79.18,1023.9,No
C7000730,Male,1,No,No,28,Yes,Yes,DSL,No,No,No,Yes,Yes,No,Two year,Yes,Mailed check,63.16,1765.05,No
C7000731,Male,0,No,No,72,Yes,Yes,DSL,No,Yes,Yes,Yes,Yes,Yes,Month-to-month,No,Electronic check,80.93,5831.01,Yes
C7000732,Male,0,No,No,44,Yes,Yes,DSL,No,Yes,Yes,No,No,No,Month-to-month,Yes,Bank transfer (automatic),62.89,2770.45,No
C7000733,Male,0,Yes,No,26,Yes,Yes,DSL,Yes,Yes,Yes,Yes,Yes,No,Month-to-month,Yes,Mailed check,75.18,1936.22,No
C7000734,Male,1,Yes,Yes,26,Yes,Yes,Fiber optic,No,No,No,Yes,No,Yes,Two year,Yes,Electronic check,93.77,2450.87,No
C7000735,Female,0,No,No,15,No,No phone service,DSL,No,No,No,Yes,Yes,No,Month-to-month,Yes,Electronic check,51.19,747.26,Yes
C7000736,Male,0,Yes,Yes,53,Yes,Yes,DSL,Yes,Yes,Yes,No,Yes,Yes,Month-to-month,Yes,Electronic check,84.12,4462.06,Yes
C7000737,Male,0,No,No,7,Yes,No,No,No internet service,No internet service,No internet service,No internet service,No internet service,No internet service,One year,Yes,Electronic check,28.26,195.77,Yes
C7000738,Male,0,No,No,15,Yes,No,Fiber optic,Yes,Yes,No,Yes,Yes,Yes,Two year,Yes,Electronic check,96.91,1478.87,No
C7000739,Male,0,No,No,9,Yes,No,No,No internet service,No internet service,No internet service,No internet service,No internet service,No internet service,Month-to-month,Yes,Electronic check,24.51,213.71,No
C7000740,Male,0,No,No,55,Yes,No,Fiber optic,No,No,No,Yes,No,Yes,One year,Yes,Electronic check,76.07,4184.53,No
C7000741,Male,0,Yes,No,68,Yes,Yes,DSL,Yes,No,No,Yes,Yes,No,Month-to-month,Yes,Electronic check,70.81,4816.15,No
C7000742,Female,1,Yes,No,6,Yes,Yes,Fiber optic,No,No,No,No,No,Yes,One year,No,Electronic check,83.85,512.08,Yes
C7000743,Male,0,No,No,69,No,No phone service,Fiber optic,No,No,Yes,No,No,Yes,Month-to-month,Yes,Mailed check,77.14,5340.37,No
C7000744,Female,1,Yes,No,66,Yes,No,DSL,No,No,No,No,No,Yes,Month-to-month,Yes,Electronic check,55.45,3663.7,No
C7000745,Male,0,No,Yes,37,Yes,No,DSL,Yes,No,Yes,No,Yes,Yes,Month-to-month,No,Bank transfer (automatic),75.08,2812.62,No
C7000746,Male,0,No,No,2,No,No phone service,DSL,No,Yes,Yes,No,Yes,Yes,Month-to-month,No,Electronic check,67.52,131.18,No
C7000747,Male,0,Yes,No,50,Yes,Yes,DSL,No,No,No,Yes,Yes,No,Month-to-month,Yes,Mailed check,64.64,3250.01,No
C7000748,Female,0,No,Yes,38,Yes,No,DSL,Yes,No,No,No,Yes,No,Month-to-month,Yes,Electronic check,62.41,2375.15,No
C7000749,Female,0,Yes,No,60,Yes,Yes,DSL,No,No,No,No,No,Yes,Two year,No,Bank transfer (automatic),59.96,3599.71,No
C7000750,Male,0,No,No,21,Yes,No,Fiber optic,Yes,No,Yes,Yes,Yes,No,Month-to-month,No,Electronic check,85.86,1784.9,Yes
C7000751,Male,0,Yes,No,40,Yes,No,DSL,No,Yes,No,No,No,Yes,One year,No,Mailed check,67.15,2694.81,No
C7000752,Male,0,No,No,65,Yes,Yes,Fiber optic,No,Yes,No,No,Yes,Yes,Two year,Yes,Credit card (automatic),91.96,5974.05,No
C7000753,Male,0,Yes,No,48,Yes,No,DSL,No,No,Yes,No,Yes,No,Month-to-month,Yes,Bank transfer (automatic),52.31,2510.48,No
C7000754,Female,1,Yes,No,47,Yes,No,Fiber optic,No,Yes,No,No,No,No,Month-to-month,No,Electronic check,77.99,3665.33,No
C7000755,Male,0,Yes,No,70,Yes,Yes,Fiber optic,No,Yes,Yes,No,Yes,No,Month-to-month,Yes,Mailed check,94.18,6600.77,No
C7000756,Male,0,Yes,Yes,35,Yes,No,Fiber optic,Yes,No,Yes,No,Yes,Yes,One year,No,Bank transfer (automatic),92.74,3263.48,Yes
C7000757,Female,0,No,No,12,Yes,No,DSL,No,No,Yes,Yes,No,Yes,Two year,Yes,Credit card (automatic),69.22,827.82,No
C7000758,Male,0,Yes,No,71,Yes,Yes,DSL,No,No,No,Yes,No,No,Month-to-month,No,Electronic check,61.92,4391.4,No
C7000759,Male,0,Yes,No,10,Yes,Yes,DSL,No,No,Yes,No,Yes,No,Month-to-month,No,Credit card (automatic),63.17,635.4,Yes
C7000760,Female,0,Yes,No,40,Yes,Yes,DSL,No,Yes,Yes,Yes,No,Yes,Two year,No,Electronic check,76.51,3044.64,No
C7000761,Male,0,Yes,Yes,54,Yes,Yes,Fiber optic,No,No,No,Yes,No,Yes,Month-to-month,No,Electronic check,89.61,4826.05,Yes
C7000762,Male,0,Yes,No,57,Yes,No,Fiber optic,No,No,Yes,No,No,No,Month-to-month,Yes,Mailed check,79.08,4515.41,Yes
C7000763,Male,0,Yes,No,51,Yes,No,Fiber optic,No,Yes,No,No,No,Yes,Month-to-month,No,Credit card (automatic),76.9,3913.39,No
C7000764,Female,0,No,Yes,31,Yes,Yes,No,No internet service,No internet service,No internet service,No internet service,No internet service,No internet service,Two year,Yes,Credit card (automatic),34.54,1082.66,No
C7000765,Male,1,No,No,13,Yes,No,No,No internet service,No internet service,No internet service,No internet service,No internet service,No internet service,Two year,Yes,Bank transfer (automatic),24.03,310.85,No
C7000766,Male,0,No,No,2,Yes,Yes,DSL,No,No,No,No,Yes,Yes,Two year,Yes,Electronic check,64.73,124.23,No
C7000767,Male,0,Yes,Yes,22,Yes,No,Fiber optic,No,No,No,Yes,Yes,Yes,Two year,No,Bank transfer (automatic),85.33,1894.36,No
C7000768,Male,0,No,No,70,Yes,Yes,DSL,No,No,No,Yes,Yes,No,Month-to-month,Yes,Electronic check,71.3,4981.11,No
C7000769,Female,0,No,No,50,Yes,No,Fiber optic,No,No,Yes,Yes,No,No,Month-to-month,No,Bank transfer (automatic),75.84,3792.02,No
C7000770,Male,0,No,No,29,Yes,Yes,Fiber optic,Yes,No,No,Yes,Yes,No,One year,No,Bank transfer (automatic),89.04,2572.66,No
C7000771,Female,0,Yes,Yes,36,Yes,No,Fiber optic,No,No,Yes,Yes,Yes,Yes,Two year,No,Mailed check,92.25,3320.79,No
C7000772,Female,0,Yes,Yes,24,Yes,No,Fiber optic,No,No,No,No,No,Yes,Two year,Yes,Electronic check,75.56,1823.04,No
C7000773,Female,0,Yes,No,65,Yes,No,Fiber optic,No,Yes,Yes,No,No,No,Month-to-month,Yes,Mailed check,80.5,5234.79,No
C7000774,Male,0,Yes,No,33,Yes,Yes,DSL,Yes,No,Yes,Yes,No,No,Two year,No,Bank transfer (automatic),73.54,2426.23,No
C7000775,Female,1,No,Yes,61,Yes,No,Fiber optic,No,No,No,No,Yes,No,Month-to-month,Yes,Credit card (automatic),71.2,4341.23,No
C7000776,Female,0,Yes,No,3,Yes,Yes,No,No internet service,No internet service,No internet service,No internet service,No internet service,No internet service,Month-to-month,No,Credit card (automatic),28.77,90.31,No
C7000777,Male,0,Yes,Yes,35,Yes,Yes,Fiber optic,No,Yes,Yes,No,Yes,Yes,Month-to-month,Yes,Bank transfer (automatic),103.82,3640.41,No
C7000778,Female,0,Yes,No,44,No,No phone service,DSL,No,No,No,No,No,Yes,Two year,Yes,Mailed check,47.56,2099.13,No
C7000779,Female,0,Yes,No,48,Yes,Yes,Fiber optic,No,No,Yes,No,Yes,Yes,Two year,No,Bank transfer (automatic),91.08,4374.44,No
C7000780,Male,0,Yes,Yes,1,Yes,No,Fiber optic,Yes,No,No,No,Yes,No,One year,No,Electronic check,79.27,70.51,Yes
C7000781,Female,1,Yes,No,46,Yes,Yes,Fiber optic,No,Yes,Yes,No,No,No,One year,Yes,Bank transfer (automatic),79.88,3672.44,Yes
C7000782,Male,0,No,No,61,Yes,No,DSL,No,No,Yes,Yes,Yes,Yes,One year,No,Electronic check,67.44,4107.21,No
C7000783,Female,0,Yes,No,6,Yes,No,Fiber optic,Yes,No,No,No,Yes,No,Two year,Yes,Bank transfer (automatic),77.49,470.65,No
C7000784,Female,0,No,No,24,Yes,No,DSL,Yes,Yes,No,No,Yes,Yes,Month-to-month,No,Bank transfer (automatic),73.34,1756.23,No
C7000785,Male,0,No,Yes,31,Yes,No,Fiber optic,No,No,Yes,Yes,Yes,Yes,Month-to-month,Yes,Electronic check,87.8,2718.28,Yes
C7000786,Female,0,No,Yes,18,Yes,No,Fiber optic,No,No,Yes,Yes,Yes,Yes,Month-to-month,No,Credit card (automatic),94.15,1716.31,No
C7000787,Male,1,No,No,32,Yes,No,No,No internet service,No internet service,No internet service,No internet service,No internet service,No internet service,Month-to-month,No,Mailed check,23.26,742.95,No
C7000788,Female,0,Yes,No,65,Yes,No,No,No internet service,No internet service,No internet service,No internet service,No internet service,No internet service,Month-to-month,No,Mailed check,26.91,1722.04,No
C7000789,Female,0,No,Yes,65,Yes,No,Fiber optic,No,Yes,Yes,Yes,No,No,Two year,Yes,Electronic check,86.42,5642.21,No
C7000790,Male,0,No,No,43,Yes,No,No,No internet service,No internet service,No internet service,No internet service,No internet service,No internet service,Month-to-month,Yes,Bank transfer (automatic),25.48,1095.62,Yes
C7000791,Male,0,No,Yes,64,Yes,Yes,DSL,No,No,No,No,No,No,One year,Yes,Mailed check,57.97,3705.38,No
C7000792,Male,0,Yes,Yes,59,Yes,Yes,Fiber optic,No,Yes,No,No,No,Yes,Two year,No,Credit card (automatic),85.95,5066.29,No
C7000793,Male,0,No,No,4,No,No phone service,Fiber optic,No,No,Yes,Yes,No,No,One year,No,Electronic check,77.64,305.54,Yes
C7000794,Male,0,Yes,No,28,Yes,No,Fiber optic,No,No,No,Yes,No,Yes,Month-to-month,No,Electronic check,75.69,2137.76,No
C7000795,Male,0,No,No,61,Yes,No,No,No internet service,No internet service,No internet service,No internet service,No internet service,No internet service,One year,Yes,Mailed check,21.66,1312.75,No
C7000796,Male,0,Yes,Yes,32,Yes,No,DSL,Yes,Yes,No,No,No,No,One year,Yes,Credit card (automatic),58.48,1862.83,No
C7000797,Male,1,Yes,No,44,Yes,No,DSL,Yes,Yes,Yes,No,Yes,Yes,Month-to-month,Yes,Electronic check,71.89,3160.6,No
C7000798,Female,0,No,Yes,30,Yes,No,No,No internet service,No internet service,No internet service,No internet service,No internet service,No internet service,One year,No,Electronic check,26.19,762.43,No
C7000799,Female,0,No,No,1,Yes,No,DSL,No,Yes,No,No,Yes,Yes,Two year,Yes,Credit card (automatic),65.39,59.16,No
C7000800,Female,0,No,No,41,Yes,Yes,DSL,Yes,No,No,No,No,Yes,Two year,Yes,Electronic check,70.1,2888.71,No
C7000801,Male,0,No,No,27,Yes,Yes,No,No internet service,No internet service,No internet service,No internet service,No internet service,No internet service,Two year,No,Credit card (automatic),32.6,884.77,No
C7000802,Female,0,No,No,56,Yes,No,No,No internet service,No internet service,No internet service,No internet service,No internet service,No internet service,Month-to-month,Yes,Bank transfer (automatic),23.5,1324.09,No
C7000803,Female,0,Yes,No,64,Yes,No,DSL,No,No,Yes,No,Yes,Yes,Two year,No,Bank transfer (automatic),65.79,4201.68,No
C7000804,Male,0,No,Yes,7,Yes,Yes,DSL,No,No,Yes,No,No,No,Month-to-month,Yes,Credit card (automatic),62.92,416.56,No
C7000805,Male,0,Yes,Yes,26,Yes,No,Fiber optic,No,Yes,No,No,Yes,No,One year,No,Credit card (automatic),82.44,2153.08,No
C7000806,Female,0,Yes,No,28,Yes,No,DSL,No,Yes,No,Yes,No,Yes,Month-to-month,Yes,Electronic check,65.77,1827.09,Yes
C7000807,Male,0,No,Yes,49,No,No phone service,DSL,No,Yes,No,No,Yes,No,Month-to-month,Yes,Electronic check,52.56,2552.62,No
C7000808,Female,0,Yes,Yes,28,Yes,Yes,DSL,No,No,Yes,No,No,Yes,Month-to-month,Yes,Bank transfer (automatic),65.34,1818.24,Yes
C7000809,Female,0,No,Yes,41,Yes,No,No,No internet service,No internet service,No internet service,No internet service,No internet service,No internet service,Month-to-month,No,Mailed check,22.24,902.13,No
C7000810,Male,0,Yes,No,66,Yes,Yes,Fiber optic,No,Yes,No,No,No,No,Two year,Yes,Mailed check,82.63,5437.08,No
C7000811,Male,0,Yes,No,43,Yes,Yes,DSL,No,Yes,Yes,No,Yes,Yes,Month-to-month,Yes,Bank transfer (automatic),77.7,3341.51,No
C7000812,Female,0,Yes,No,7,No,No phone service,Fiber optic,No,Yes,Yes,No,No,No,Two year,Yes,Bank transfer (automatic),73.55,546.82,Yes
C7000813,Female,0,No,No,35,Yes,No,DSL,No,Yes,Yes,No,No,No,Two year,Yes,Credit card (automatic),60.9,2130.82,No
C7000814,Male,0,No,No,64,Yes,No,No,No internet service,No internet service,No internet service,No internet service,No internet service,No internet service,Two year,Yes,Bank transfer (automatic),25.98,1653.33,No
C7000815,Female,1,Yes,Yes,35,Yes,No,DSL,No,No,Yes,No,No,Yes,Month-to-month,Yes,Credit card (automatic),60.61,2122.25,No
C7000816,Female,0,Yes,No,71,Yes,No,DSL,Yes,No,Yes,No,Yes,Yes,Month-to-month,Yes,Electronic check,67.93,4836.93,Yes
C7000817,Female,0,Yes,No,65,No,No phone service,Fiber optic,No,No,No,Yes,Yes,Yes,Month-to-month,No,Bank transfer (automatic),78.13,5046.31,Yes
C7000818,Female,0,Yes,No,19,Yes,No,DSL,No,Yes,No,Yes,Yes,Yes,Two year,No,Electronic check,72.44,1370.15,No
C7000819,Male,0,No,No,30,No,No phone service,DSL,No,No,Yes,Yes,No,No,Month-to-month,Yes,Credit card (automatic),56.52,1699.39,No
C7000820,Male,0,No,No,13,Yes,Yes,No,No internet service,No internet service,No internet service,No internet service,No internet service,No internet service,Month-to-month,No,Mailed check,32.32,425.39,No
C7000821,Female,0,Yes,Yes,13,Yes,Yes,No,No internet service,No internet service,No internet service,No internet service,No internet service,No internet service,Two year,Yes,Mailed check,30.68,391.79,No
C7000822,Male,0,Yes,No,26,No,No phone service,No,No internet service,No internet service,No internet service,No internet service,No internet service,No internet service,Month-to-month,No,Bank transfer (automatic),18.0,448.24,Yes
C7000823,Female,0,No,No,30,No,No phone service,Fiber optic,No,No,No,Yes,No,Yes,Month-to-month,Yes,Credit card (automatic),75.62,2271.5,No
C7000824,Female,0,Yes,Yes,25,Yes,Yes,DSL,No,No,No,No,Yes,No,Month-to-month,No,Electronic check,60.09,1490.85,No
C7000825,Male,0,Yes,Yes,53,No,No phone service,No,No internet service,No internet service,No internet service,No internet service,No internet service,No internet service,Two year,No,Bank transfer (automatic),18.3,930.11,No
C7000826,Female,0,No,No,11,Yes,No,Fiber optic,No,No,Yes,Yes,Yes,Yes,Month-to-month,Yes,Credit card (automatic),84.7,933.36,No
C7000827,Male,0,Yes,No,34,Yes,Yes,Fiber optic,Yes,No,No,Yes,No,No,Month-to-month,No,Bank transfer (automatic),80.95,2755.87,No
C7000828,Female,0,Yes,No,64,Yes,Yes,Fiber optic,No,No,Yes,No,No,No,Two year,Yes,Electronic check,77.68,4968.3,No
C7000829,Male,0,Yes,Yes,53,Yes,No,Fiber optic,No,Yes,No,No,No,Yes,Two year,Yes,Electronic check,80.05,4267.81,No
C7000830,Female,0,No,No,14,Yes,No,Fiber optic,No,Yes,Yes,No,Yes,No,One year,Yes,Electronic check,87.55,1232.58,Yes
C7000831,Female,0,Yes,Yes,17,Yes,No,No,No internet service,No internet service,No internet service,No internet service,No internet service,No internet service,One year,No,Mailed check,29.61,505.33,No
C7000832,Male,0,No,No,67,Yes,Yes,No,No internet service,No internet service,No internet service,No internet service,No internet service,No internet service,Month-to-month,Yes,Bank transfer (automatic),28.7,1944.94,Yes
C7000833,Female,0,Yes,Yes,42,Yes,No,No,No internet service,No internet service,No internet service,No internet service,No internet service,No internet service,Month-to-month,No,Mailed check,26.88,1156.52,No
C7000834,Female,0,Yes,Yes,64,Yes,No,No,No internet service,No internet service,No internet service,No internet service,No internet service,No internet service,One year,Yes,Mailed check,26.04,1679.72,No
C7000835,Female,1,No,No,63,Yes,Yes,Fiber optic,Yes,No,Yes,Yes,No,No,Month-to-month,No,Credit card (automatic),93.54,5886.29,No
C7000836,Female,1,Yes,Yes,32,Yes,Yes,DSL,No,Yes,Yes,No,No,No,One year,No,Electronic check,69.59,2233.25,No
C7000837,Female,0,Yes,No,38,Yes,Yes,Fiber optic,No,Yes,No,No,Yes,No,One year,No,Mailed check,89.15,3399.75,No
C7000838,Male,0,Yes,Yes,26,Yes,Yes,Fiber optic,No,Yes,Yes,Yes,No,Yes,Two year,Yes,Electronic check,97.49,2498.95,No
C7000839,Female,0,No,No,46,Yes,Yes,DSL,Yes,Yes,Yes,Yes,No,No,Month-to-month,No,Electronic check,74.89,3427.26,Yes
C7000840,Male,0,Yes,Yes,47,Yes,Yes,Fiber optic,Yes,No,Yes,Yes,No,No,Month-to-month,Yes,Bank transfer (automatic),90.53,4263.27,No
C7000841,Female,0,No,No,49,Yes,No,Fiber optic,Yes,Yes,No,No,Yes,Yes,Month-to-month,Yes,Electronic check,90.37,4426.53,No
C7000842,Female,0,Yes,Yes,62,Yes,No,Fiber optic,No,No,No,No,No,Yes,Two year,Yes,Electronic check,74.17,4606.31,No
C7000843,Male,0,Yes,No,53,Yes,No,Fiber optic,No,No,Yes,No,No,Yes,One year,Yes,Credit card (automatic),76.72,4076.24,No
C7000844,Male,0,Yes,Yes,7,Yes,No,No,No internet service,No internet service,No internet service,No internet service,No internet service,No internet service,One year,Yes,Bank transfer (automatic),19.03,119.8,No
C7000845,Female,0,Yes,No,25,No,No phone service,DSL,No,No,No,No,No,No,One year,Yes,Credit card (automatic),40.28,1003.95,No
C7000846,Male,0,No,No,41,Yes,No,No,No internet service,No internet service,No internet service,No internet service,No internet service,No internet service,Month-to-month,No,Electronic check,24.3,998.32,No
C7000847,Female,0,Yes,Yes,45,Yes,Yes,DSL,No,No,No,No,No,Yes,One year,Yes,Credit card (automatic),60.04,2714.45,No
C7000848,Male,1,No,Yes,63,Yes,No,Fiber optic,Yes,No,No,Yes,No,No,One year,Yes,Bank transfer (automatic),81.36,5138.35,No
C7000849,Female,0,Yes,Yes,30,Yes,No,No,No internet service,No internet service,No internet service,No internet service,No internet service,No internet service,Two year,Yes,Electronic check,25.32,735.31,No
C7000850,Male,0,No,Yes,59,Yes,No,No,No internet service,No internet service,No internet service,No internet service,No internet service,No internet service,Month-to-month,No,Bank transfer (automatic),27.33,1580.54,No
C7000851,Male,0,Yes,No,28,Yes,No,DSL,No,No,Yes,Yes,Yes,Yes,One year,No,Electronic check,69.65,1941.68,No
C7000852,Female,0,No,No,10,Yes,No,No,No internet service,No internet service,No internet service,No internet service,No internet service,No internet service,Month-to-month,No,Mailed check,28.08,297.86,No
C7000853,Female,0,Yes,No,34,No,No phone service,No,No internet service,No internet service,No internet service,No internet service,No internet service,No internet service,Month-to-month,No,Electronic check,21.86,734.85,No
C7000854,Male,0,No,No,10,Yes,Yes,DSL,Yes,Yes,No,No,No,Yes,Two year,Yes,Electronic check,68.17,714.1,No
C7000855,Male,1,No,Yes,29,No,No phone service,Fiber optic,No,Yes,Yes,No,No,Yes,Month-to-month,Yes,Credit card (automatic),83.78,2410.1,No
C7000856,Female,0,No,Yes,17,Yes,No,Fiber optic,No,No,Yes,Yes,Yes,Yes,Month-to-month,Yes,Bank transfer (automatic),89.2,1501.17,No
C7000857,Female,0,Yes,Yes,1,Yes,No,DSL,Yes,No,Yes,No,Yes,Yes,Month-to-month,No,Electronic check,69.76,59.59,No
C7000858,Male,0,No,Yes,48,Yes,Yes,Fiber optic,Yes,Yes,Yes,Yes,Yes,No,Two year,Yes,Bank transfer (automatic),100.03,4786.95,No
C7000859,Female,1,Yes,No,54,Yes,No,Fiber optic,No,Yes,No,Yes,Yes,Yes,One year,No,Electronic check,91.9,4949.66,No
C7000860,Female,0,Yes,Yes,9,Yes,No,Fiber optic,No,No,Yes,No,Yes,No,Month-to-month,Yes,Credit card (automatic),85.26,770.84,Yes
C7000861,Female,1,No,Yes,42,Yes,No,Fiber optic,No,No,No,No,No,Yes,Month-to-month,Yes,Mailed check,72.56,3047.92,Yes
C7000862,Female,0,No,Yes,36,Yes,No,DSL,No,Yes,No,Yes,No,Yes,Month-to-month,No,Bank transfer (automatic),68.15,2438.26,No
C7000863,Female,0,Yes,No,10,Yes,Yes,Fiber optic,No,No,No,No,No,No,Month-to-month,No,Mailed check,80.13,802.36,No
C7000864,Male,0,No,Yes,44,Yes,No,No,No internet service,No internet service,No internet service,No internet service,No internet service,No internet service,Month-to-month,Yes,Mailed check,29.11,1270.92,No
C7000865,Female,0,No,No,19,Yes,No,Fiber optic,No,Yes,No,No,No,Yes,Month-to-month,Yes,Electronic check,77.99,1492.65,No
C7000866,Female,0,Yes,No,60,Yes,Yes,Fiber optic,No,Yes,No,No,No,Yes,Two year,Yes,Credit card (automatic),88.67,5324.5,No
C7000867,Female,1,Yes,No,44,Yes,Yes,Fiber optic,No,Yes,Yes,No,No,Yes,One year,Yes,Bank transfer (automatic),90.86,4005.67,No
C7000868,Male,0,No,No,8,Yes,No,DSL,Yes,Yes,No,No,No,Yes,Month-to-month,No,Electronic check,61.42,492.23,No
C7000869,Male,0,Yes,No,37,Yes,Yes,DSL,No,Yes,Yes,No,Yes,Yes,Month-to-month,Yes,Electronic check,71.81,2654.98,Yes
C7000870,Female,1,Yes,No,8,No,No phone service,Fiber optic,Yes,Yes,Yes,No,Yes,No,Two year,Yes,Electronic check,81.0,650.78,No
C7000871,Male,1,Yes,No,52,Yes,Yes,DSL,No,No,Yes,Yes,No,Yes,Month-to-month,No,Electronic check,70.37,3698.89,Yes
C7000872,Female,1,No,No,21,Yes,Yes,DSL,No,No,No,Yes,No,Yes,One year,Yes,Electronic check,65.82,1374.52,Yes
C7000873,Male,1,Yes,No,35,Yes,No,Fiber optic,No,No,Yes,Yes,No,Yes,One year,Yes,Credit card (automatic),85.34,2996.58,No
C7000874,Female,0,Yes,Yes,50,Yes,Yes,No,No internet service,No internet service,No internet service,No internet service,No internet service,No internet service,Two year,No,Bank transfer (automatic),27.29,1374.07,No
C7000875,Female,1,Yes,No,61,Yes,No,DSL,Yes,Yes,No,No,No,No,Two year,No,Mailed check,56.8,3500.2,No
C7000876,Male,0,Yes,No,37,Yes,Yes,Fiber optic,Yes,Yes,No,Yes,No,Yes,One year,No,Bank transfer (automatic),96.06,3572.1,No
C7000877,Male,0,No,No,5,Yes,No,Fiber optic,Yes,Yes,No,No,No,No,One year,Yes,Bank transfer (automatic),82.12,384.06,Yes
C7000878,Female,0,No,No,18,Yes,Yes,No,No internet service,No internet service,No internet service,No internet service,No internet service,No internet service,Month-to-month,No,Mailed check,30.16,537.73,No
C7000879,Female,0,No,No,44,No,No phone service,DSL,Yes,No,No,No,No,Yes,Month-to-month,No,Credit card (automatic),52.4,2273.17,No
C7000880,Male,0,No,No,3,Yes,No,No,No internet service,No internet service,No internet service,No internet service,No internet service,No internet service,One year,Yes,Bank transfer (automatic),23.53,75.96,Yes
C7000881,Female,1,Yes,No,27,Yes,Yes,No,No internet service,No internet service,No internet service,No internet service,No internet service,No internet service,Month-to-month,No,Electronic check,31.98,867.3,No
C7000882,Female,0,No,No,23,Yes,Yes,DSL,Yes,No,No,Yes,No,No,Month-to-month,Yes,Electronic check,62.72,1437.81,No
C7000883,Male,0,No,No,22,Yes,No,DSL,No,No,No,No,Yes,No,One year,Yes,Electronic check,56.72,1252.17,Yes
C7000884,Male,0,No,Yes,69,Yes,No,Fiber optic,Yes,No,Yes,No,Yes,No,One year,Yes,Electronic check,84.12,5815.13,No
C7000885,Male,0,No,Yes,68,Yes,Yes,DSL,No,Yes,No,Yes,Yes,Yes,Two year,No,Electronic check,74.42,5052.36,No
C7000886,Male,0,Yes,No,65,Yes,No,DSL,No,No,Yes,No,Yes,No,One year,Yes,Mailed check,63.35,4102.22,No
C7000887,Male,0,No,Yes,63,Yes,No,No,No internet service,No internet service,No internet service,No internet service,No internet service,No internet service,Two year,No,Electronic check,25.22,1580.28,No
C7000888,Male,0,Yes,Yes,65,No,No phone service,Fiber optic,Yes,No,No,No,Yes,Yes,Two year,No,Bank transfer (automatic),77.76,5061.63,No
C7000889,Female,0,No,No,13,Yes,Yes,Fiber optic,Yes,Yes,No,No,No,No,Month-to-month,No,Credit card (automatic),80.83,1050.72,No
C7000890,Male,0,Yes,No,28,Yes,No,Fiber optic,Yes,No,Yes,No,No,No,Month-to-month,Yes,Electronic check,74.24,2091.58,No
C7000891,Female,0,No,Yes,4,Yes,No,Fiber optic,No,Yes,Yes,Yes,No,No,Month-to-month,No,Electronic check,85.36,321.67,Yes
C7000892,Male,0,No,Yes,58,Yes,No,Fiber optic,Yes,Yes,Yes,Yes,No,No,Month-to-month,No,Bank transfer (automatic),89.83,5223.33,No
C7000893,Male,0,No,No,63,Yes,Yes,No,No internet service,No internet service,No internet service,No internet service,No internet service,No internet service,Month-to-month,Yes,Electronic check,34.89,2217.15,Yes
C7000894,Female,0,Yes,No,2,Yes,No,No,No internet service,No internet service,No internet service,No internet service,No internet service,No internet service,Month-to-month,Yes,Mailed check,26.24,81.41,No
C7000895,Female,0,No,No,12,Yes,No,Fiber optic,No,No,Yes,Yes,No,Yes,Month-to-month,Yes,Credit card (automatic),86.63,1043.99,Yes
C7000896,Male,0,No,Yes,12,Yes,No,Fiber optic,No,No,Yes,Yes,No,Yes,Month-to-month,No,Mailed check,83.43,1003.44,No
C7000897,Male,0,No,No,67,Yes,No,Fiber optic,Yes,No,Yes,No,Yes,No,Two year,No,Electronic check,82.96,5569.93,No
C7000898,Male,0,No,No,57,Yes,Yes,Fiber optic,Yes,Yes,Yes,No,No,Yes,Month-to-month,Yes,Electronic check,97.27,5543.82,No
C7000899,Female,0,No,No,20,Yes,Yes,DSL,Yes,No,No,No,No,Yes,One year,No,Bank transfer (automatic),64.08,1269.14,No
C7000900,Male,0,No,No,3,No,No phone service,Fiber optic,Yes,No,Yes,Yes,Yes,No,One year,Yes,Bank transfer (automatic),82.39,225.43,No
C7000901,Male,0,Yes,No,30,Yes,Yes,Fiber optic,No,No,No,No,Yes,No,Month-to-month,Yes,Electronic check,84.09,2511.58,Yes
C7000902,Male,0,Yes,No,42,Yes,No,DSL,No,No,No,Yes,Yes,No,One year,No,Credit card (automatic),59.2,2508.1,No
C7000903,Male,1,No,No,3,Yes,No,DSL,Yes,No,Yes,No,Yes,Yes,Two year,No,Credit card (automatic),67.44,206.98,No
C7000904,Female,0,No,No,34,Yes,Yes,DSL,Yes,No,Yes,No,No,Yes,One year,Yes,Mailed check,76.03,2563.92,No
C7000905,Female,0,Yes,No,39,No,No phone service,DSL,Yes,Yes,No,No,Yes,No,One year,Yes,Electronic check,58.13,2267.92,No
C7000906,Male,1,Yes,No,71,Yes,No,Fiber optic,No,No,Yes,No,No,No,Month-to-month,No,Bank transfer (automatic),73.74,5243.13,No
C7000907,Male,0,Yes,No,13,Yes,Yes,Fiber optic,Yes,Yes,No,Yes,No,Yes,Two year,Yes,Bank transfer (automatic),99.04,1301.7,No
C7000908,Male,0,No,No,13,Yes,No,Fiber optic,No,Yes,Yes,No,No,No,Month-to-month,No,Credit card (automatic),86.03,1106.68,Yes
C7000909,Male,1,No,No,31,Yes,No,Fiber optic,Yes,Yes,Yes,No,No,No,Two year,Yes,Mailed check,85.38,2645.15,No
C7000910,Female,0,No,No,23,No,No phone service,Fiber optic,Yes,Yes,No,Yes,Yes,No,Two year,Yes,Mailed check,90.05,2046.57,No
C7000911,Female,0,Yes,No,67,Yes,No,No,No internet service,No internet service,No internet service,No internet service,No internet service,No internet service,One year,Yes,Mailed check,24.66,1659.93,No
C7000912,Female,0,Yes,No,57,Yes,No,Fiber optic,No,Yes,No,No,Yes,Yes,Month-to-month,Yes,Bank transfer (automatic),82.36,4660.81,Yes
C7000913,Female,0,No,Yes,18,No,No phone service,Fiber optic,No,No,No,Yes,No,No,Month-to-month,No,Mailed check,66.88,1199.55,Yes
C7000914,Female,0,Yes,Yes,24,Yes,Yes,Fiber optic,No,Yes,No,No,No,Yes,Two year,No,Bank transfer (automatic),89.26,2133.45,No
C7000915,Female,0,Yes,No,46,Yes,No,DSL,No,Yes,Yes,Yes,Yes,Yes,Month-to-month,No,Bank transfer (automatic),76.75,3556.1,No
C7000916,Male,1,Yes,Yes,63,Yes,Yes,Fiber optic,No,No,Yes,No,No,Yes,Month-to-month,Yes,Credit card (automatic),85.97,5436.02,No
C7000917,Male,0,No,No,14,Yes,No,Fiber optic,No,Yes,Yes,No,Yes,No,Month-to-month,Yes,Electronic check,82.84,1145.49,Yes
C7000918,Male,0,No,Yes,21,Yes,Yes,DSL,No,Yes,No,No,Yes,No,One year,Yes,Mailed check,63.9,1337.51,No
C7000919,Female,0,Yes,No,44,Yes,No,DSL,No,Yes,Yes,Yes,No,Yes,Month-to-month,No,Electronic check,71.34,3109.31,No
C7000920,Male,0,Yes,No,62,Yes,No,Fiber optic,No,Yes,No,No,No,Yes,Month-to-month,No,Credit card (automatic),77.04,4761.85,No
C7000921,Female,0,No,No,21,Yes,No,Fiber optic,No,No,Yes,No,No,No,Two year,No,Bank transfer (automatic),71.35,1482.39,No
C7000922,Female,0,Yes,No,34,Yes,Yes,No,No internet service,No internet service,No internet service,No internet service,No internet service,No internet service,One year,No,Credit card (automatic),28.68,980.03,No
C7000923,Female,0,Yes,No,49,Yes,No,Fiber optic,No,No,Yes,Yes,Yes,Yes,Month-to-month,No,Bank transfer (automatic),90.28,4432.77,No
C7000924,Male,1,Yes,Yes,31,Yes,No,DSL,No,No,No,No,No,Yes,Month-to-month,No,Mailed check,54.26,1665.91,No
C7000925,Male,0,Yes,No,56,Yes,Yes,Fiber optic,No,No,No,No,Yes,No,Month-to-month,Yes,Bank transfer (automatic),84.85,4771.17,No
C7000926,Male,0,No,Yes,37,Yes,Yes,Fiber optic,Yes,No,Yes,No,Yes,Yes,Month-to-month,No,Mailed check,99.95,3727.03,No
C7000927,Female,0,No,No,64,Yes,Yes,Fiber optic,No,Yes,No,No,Yes,No,Month-to-month,Yes,Electronic check,85.91,5488.25,Yes
C7000928,Female,0,Yes,No,44,Yes,Yes,Fiber optic,Yes,No,Yes,No,No,Yes,Month-to-month,Yes,Credit card (automatic),87.13,3822.49,No
C7000929,Female,0,No,No,67,Yes,No,DSL,Yes,Yes,No,Yes,No,Yes,Month-to-month,Yes,Electronic check,71.27,4788.95,No
C7000930,Male,0,Yes,No,62,No,No phone service,No,No internet service,No internet service,No internet service,No internet service,No internet service,No internet service,Month-to-month,Yes,Electronic check,18.73,1158.67,Yes
C7000931,Male,0,No,No,17,Yes,Yes,Fiber optic,No,Yes,Yes,No,Yes,No,Month-to-month,Yes,Mailed check,81.65,1387.78,No
C7000932,Male,1,Yes,Yes,65,Yes,No,DSL,Yes,No,Yes,No,Yes,No,Two year,Yes,Electronic check,70.37,4576.32,No
C7000933,Female,0,Yes,No,9,Yes,Yes,DSL,No,No,No,No,Yes,No,Two year,Yes,Mailed check,56.54,515.69,No
C7000934,Female,1,No,Yes,20,Yes,No,No,No internet service,No internet service,No internet service,No internet service,No internet service,No internet service,Month-to-month,Yes,Bank transfer (automatic),31.05,658.35,Yes
C7000935,Male,1,No,No,3,Yes,Yes,Fiber optic,No,No,Yes,Yes,Yes,Yes,Two year,Yes,Mailed check,94.96,279.31,No
C7000936,Female,0,No,No,7,Yes,No,DSL,Yes,Yes,No,Yes,Yes,Yes,Two year,Yes,Electronic check,78.92,559.46,No
C7000937,Male,0,No,No,52,Yes,No,Fiber optic,No,No,No,No,No,No,Month-to-month,Yes,Mailed check,74.63,3861.17,No
C7000938,Female,1,No,No,8,Yes,Yes,No,No internet service,No internet service,No internet service,No internet service,No internet service,No internet service,One year,Yes,Mailed check,32.78,232.95,Yes
C7000939,Male,1,No,Yes,13,Yes,No,Fiber optic,Yes,Yes,Yes,Yes,No,Yes,Two year,Yes,Credit card (automatic),95.98,1264.19,No
C7000940,Male,1,Yes,Yes,29,Yes,No,Fiber optic,No,No,Yes,No,No,No,Two year,No,Electronic check,75.53,2182.61,No
C7000941,Female,0,Yes,No,58,Yes,No,DSL,No,No,No,No,Yes,Yes,Month-to-month,Yes,Bank transfer (automatic),60.68,3529.06,Yes
C7000942,Male,0,No,Yes,59,Yes,No,DSL,No,Yes,No,No,Yes,No,One year,Yes,Bank transfer (automatic),56.09,3316.91,No
C7000943,Male,1,No,No,70,Yes,No,No,No internet service,No internet service,No internet service,No internet service,No internet service,No internet service,Month-to-month,No,Bank transfer (automatic),23.0,1621.24,No
C7000944,Male,1,No,No,4,Yes,Yes,DSL,No,Yes,Yes,Yes,No,Yes,Month-to-month,Yes,Credit card (automatic),69.25,269.5,Yes
C7000945,Male,0,Yes,No,10,Yes,No,DSL,Yes,Yes,No,No,No,Yes,One year,No,Electronic check,63.8,646.94,No
C7000946,Female,1,Yes,No,29,Yes,No,DSL,No,Yes,No,Yes,Yes,No,Month-to-month,Yes,Electronic check,60.65,1784.09,No
C7000947,Female,0,Yes,No,20,Yes,No,DSL,No,No,Yes,No,Yes,Yes,Month-to-month,Yes,Mailed check,66.86,1339.59,No
C7000948,Female,1,No,No,7,Yes,No,Fiber optic,No,Yes,Yes,No,No,No,Month-to-month,No,Credit card (automatic),73.46,530.29,No
C7000949,Male,0,Yes,No,38,Yes,No,No,No internet service,No internet service,No internet service,No internet service,No internet service,No internet service,Two year,Yes,Mailed check,24.2,913.93,No
C7000950,Female,1,No,No,34,Yes,Yes,DSL,Yes,No,Yes,No,Yes,Yes,Month-to-month,Yes,Mailed check,75.69,2570.08,No
C7000951,Male,0,Yes,No,31,No,No phone service,DSL,No,No,No,No,Yes,No,Two year,Yes,Electronic check,50.81,1594.78,No
C7000952,Male,0,Yes,Yes,1,Yes,No,Fiber optic,Yes,No,No,No,No,Yes,Two year,No,Credit card (automatic),75.28,67.65,No
C7000953,Male,0,No,No,31,No,No phone service,No,No internet service,No internet service,No internet service,No internet service,No internet service,No internet service,Month-to-month,No,Mailed check,24.12,741.27,No
C7000954,Female,0,Yes,No,33,Yes,Yes,No,No internet service,No internet service,No internet service,No internet service,No internet service,No internet service,Month-to-month,Yes,Credit card (automatic),29.98,981.72,No
C7000955,Female,0,No,No,15,Yes,Yes,No,No internet service,No internet service,No internet service,No internet service,No internet service,No internet service,Two year,Yes,Mailed check,28.6,415.62,No
C7000956,Female,1,Yes,No,58,Yes,No,DSL,No,No,No,Yes,No,No,One year,No,Credit card (automatic),51.68,3005.99,No
C7000957,Female,0,No,No,64,Yes,No,Fiber optic,No,Yes,Yes,Yes,No,No,One year,Yes,Mailed check,84.59,5412.08,No
C7000958,Male,1,No,Yes,67,Yes,Yes,Fiber optic,No,Yes,No,No,No,No,One year,Yes,Electronic check,75.3,5050.38,No
C7000959,Female,0,No,Yes,49,Yes,No,DSL,No,Yes,No,No,Yes,Yes,Month-to-month,Yes,Mailed check,65.3,3186.12,No
C7000960,Female,0,Yes,No,49,Yes,No,Fiber optic,Yes,Yes,No,No,No,No,Two year,Yes,Mailed check,74.7,3651.74,No
C7000961,Male,0,Yes,No,11,Yes,No,Fiber optic,Yes,Yes,No,No,No,Yes,One year,Yes,Credit card (automatic),83.34,926.6,Yes
C7000962,Male,0,No,No,28,Yes,Yes,Fiber optic,Yes,No,No,Yes,No,Yes,One year,No,Credit card (automatic),88.88,2480.62,No
C7000963,Male,0,No,No,0,Yes,No,DSL,Yes,No,Yes,No,No,Yes,One year,No,Credit card (automatic),62.7,0.0,No
C7000964,Female,0,No,No,40,Yes,Yes,DSL,Yes,Yes,Yes,Yes,No,No,Month-to-month,Yes,Electronic check,73.21,2926.82,No
C7000965,Male,1,No,No,55,Yes,Yes,Fiber optic,No,No,Yes,No,Yes,No,One year,No,Bank transfer (automatic),83.23,4582.41,No
C7000966,Female,0,No,No,48,Yes,No,DSL,Yes,Yes,Yes,No,Yes,Yes,Month-to-month,Yes,Mailed check,74.99,3633.1,Yes
C7000967,Male,1,No,Yes,1,Yes,Yes,DSL,No,No,No,No,No,No,Month-to-month,Yes,Electronic check,58.0,70.59,Yes
C7000968,Female,0,No,No,40,No,No phone service,Fiber optic,Yes,Yes,No,No,No,Yes,Month-to-month,Yes,Mailed check,84.19,3388.35,Yes
C7000969,Male,0,No,No,64,Yes,Yes,DSL,No,No,No,No,Yes,Yes,Two year,Yes,Electronic check,68.0,4337.18,No
C7000970,Male,0,No,Yes,7,No,No phone service,DSL,Yes,No,No,No,No,Yes,Two year,Yes,Bank transfer (automatic),59.15,420.59,No
C7000971,Male,0,No,No,38,Yes,Yes,DSL,Yes,No,No,No,Yes,No,Two year,No,Bank transfer (automatic),68.23,2615.46,No
C7000972,Male,0,No,Yes,18,Yes,No,DSL,No,Yes,Yes,No,No,Yes,One year,No,Bank transfer (automatic),64.81,1175.25,No
C7000973,Female,0,Yes,No,67,Yes,Yes,DSL,No,No,Yes,No,Yes,No,One year,No,Mailed check,64.06,4289.9,No
C7000974,Male,0,Yes,No,40,Yes,No,Fiber optic,Yes,Yes,Yes,Yes,No,No,Month-to-month,Yes,Mailed check,95.39,3812.91,No
C7000975,Female,0,No,Yes,56,Yes,Yes,No,No internet service,No internet service,No internet service,No internet service,No internet service,No internet service,Month-to-month,Yes,Bank transfer (automatic),30.1,1673.01,No
C7000976,Male,0,No,No,38,Yes,No,DSL,No,No,No,Yes,No,No,One year,No,Electronic check,51.66,1958.18,No
C7000977,Male,0,Yes,No,65,Yes,No,Fiber optic,No,Yes,Yes,Yes,Yes,Yes,Two year,Yes,Electronic check,96.61,6270.14,No
C7000978,Female,0,No,Yes,20,Yes,No,DSL,No,Yes,No,No,Yes,No,One year,Yes,Bank transfer (automatic),65.0,1289.59,No
C7000979,Male,1,No,No,54,Yes,Yes,DSL,No,No,Yes,Yes,No,No,Two year,No,Electronic check,67.6,3659.11,No
C7000980,Female,0,No,No,31,Yes,No,No,No internet service,No internet service,No internet service,No internet service,No internet service,No internet service,Month-to-month,No,Bank transfer (automatic),24.43,751.21,No
C7000981,Female,0,No,No,42,Yes,Yes,No,No internet service,No internet service,No internet service,No internet service,No internet service,No internet service,Month-to-month,Yes,Electronic check,33.53,1416.95,No
C7000982,Female,0,Yes,No,50,Yes,Yes,DSL,Yes,No,No,Yes,No,No,Two year,Yes,Mailed check,61.86,3094.23,No
C7000983,Male,0,Yes,Yes,12,Yes,No,Fiber optic,No,No,No,Yes,Yes,Yes,One year,No,Mailed check,86.28,1067.01,No
C7000984,Male,0,Yes,No,63,Yes,No,Fiber optic,Yes,No,Yes,No,Yes,No,Month-to-month,Yes,Credit card (automatic),84.17,5299.75,No
C7000985,Female,1,No,No,53,Yes,Yes,No,No internet service,No internet service,No internet service,No internet service,No internet service,No internet service,Month-to-month,No,Mailed check,27.98,1492.22,No
C7000986,Male,0,Yes,Yes,29,Yes,No,Fiber optic,Yes,Yes,No,Yes,No,No,Month-to-month,No,Bank transfer (automatic),82.67,2387.6,No
C7000987,Male,0,No,No,43,No,No phone service,Fiber optic,No,No,Yes,No,Yes,Yes,Month-to-month,Yes,Electronic check,80.61,3461.1,No
C7000988,Male,0,No,No,48,Yes,No,No,No internet service,No internet service,No internet service,No internet service,No internet service,No internet service,Two year,No,Mailed check,24.99,1198.51,No
C7000989,Female,0,No,No,33,Yes,No,Fiber optic,No,Yes,Yes,Yes,No,No,Month-to-month,No,Mailed check,88.06,2909.48,No
C7000990,Female,0,No,No,46,Yes,No,No,No internet service,No internet service,No internet service,No internet service,No internet service,No internet service,Month-to-month,Yes,Mailed check,22.0,1010.66,No
C7000991,Female,0,No,No,40,Yes,No,Fiber optic,No,No,No,Yes,No,No,One year,No,Credit card (automatic),83.46,3326.84,No
C7000992,Female,1,No,No,56,Yes,No,No,No internet service,No internet service,No internet service,No internet service,No internet service,No internet service,Two year,No,Credit card (automatic),25.78,1456.2,No
C7000993,Male,0,Yes,No,16,Yes,No,No,No internet service,No internet service,No internet service,No internet service,No internet service,No internet service,Month-to-month,Yes,Bank transfer (automatic),26.14,425.64,Yes
C7000994,Female,0,Yes,Yes,0,Yes,Yes,Fiber optic,No,No,Yes,No,No,No,Month-to-month,Yes,Credit card (automatic),82.44,0.0,Yes
C7000995,Male,0,No,No,29,Yes,No,Fiber optic,Yes,No,Yes,Yes,No,Yes,Month-to-month,Yes,Bank transfer (automatic),85.43,2477.84,No
C7000996,Female,0,Yes,Yes,60,Yes,No,No,No internet service,No internet service,No internet service,No internet service,No internet service,No internet service,Month-to-month,No,Credit card (automatic),31.2,1892.49,No
C7000997,Male,0,No,Yes,9,Yes,Yes,Fiber optic,No,Yes,Yes,No,No,Yes,Month-to-month,No,Credit card (automatic),88.03,790.06,Yes
C7000998,Female,0,Yes,Yes,62,Yes,No,DSL,No,No,No,No,No,No,Month-to-month,No,Credit card (automatic),52.93,3259.66,No
C7000999,Male,1,No,No,29,Yes,No,DSL,No,No,No,Yes,Yes,Yes,Month-to-month,Yes,Electronic check,66.54,1931.62,No
C7001000,Male,0,Yes,No,15,Yes,Yes,DSL,No,No,Yes,No,No,Yes,Two year,No,Electronic check,64.0,926.66,No
C7001001,Male,1,No,No,34,Yes,No,DSL,No,Yes,Yes,Yes,Yes,No,One year,No,Credit card (automatic),72.32,2462.36,No
C7001002,Male,0,Yes,No,59,Yes,No,DSL,No,Yes,Yes,No,Yes,Yes,Two year,Yes,Mailed check,69.56,4108.15,No
C7001003,Male,0,No,No,62,Yes,No,Fiber optic,No,No,Yes,No,No,No,Two year,Yes,Electronic check,76.21,4694.07,No
C7001004,Female,1,Yes,Yes,44,Yes,Yes,Fiber optic,Yes,Yes,Yes,No,No,Yes,Two year,Yes,Bank transfer (automatic),97.07,4241.89,No
C7001005,Male,0,No,Yes,38,Yes,Yes,DSL,No,Yes,Yes,Yes,Yes,Yes,Month-to-month,No,Electronic check,80.11,3028.84,No
C7001006,Female,0,Yes,Yes,58,Yes,Yes,DSL,Yes,No,Yes,Yes,Yes,Yes,Two year,Yes,Bank transfer (automatic),80.93,4692.88,No
C7001007,Male,0,No,No,66,Yes,Yes,DSL,No,Yes,No,Yes,No,No,Two year,Yes,Electronic check,63.3,4158.28,No
C7001008,Female,0,No,Yes,58,Yes,Yes,Fiber optic,Yes,No,Yes,Yes,Yes,Yes,Month-to-month,No,Electronic check,97.32,5663.58,Yes
C7001009,Male,1,No,No,70,Yes,No,Fiber optic,No,Yes,No,No,Yes,Yes,Two year,Yes,Electronic check,87.75,6125.53,No
C7001010,Female,0,No,No,60,Yes,No,No,No internet service,No internet service,No internet service,No internet service,No internet service,No internet service,Two year,Yes,Credit card (automatic),22.63,1370.62,No
C7001011,Female,1,No,No,3,Yes,No,Fiber optic,No,No,Yes,No,Yes,No,One year,No,Electronic check,84.56,222.9,No
C7001012,Male,0,No,No,1,Yes,No,Fiber optic,Yes,No,Yes,No,Yes,Yes,Month-to-month,Yes,Electronic check,87.29,107.8,No
C7001013,Female,0,Yes,No,43,Yes,No,DSL,Yes,No,No,Yes,No,No,Two year,No,Electronic check,60.09,2595.69,No
C7001014,Male,0,No,Yes,69,No,No phone service,Fiber optic,No,Yes,Yes,Yes,No,No,Month-to-month,Yes,Credit card (automatic),81.93,5628.13,No
C7001015,Male,0,Yes,No,21,Yes,Yes,Fiber optic,No,No,No,No,Yes,Yes,Two year,Yes,Mailed check,88.47,1859.26,No
C7001016,Female,1,No,Yes,70,Yes,Yes,No,No internet service,No internet service,No internet service,No internet service,No internet service,No internet service,Two year,Yes,Credit card (automatic),30.56,2147.41,No
C7001017,Female,0,Yes,No,62,Yes,No,Fiber optic,Yes,No,No,Yes,Yes,Yes,Month-to-month,Yes,Electronic check,96.26,5990.22,No
C7001018,Male,0,Yes,Yes,10,Yes,No,No,No internet service,No internet service,No internet service,No internet service,No internet service,No internet service,One year,No,Electronic check,20.15,178.86,No
C7001019,Male,0,No,No,36,Yes,Yes,No,No internet service,No internet service,No internet service,No internet service,No internet service,No internet service,Two year,Yes,Electronic check,23.49,871.03,No
C7001020,Female,0,Yes,No,16,Yes,No,No,No internet service,No internet service,No internet service,No internet service,No internet service,No internet service,Month-to-month,Yes,Electronic check,20.45,323.53,No
C7001021,Female,1,Yes,No,5,Yes,No,Fiber optic,No,No,Yes,No,No,No,One year,No,Credit card (automatic),70.35,385.63,No
C7001022,Female,0,Yes,No,50,No,No phone service,DSL,No,Yes,No,No,Yes,No,Month-to-month,Yes,Mailed check,51.19,2584.06,No
C7001023,Female,0,No,Yes,15,Yes,No,Fiber optic,Yes,No,No,Yes,Yes,No,Month-to-month,Yes,Bank transfer (automatic),83.3,1198.84,Yes
C7001024,Female,0,Yes,No,40,Yes,Yes,No,No internet service,No internet service,No internet service,No internet service,No internet service,No internet service,Two year,Yes,Electronic check,28.4,1145.98,No
C7001025,Male,0,Yes,No,49,No,No phone service,No,No internet service,No internet service,No internet service,No internet service,No internet service,No internet service,Month-to-month,No,Electronic check,18.7,913.49,Yes
C7001026,Female,1,No,Yes,31,Yes,No,No,No internet service,No internet service,No internet service,No internet service,No internet service,No internet service,Month-to-month,No,Mailed check,21.35,675.47,No
C7001027,Male,0,No,Yes,5,Yes,Yes,Fiber optic,No,No,Yes,Yes,Yes,No,Month-to-month,Yes,Electronic check,89.99,458.55,Yes
C7001028,Female,0,Yes,Yes,5,Yes,Yes,No,No internet service,No internet service,No internet service,No internet service,No internet service,No internet service,Month-to-month,Yes,Credit card (automatic),32.34,166.35,No
C7001029,Male,0,No,Yes,27,Yes,No,Fiber optic,No,Yes,No,Yes,Yes,No,Two year,Yes,Mailed check,83.53,2266.08,No
C7001030,Female,0,Yes,No,3,Yes,No,Fiber optic,No,Yes,Yes,Yes,Yes,Yes,Two year,No,Electronic check,94.13,267.37,No
C7001031,Female,1,No,Yes,63,Yes,No,Fiber optic,No,No,Yes,Yes,Yes,Yes,Two year,No,Electronic check,92.9,5825.03,No
C7001032,Female,0,Yes,No,12,Yes,No,DSL,Yes,No,Yes,No,Yes,No,One year,No,Electronic check,67.44,818.77,No
C7001033,Female,0,Yes,Yes,2,Yes,Yes,Fiber optic,Yes,No,Yes,No,No,No,Two year,Yes,Electronic check,83.55,171.57,No
C7001034,Male,0,Yes,No,10,Yes,Yes,DSL,No,Yes,Yes,Yes,Yes,Yes,Month-to-month,Yes,Electronic check,83.59,853.87,No
C7001035,Female,1,No,Yes,50,No,No phone service,Fiber optic,No,No,Yes,No,No,No,Month-to-month,Yes,Mailed check,69.04,3460.75,Yes
C7001036,Male,1,Yes,No,42,Yes,Yes,Fiber optic,Yes,No,No,Yes,No,Yes,One year,Yes,Mailed check,91.84,3850.4,No
C7001037,Male,0,No,No,49,Yes,No,DSL,No,No,No,No,No,No,One year,Yes,Electronic check,46.43,2279.86,No
C7001038,Male,0,No,No,25,Yes,Yes,Fiber optic,Yes,Yes,Yes,Yes,Yes,No,Month-to-month,Yes,Bank transfer (automatic),97.62,2461.02,Yes
C7001039,Male,0,No,No,23,Yes,No,DSL,No,No,No,No,Yes,Yes,Month-to-month,Yes,Credit card (automatic),56.3,1297.83,No
C7001040,Male,0,No,No,49,Yes,No,DSL,No,No,No,No,No,No,Month-to-month,No,Bank transfer (automatic),49.83,2410.4,No
C7001041,Female,0,Yes,No,8,Yes,Yes,DSL,Yes,No,No,Yes,No,No,Month-to-month,Yes,Mailed check,63.45,529.18,Yes
C7001042,Female,0,Yes,No,28,Yes,No,DSL,Yes,Yes,No,No,Yes,No,Month-to-month,No,Electronic check,62.63,1737.84,No
C7001043,Female,1,Yes,No,7,Yes,No,No,No internet service,No internet service,No internet service,No internet service,No internet service,No internet service,Two year,Yes,Mailed check,25.73,171.18,No
C7001044,Male,0,No,Yes,30,No,No phone service,Fiber optic,No,Yes,No,No,No,Yes,Month-to-month,Yes,Credit card (automatic),77.79,2318.03,No
C7001045,Male,0,Yes,Yes,70,Yes,No,Fiber optic,No,Yes,Yes,Yes,No,Yes,Month-to-month,Yes,Bank transfer (automatic),89.5,6267.91,No
C7001046,Male,0,No,Yes,62,Yes,Yes,Fiber optic,No,Yes,Yes,Yes,No,Yes,Month-to-month,No,Mailed check,95.63,5923.22,Yes
C7001047,Female,0,No,No,49,No,No phone service,Fiber optic,No,No,Yes,Yes,No,Yes,Two year,Yes,Mailed check,79.74,3917.08,No
C7001048,Female,0,No,Yes,47,Yes,No,No,No internet service,No internet service,No internet service,No internet service,No internet service,No internet service,Month-to-month,No,Credit card (automatic),22.08,1051.09,No
C7001049,Male,0,No,Yes,27,No,No phone service,Fiber optic,No,Yes,No,Yes,No,No,One year,Yes,Electronic check,73.6,1963.26,No
C7001050,Female,1,Yes,No,51,Yes,No,DSL,No,Yes,No,No,Yes,No,Month-to-month,No,Electronic check,64.14,3238.14,No
C7001051,Male,0,Yes,No,60,Yes,Yes,No,No internet service,No internet service,No internet service,No internet service,No internet service,No internet service,Month-to-month,Yes,Electronic check,28.83,1720.64,No
C7001052,Male,1,No,No,40,Yes,Yes,Fiber optic,No,No,No,No,Yes,No,Month-to-month,No,Bank transfer (automatic),85.92,3450.61,No
C7001053,Male,0,Yes,No,7,Yes,Yes,No,No internet service,No internet service,No internet service,No internet service,No internet service,No internet service,Month-to-month,Yes,Bank transfer (automatic),28.5,204.9,No
C7001054,Male,0,No,Yes,50,Yes,No,No,No internet service,No internet service,No internet service,No internet service,No internet service,No internet service,Two year,No,Bank transfer (automatic),22.84,1153.16,No
C7001055,Female,0,No,No,9,Yes,Yes,Fiber optic,No,Yes,No,No,Yes,Yes,Month-to-month,Yes,Bank transfer (automatic),96.25,847.65,Yes
C7001056,Female,1,Yes,Yes,23,Yes,Yes,No,No internet service,No internet service,No internet service,No internet service,No internet service,No internet service,Month-to-month,Yes,Bank transfer (automatic),34.13,766.47,No
C7001057,Male,0,Yes,Yes,14,Yes,No,DSL,Yes,Yes,No,Yes,No,No,Month-to-month,No,Bank transfer (automatic),63.25,896.47,No
C7001058,Female,0,Yes,No,3,Yes,No,Fiber optic,Yes,No,No,No,Yes,Yes,Month-to-month,No,Credit card (automatic),84.51,236.26,Yes
C7001059,Female,0,Yes,Yes,55,Yes,No,Fiber optic,Yes,No,Yes,Yes,No,No,Month-to-month,Yes,Electronic check,78.51,4322.79,No
C7001060,Female,0,No,No,47,Yes,Yes,No,No internet service,No internet service,No internet service,No internet service,No internet service,No internet service,Two year,Yes,Electronic check,32.02,1480.95,No
C7001061,Female,0,No,No,29,Yes,No,Fiber optic,No,Yes,Yes,Yes,No,Yes,Month-to-month,Yes,Mailed check,88.28,2556.72,Yes
C7001062,Male,0,Yes,Yes,27,Yes,Yes,DSL,No,Yes,Yes,No,No,No,One year,Yes,Electronic check,64.66,1734.7,Yes
C7001063,Female,0,No,Yes,46,Yes,Yes,DSL,No,No,No,No,Yes,Yes,Two year,Yes,Electronic check,61.4,2833.26,No
C7001064,Male,0,Yes,Yes,38,Yes,No,Fiber optic,No,Yes,Yes,Yes,Yes,Yes,Month-to-month,Yes,Mailed check,98.54,3719.57,No
C7001065,Female,0,No,Yes,16,Yes,Yes,Fiber optic,Yes,No,No,No,Yes,No,Month-to-month,No,Credit card (automatic),82.82,1338.69,No
C7001066,Male,0,No,No,35,Yes,Yes,Fiber optic,No,Yes,Yes,Yes,No,Yes,Month-to-month,Yes,Electronic check,96.12,3365.76,Yes
C7001067,Female,0,Yes,No,56,Yes,No,Fiber optic,No,Yes,Yes,Yes,No,Yes,Month-to-month,Yes,Credit card (automatic),89.59,5029.9,Yes
C7001068,Male,0,No,Yes,40,Yes,Yes,Fiber optic,No,Yes,Yes,No,No,Yes,Month-to-month,Yes,Credit card (automatic),94.47,3767.08,No
C7001069,Male,1,No,Yes,58,Yes,Yes,DSL,No,Yes,Yes,No,Yes,Yes,One year,No,Mailed check,77.46,4504.76,No
C7001070,Female,0,Yes,No,37,Yes,No,DSL,No,Yes,No,No,Yes,No,Month-to-month,Yes,Mailed check,60.29,2222.05,Yes
C7001071,Female,0,Yes,No,30,Yes,No,No,No internet service,No internet service,No internet service,No internet service,No internet service,No internet service,Month-to-month,No,Credit card (automatic),24.35,751.85,No
C7001072,Male,1,No,No,54,Yes,No,Fiber optic,No,No,No,No,Yes,No,Month-to-month,Yes,Electronic check,71.69,3846.72,No
C7001073,Female,0,Yes,Yes,15,Yes,Yes,Fiber optic,No,No,No,No,Yes,Yes,Month-to-month,No,Electronic check,79.93,1174.68,Yes
C7001074,Female,0,Yes,No,45,No,No phone service,Fiber optic,No,No,Yes,No,No,No,Month-to-month,Yes,Electronic check,65.96,2967.0,Yes
C7001075,Male,0,Yes,Yes,45,Yes,No,DSL,No,Yes,Yes,No,No,No,Month-to-month,Yes,Electronic check,60.88,2741.83,No
C7001076,Female,0,No,No,20,Yes,Yes,DSL,Yes,Yes,No,No,Yes,Yes,Month-to-month,No,Electronic check,77.4,1550.75,No
C7001077,Male,0,Yes,No,18,Yes,No,No,No internet service,No internet service,No internet service,No internet service,No internet service,No internet service,One year,Yes,Bank transfer (automatic),28.41,520.23,No
C7001078,Female,0,No,No,6,Yes,Yes,DSL,No,Yes,No,No,No,Yes,Month-to-month,Yes,Electronic check,64.88,368.16,Yes
C7001079,Male,0,Yes,Yes,10,Yes,Yes,DSL,Yes,No,No,No,Yes,No,Month-to-month,Yes,Mailed check,65.14,677.31,Yes
C7001080,Male,0,Yes,No,6,Yes,Yes,Fiber optic,No,No,Yes,No,Yes,No,Month-to-month,No,Bank transfer (automatic),83.56,499.84,No
C7001081,Female,1,No,Yes,44,Yes,No,No,No internet service,No internet service,No internet service,No internet service,No internet service,No internet service,Two year,Yes,Mailed check,23.83,1059.81,No
C7001082,Female,0,Yes,No,8,Yes,No,Fiber optic,No,Yes,No,Yes,No,No,One year,No,Bank transfer (automatic),81.98,656.87,No
C7001083,Female,0,No,Yes,37,Yes,Yes,Fiber optic,No,Yes,Yes,Yes,No,No,Month-to-month,No,Electronic check,87.82,3263.82,No
C7001084,Female,0,Yes,No,8,Yes,No,No,No internet service,No internet service,No internet service,No internet service,No internet service,No internet service,Two year,No,Credit card (automatic),25.62,259.55,No
C7001085,Female,0,No,Yes,57,No,No phone service,No,No internet service,No internet service,No internet service,No internet service,No internet service,No internet service,Two year,No,Electronic check,20.38,1146.44,No
C7001086,Female,0,Yes,No,49,Yes,Yes,Fiber optic,Yes,No,Yes,Yes,No,No,One year,No,Credit card (automatic),89.89,4405.93,Yes
C7001087,Female,0,No,No,21,Yes,No,DSL,No,Yes,Yes,No,No,No,Month-to-month,No,Mailed check,59.76,1252.13,No
C7001088,Male,1,Yes,No,53,Yes,Yes,Fiber optic,No,Yes,Yes,No,Yes,No,Month-to-month,No,Electronic check,93.33,4965.9,Yes
C7001089,Male,0,No,Yes,16,Yes,No,No,No internet service,No internet service,No internet service,No internet service,No internet service,No internet service,Two year,Yes,Bank transfer (automatic),26.59,435.74,No
C7001090,Male,0,Yes,No,46,Yes,Yes,Fiber optic,No,Yes,No,No,No,Yes,Month-to-month,No,Mailed check,86.02,3972.24,No
C7001091,Female,0,Yes,Yes,46,Yes,Yes,No,No internet service,No internet service,No internet service,No internet service,No internet service,No internet service,One year,Yes,Electronic check,32.09,1469.74,No
C7001092,Male,0,No,No,31,Yes,No,Fiber optic,No,Yes,Yes,Yes,Yes,No,Two year,Yes,Credit card (automatic),88.68,2760.48,No
C7001093,Male,0,Yes,Yes,51,Yes,Yes,DSL,No,No,No,No,Yes,No,Two year,Yes,Electronic check,63.25,3212.39,No
C7001094,Female,0,Yes,Yes,69,Yes,Yes,Fiber optic,Yes,No,No,No,Yes,No,Month-to-month,No,Credit card (automatic),88.24,6080.24,No
C7001095,Male,0,No,Yes,30,Yes,No,No,No internet service,No internet service,No internet service,No internet service,No internet service,No internet service,Two year,Yes,Credit card (automatic),23.58,724.13,No
C7001096,Male,0,No,Yes,20,Yes,No,DSL,No,Yes,No,Yes,No,Yes,Month-to-month,Yes,Electronic check,65.27,1319.36,Yes
C7001097,Female,0,No,Yes,32,Yes,No,Fiber optic,Yes,Yes,No,Yes,No,Yes,Two year,Yes,Mailed check,89.32,2873.78,No
C7001098,Female,0,No,No,41,Yes,No,Fiber optic,No,No,Yes,Yes,Yes,No,Month-to-month,Yes,Bank transfer (automatic),87.05,3556.08,No
C7001099,Male,0,Yes,Yes,9,Yes,Yes,Fiber optic,No,Yes,No,No,No,No,Two year,No,Credit card (automatic),81.17,741.56,No
C7001100,Male,0,Yes,No,70,Yes,Yes,Fiber optic,No,Yes,Yes,No,No,No,Month-to-month,No,Credit card (automatic),81.95,5721.65,No
C7001101,Male,0,No,No,34,Yes,No,Fiber optic,Yes,Yes,Yes,No,No,No,One year,Yes,Electronic check,84.62,2877.94,No
C7001102,Female,0,Yes,No,70,Yes,Yes,No,No internet service,No internet service,No internet service,No internet service,No internet service,No internet service,Month-to-month,Yes,Bank transfer (automatic),34.13,2401.32,No
C7001103,Female,0,Yes,No,70,Yes,No,DSL,Yes,No,Yes,No,Yes,Yes,Month-to-month,Yes,Electronic check,69.1,4842.32,No
C7001104,Male,0,Yes,No,4,Yes,Yes,Fiber optic,No,No,No,No,No,No,Month-to-month,Yes,Credit card (automatic),77.91,329.75,Yes
C7001105,Female,0,Yes,No,8,Yes,No,DSL,Yes,No,No,Yes,Yes,No,Two year,Yes,Credit card (automatic),69.83,535.38,No
C7001106,Male,0,Yes,No,13,Yes,No,DSL,No,No,No,No,Yes,Yes,Month-to-month,Yes,Mailed check,59.97,773.09,No
C7001107,Male,0,Yes,No,41,Yes,Yes,DSL,Yes,No,No,Yes,No,No,Month-to-month,Yes,Credit card (automatic),68.97,2808.11,No
C7001108,Female,0,No,Yes,25,Yes,Yes,DSL,Yes,Yes,No,Yes,No,Yes,Month-to-month,Yes,Mailed check,71.75,1787.83,Yes
C7001109,Male,0,No,No,1,Yes,No,Fiber optic,No,Yes,No,No,No,No,One year,No,Credit card (automatic),75.63,75.37,No
C7001110,Male,1,No,Yes,41,Yes,Yes,Fiber optic,Yes,No,Yes,No,Yes,No,Month-to-month,Yes,Mailed check,91.3,3743.78,No
C7001111,Male,0,Yes,No,23,Yes,Yes,DSL,No,No,Yes,No,No,Yes,Two year,Yes,Electronic check,63.46,1472.66,No
C7001112,Female,1,Yes,No,61,No,No phone service,No,No internet service,No internet service,No internet service,No internet service,No internet service,No internet service,Month-to-month,No,Mailed check,18.75,1157.81,No
C7001113,Female,1,No,Yes,55,Yes,Yes,Fiber optic,No,Yes,No,No,Yes,No,Month-to-month,No,Electronic check,86.63,4757.12,Yes
C7001114,Female,0,Yes,Yes,61,Yes,Yes,No,No internet service,No internet service,No internet service,No internet service,No internet service,No internet service,Two year,Yes,Electronic check,30.52,1868.53,No
C7001115,Male,0,Yes,No,41,Yes,Yes,No,No internet service,No internet service,No internet service,No internet service,No internet service,No internet service,Month-to-month,No,Credit card (automatic),31.45,1314.46,No
C7001116,Male,0,No,Yes,50,Yes,Yes,Fiber optic,No,Yes,Yes,Yes,No,No,Month-to-month,Yes,Credit card (automatic),98.46,4947.17,No
C7001117,Female,0,No,Yes,5,Yes,No,Fiber optic,No,No,No,No,No,Yes,One year,Yes,Mailed check,74.47,372.84,No
C7001118,Male,0,Yes,No,55,Yes,Yes,No,No internet service,No internet service,No internet service,No internet service,No internet service,No internet service,Month-to-month,No,Mailed check,26.14,1446.18,No
C7001119,Female,0,No,No,32,Yes,No,Fiber optic,No,No,Yes,Yes,Yes,Yes,Month-to-month,Yes,Credit card (automatic),87.71,2806.28,No
C7001120,Female,0,No,No,0,Yes,No,Fiber optic,No,Yes,Yes,Yes,No,No,Month-to-month,Yes,Electronic check,84.79,0.0,Yes
C7001121,Male,0,No,No,5,Yes,No,DSL,Yes,No,Yes,No,Yes,Yes,Month-to-month,No,Credit card (automatic),65.73,309.71,No
C7001122,Female,0,Yes,No,22,Yes,No,DSL,No,No,Yes,Yes,Yes,Yes,Month-to-month,Yes,Mailed check,70.71,1548.06,No
C7001123,Male,0,No,No,27,Yes,Yes,No,No internet service,No internet service,No internet service,No internet service,No internet service,No internet service,Two year,Yes,Mailed check,34.38,921.7,No
C7001124,Male,1,No,No,15,Yes,Yes,DSL,Yes,Yes,Yes,Yes,Yes,No,Month-to-month,No,Bank transfer (automatic),84.94,1268.28,Yes
C7001125,Female,0,Yes,No,56,Yes,No,DSL,Yes,Yes,No,No,No,Yes,Two year,No,Credit card (automatic),65.1,3634.51,No
C7001126,Male,0,No,No,32,Yes,Yes,Fiber optic,No,Yes,No,Yes,No,No,Two year,No,Credit card (automatic),86.72,2774.4,No
C7001127,Female,1,No,No,18,Yes,Yes,No,No internet service,No internet service,No internet service,No internet service,No internet service,No internet service,Two year,Yes,Bank transfer (automatic),32.89,588.47,No
C7001128,Female,0,Yes,Yes,49,Yes,No,No,No internet service,No internet service,No internet service,No internet service,No internet service,No internet service,One year,Yes,Electronic check,33.34,1622.86,No
C7001129,Female,0,Yes,Yes,33,Yes,No,Fiber optic,No,No,No,Yes,Yes,No,Two year,No,Electronic check,80.24,2638.39,No
C7001130,Female,0,Yes,Yes,56,Yes,Yes,Fiber optic,Yes,Yes,No,No,Yes,Yes,Two year,Yes,Credit card (automatic),92.37,5162.51,No
C7001131,Female,0,No,No,36,Yes,No,Fiber optic,Yes,No,Yes,Yes,Yes,Yes,Month-to-month,No,Bank transfer (automatic),94.03,3401.97,No
C7001132,Male,1,Yes,No,54,Yes,No,DSL,No,Yes,No,No,No,No,Two year,Yes,Bank transfer (automatic),52.65,2851.06,No
C7001133,Female,0,No,No,62,Yes,Yes,DSL,No,No,No,Yes,No,Yes,Two year,Yes,Bank transfer (automatic),66.15,4094.91,No
C7001134,Female,0,Yes,No,5,Yes,Yes,No,No internet service,No internet service,No internet service,No internet service,No internet service,No internet service,Two year,No,Electronic check,32.31,172.69,Yes
C7001135,Male,0,No,No,8,Yes,No,No,No internet service,No internet service,No internet service,No internet service,No internet service,No internet service,One year,Yes,Electronic check,25.14,194.15,No
C7001136,Male,0,No,No,53,Yes,Yes,DSL,No,No,No,Yes,No,No,Two year,Yes,Bank transfer (automatic),57.72,3055.67,No
C7001137,Male,0,No,No,40,No,No phone service,Fiber optic,Yes,Yes,Yes,No,Yes,Yes,One year,No,Credit card (automatic),88.15,3521.84,No
C7001138,Male,0,No,Yes,17,Yes,No,No,No internet service,No internet service,No internet service,No internet service,No internet service,No internet service,Month-to-month,Yes,Credit card (automatic),27.8,489.77,No
C7001139,Female,0,Yes,No,2,Yes,No,Fiber optic,No,Yes,No,No,Yes,No,Month-to-month,No,Electronic check,78.45,160.95,Yes
C7001140,Male,0,Yes,No,69,Yes,Yes,DSL,No,No,No,No,No,Yes,One year,No,Mailed check,67.7,4665.16,No
C7001141,Female,0,No,Yes,6,No,No phone service,DSL,Yes,No,No,Yes,Yes,Yes,Month-to-month,Yes,Electronic check,62.1,392.77,No
C7001142,Female,1,Yes,Yes,33,Yes,No,Fiber optic,Yes,No,Yes,No,No,No,Month-to-month,No,Bank transfer (automatic),76.93,2535.95,Yes
C7001143,Female,0,No,Yes,16,Yes,No,Fiber optic,No,Yes,No,No,Yes,Yes,Month-to-month,Yes,Bank transfer (automatic),82.2,1299.31,Yes
C7001144,Male,0,No,Yes,28,Yes,Yes,Fiber optic,No,Yes,No,Yes,No,Yes,Month-to-month,No,Electronic check,93.71,2613.7,No
C7001145,Male,0,No,Yes,52,Yes,No,Fiber optic,Yes,No,Yes,No,No,No,Two year,Yes,Credit card (automatic),79.17,4093.12,No
C7001146,Female,0,Yes,No,37,Yes,No,Fiber optic,No,Yes,Yes,No,No,No,Month-to-month,Yes,Electronic check,78.88,2907.92,Yes
C7001147,Female,0,No,No,3,Yes,No,DSL,No,No,Yes,Yes,Yes,Yes,Two year,Yes,Credit card (automatic),75.5,219.86,No
C7001148,Male,1,Yes,No,6,Yes,No,DSL,Yes,No,No,Yes,No,Yes,Month-to-month,Yes,Credit card (automatic),57.27,326.76,No
C7001149,Female,0,No,Yes,68,Yes,Yes,DSL,Yes,Yes,Yes,No,No,Yes,Month-to-month,No,Credit card (automatic),75.93,5152.25,No
C7001150,Male,1,No,No,18,Yes,Yes,Fiber optic,No,Yes,Yes,No,No,No,Two year,No,Bank transfer (automatic),84.21,1500.04,No
C7001151,Female,1,No,No,31,Yes,No,Fiber optic,No,Yes,No,Yes,No,Yes,Two year,Yes,Bank transfer (automatic),92.51,2881.82,No
C7001152,Male,0,No,No,57,Yes,Yes,DSL,Yes,No,No,No,Yes,No,One year,No,Electronic check,63.53,3596.8,No
C7001153,Male,0,Yes,No,61,Yes,No,No,No internet service,No internet service,No internet service,No internet service,No internet service,No internet service,Month-to-month,No,Mailed check,22.68,1364.55,No
C7001154,Female,0,No,No,20,Yes,No,Fiber optic,No,No,No,Yes,Yes,Yes,Month-to-month,No,Credit card (automatic),87.05,1741.76,Yes
C7001155,Male,0,No,No,16,Yes,Yes,Fiber optic,No,Yes,No,No,Yes,Yes,Month-to-month,No,Electronic check,91.0,1431.71,Yes
C7001156,Male,0,Yes,No,31,Yes,No,No,No internet service,No internet service,No internet service,No internet service,No internet service,No internet service,Two year,Yes,Mailed check,26.75,831.25,No
C7001157,Male,0,No,No,24,Yes,No,DSL,No,No,No,No,No,Yes,Month-to-month,No,Electronic check,53.82,1274.17,No
C7001158,Male,1,No,Yes,51,Yes,No,DSL,No,No,No,Yes,Yes,Yes,Two year,No,Electronic check,63.19,3229.21,No
C7001159,Female,0,No,Yes,53,Yes,No,DSL,No,Yes,Yes,No,Yes,No,One year,Yes,Electronic check,62.22,3288.31,No
C7001160,Male,0,No,No,18,Yes,No,No,No internet service,No internet service,No internet service,No internet service,No internet service,No internet service,Two year,No,Bank transfer (automatic),25.81,457.5,No
C7001161,Female,0,Yes,Yes,27,Yes,Yes,Fiber optic,No,Yes,No,Yes,Yes,Yes,Two year,No,Bank transfer (automatic),95.54,2589.82,No
C7001162,Female,0,No,No,53,Yes,No,DSL,Yes,No,No,No,Yes,No,Month-to-month,Yes,Mailed check,61.08,3237.74,No
C7001163,Male,0,Yes,Yes,37,Yes,Yes,DSL,No,Yes,No,Yes,No,No,Month-to-month,Yes,Mailed check,72.36,2652.07,No
C7001164,Male,0,No,No,40,Yes,No,DSL,Yes,Yes,Yes,Yes,No,Yes,Month-to-month,Yes,Electronic check,79.66,3187.41,No
C7001165,Female,0,Yes,Yes,59,No,No phone service,Fiber optic,No,No,No,No,No,Yes,Month-to-month,Yes,Bank transfer (automatic),69.88,4119.03,No
C7001166,Female,1,No,No,47,Yes,No,Fiber optic,No,Yes,No,Yes,No,No,Month-to-month,Yes,Electronic check,78.64,3690.86,Yes
C7001167,Female,0,Yes,No,47,Yes,Yes,Fiber optic,No,Yes,No,Yes,Yes,Yes,Two year,Yes,Electronic check,98.73,4633.09,No
C7001168,Female,1,Yes,No,35,Yes,Yes,DSL,No,No,No,Yes,Yes,Yes,Month-to-month,No,Mailed check,72.29,2516.61,No
C7001169,Male,0,Yes,Yes,61,Yes,No,No,No internet service,No internet service,No internet service,No internet service,No internet service,No internet service,Month-to-month,Yes,Electronic check,25.98,1588.01,No
C7001170,Male,0,No,No,1,Yes,Yes,No,No internet service,No internet service,No internet service,No internet service,No internet service,No internet service,Two year,Yes,Mailed check,32.08,22.2,No
C7001171,Female,0,Yes,No,6,Yes,No,Fiber optic,No,No,No,Yes,Yes,Yes,Month-to-month,No,Electronic check,82.05,519.06,Yes
C7001172,Male,0,Yes,Yes,49,Yes,No,Fiber optic,No,No,No,Yes,No,No,One year,No,Bank transfer (automatic),77.49,3822.63,No
C7001173,Female,1,Yes,Yes,44,Yes,Yes,No,No internet service,No internet service,No internet service,No internet service,No internet service,No internet service,Month-to-month,Yes,Electronic check,28.39,1248.17,No
C7001174,Male,0,Yes,No,20,Yes,Yes,Fiber optic,No,Yes,No,No,Yes,Yes,Two year,Yes,Mailed check,89.63,1804.98,No
C7001175,Female,0,No,No,43,Yes,Yes,DSL,No,Yes,No,No,Yes,No,Two year,No,Credit card (automatic),67.25,2887.86,No
C7001176,Male,0,No,No,7,Yes,No,Fiber optic,Yes,No,No,No,Yes,No,Two year,No,Credit card (automatic),82.79,572.8,No
C7001177,Male,0,Yes,Yes,44,Yes,Yes,DSL,Yes,No,No,No,No,No,Month-to-month,Yes,Electronic check,53.74,2364.69,Yes
C7001178,Male,0,Yes,No,26,No,No phone service,DSL,No,No,No,No,No,Yes,Two year,No,Electronic check,54.84,1411.78,No
C7001179,Male,0,Yes,No,42,Yes,No,No,No internet service,No internet service,No internet service,No internet service,No internet service,No internet service,Two year,Yes,Credit card (automatic),27.89,1158.26,No
C7001180,Female,1,Yes,No,24,Yes,No,No,No internet service,No internet service,No internet service,No internet service,No internet service,No internet service,Month-to-month,Yes,Electronic check,22.58,571.87,No
C7001181,Male,0,Yes,No,52,Yes,No,Fiber optic,No,Yes,No,No,No,Yes,One year,Yes,Bank transfer (automatic),78.82,4097.64,No
C7001182,Male,0,Yes,No,8,Yes,No,No,No internet service,No internet service,No internet service,No internet service,No internet service,No internet service,Month-to-month,No,Electronic check,25.72,213.47,No
C7001183,Male,0,Yes,No,61,Yes,No,No,No internet service,No internet service,No internet service,No internet service,No internet service,No internet service,Two year,No,Electronic check,23.94,1471.09,No
C7001184,Male,0,Yes,No,36,Yes,No,Fiber optic,No,Yes,No,Yes,No,No,Month-to-month,No,Credit card (automatic),76.15,2728.14,No
C7001185,Female,1,No,No,16,Yes,No,No,No internet service,No internet service,No internet service,No internet service,No internet service,No internet service,Month-to-month,No,Credit card (automatic),22.43,337.88,Yes
C7001186,Male,0,Yes,Yes,70,Yes,No,No,No internet service,No internet service,No internet service,No internet service,No internet service,No internet service,One year,No,Mailed check,27.08,1919.35,No
C7001187,Female,0,No,No,7,Yes,No,DSL,Yes,No,No,No,Yes,No,Two year,Yes,Bank transfer (automatic),56.9,401.42,No
C7001188,Male,0,No,No,39,Yes,No,No,No internet service,No internet service,No internet service,No internet service,No internet service,No internet service,Two year,No,Mailed check,24.89,970.85,No
C7001189,Female,1,No,Yes,5,Yes,No,No,No internet service,No internet service,No internet service,No internet service,No internet service,No internet service,One year,Yes,Electronic check,26.42,138.16,No
C7001190,Male,0,Yes,No,65,Yes,No,DSL,No,No,Yes,No,No,Yes,Month-to-month,No,Credit card (automatic),60.87,3962.66,No
C7001191,Male,1,No,No,11,Yes,Yes,Fiber optic,No,Yes,Yes,No,No,Yes,Two year,Yes,Bank transfer (automatic),89.0,994.07,Yes
C7001192,Female,0,No,Yes,18,Yes,No,DSL,No,Yes,Yes,No,Yes,Yes,Month-to-month,Yes,Credit card (automatic),68.23,1241.07,No
C7001193,Female,1,No,No,47,Yes,Yes,Fiber optic,Yes,No,No,No,Yes,No,Two year,Yes,Electronic check,81.74,3841.65,No
C7001194,Female,0,No,Yes,64,Yes,Yes,Fiber optic,No,No,No,Yes,Yes,No,Month-to-month,No,Electronic check,86.1,5510.5,Yes
C7001195,Male,0,Yes,No,30,No,No phone service,DSL,No,No,No,No,No,No,Month-to-month,No,Electronic check,42.37,1291.42,No
C7001196,Male,0,No,No,18,Yes,Yes,Fiber optic,No,No,No,No,No,No,Month-to-month,Yes,Bank transfer (automatic),81.23,1438.96,No
C7001197,Female,0,No,No,25,No,No phone service,Fiber optic,No,No,No,No,No,Yes,One year,No,Credit card (automatic),69.32,1734.48,No
C7001198,Male,1,Yes,No,66,Yes,Yes,DSL,No,No,No,Yes,No,No,One year,No,Credit card (automatic),60.8,3995.29,No
C7001199,Female,1,Yes,No,66,Yes,No,Fiber optic,Yes,Yes,No,No,No,Yes,Month-to-month,No,Credit card (automatic),83.05,5456.37,No
C7001200,Female,0,No,No,8,Yes,No,No,No internet service,No internet service,No internet service,No internet service,No internet service,No internet service,Month-to-month,Yes,Credit card (automatic),26.99,204.79,Yes
C7001201,Female,1,Yes,No,65,Yes,Yes,DSL,Yes,Yes,Yes,Yes,No,No,One year,Yes,Bank transfer (automatic),69.3,4487.57,No
C7001202,Female,0,No,No,61,Yes,Yes,Fiber optic,Yes,Yes,No,No,No,Yes,Month-to-month,Yes,Mailed check,91.28,5576.6,No
C7001203,Female,0,Yes,No,39,Yes,Yes,DSL,No,Yes,Yes,No,No,Yes,Two year,No,Electronic check,69.3,2673.87,No
C7001204,Male,0,No,No,18,Yes,No,DSL,Yes,Yes,Yes,No,No,No,Two year,Yes,Electronic check,73.28,1336.89,No
C7001205,Male,0,Yes,No,33,Yes,Yes,Fiber optic,No,No,Yes,No,Yes,No,Month-to-month,No,Bank transfer (automatic),84.86,2794.64,Yes
C7001206,Female,0,No,No,56,Yes,Yes,DSL,No,Yes,Yes,Yes,No,Yes,Two year,Yes,Credit card (automatic),72.64,4079.9,No
C7001207,Male,0,No,No,19,Yes,Yes,Fiber optic,No,Yes,No,Yes,No,Yes,Month-to-month,Yes,Mailed check,92.87,1754.7,No
C7001208,Male,0,No,No,25,Yes,Yes,DSL,No,No,No,No,No,Yes,Month-to-month,Yes,Mailed check,60.57,1503.02,No
C7001209,Male,0,Yes,Yes,33,Yes,No,Fiber optic,No,Yes,No,Yes,Yes,No,Month-to-month,Yes,Mailed check,80.76,2659.36,No
C7001210,Female,0,Yes,No,4,Yes,No,DSL,No,Yes,Yes,No,No,No,Two year,Yes,Credit card (automatic),65.07,253.93,No
C7001211,Female,0,Yes,Yes,29,Yes,Yes,No,No internet service,No internet service,No internet service,No internet service,No internet service,No internet service,Month-to-month,Yes,Bank transfer (automatic),26.27,756.46,No
C7001212,Female,0,Yes,No,9,Yes,Yes,Fiber optic,Yes,No,No,Yes,No,No,Month-to-month,Yes,Mailed check,83.81,742.01,No
C7001213,Male,0,No,Yes,0,Yes,No,DSL,Yes,No,Yes,No,No,Yes,One year,Yes,Bank transfer (automatic),65.98,0.0,Yes
C7001214,Male,0,Yes,No,28,Yes,No,DSL,Yes,No,No,No,No,Yes,Month-to-month,Yes,Electronic check,60.35,1693.29,No
C7001215,Female,0,Yes,Yes,55,No,No phone service,Fiber optic,No,No,Yes,Yes,No,No,Month-to-month,No,Electronic check,77.63,4276.29,No
C7001216,Male,0,No,No,71,Yes,No,No,No internet service,No internet service,No internet service,No internet service,No internet service,No internet service,Two year,Yes,Electronic check,21.05,1512.66,No
C7001217,Female,0,Yes,No,32,Yes,No,Fiber optic,No,Yes,No,No,No,Yes,Two year,Yes,Credit card (automatic),79.46,2544.33,No
C7001218,Female,0,Yes,No,55,Yes,Yes,Fiber optic,No,No,No,Yes,No,No,One year,Yes,Bank transfer (automatic),77.53,4273.48,No
C7001219,Male,0,No,No,16,No,No phone service,Fiber optic,Yes,No,Yes,Yes,No,No,Month-to-month,Yes,Electronic check,81.93,1332.13,No
C7001220,Male,1,Yes,No,46,Yes,No,DSL,No,Yes,No,No,Yes,No,One year,Yes,Mailed check,62.87,2880.47,Yes
C7001221,Male,0,No,Yes,48,Yes,Yes,Fiber optic,No,No,Yes,Yes,Yes,Yes,Month-to-month,No,Electronic check,94.06,4524.22,No
C7001222,Female,1,No,No,24,Yes,Yes,DSL,No,Yes,No,No,No,Yes,Month-to-month,Yes,Bank transfer (automatic),64.64,1540.74,No
C7001223,Female,1,Yes,No,32,Yes,No,No,No internet service,No internet service,No internet service,No internet service,No internet service,No internet service,Month-to-month,Yes,Bank transfer (automatic),23.48,741.08,No
C7001224,Male,0,No,No,48,Yes,No,No,No internet service,No internet service,No internet service,No internet service,No internet service,No internet service,One year,Yes,Bank transfer (automatic),21.81,1047.9,No
C7001225,Female,0,No,No,22,Yes,Yes,DSL,Yes,No,No,No,No,Yes,One year,Yes,Bank transfer (automatic),66.89,1428.41,No
C7001226,Male,0,Yes,No,44,Yes,No,DSL,No,No,Yes,No,No,No,Month-to-month,Yes,Mailed check,52.13,2289.51,No
C7001227,Male,0,No,No,16,Yes,Yes,Fiber optic,No,No,No,No,Yes,Yes,Two year,No,Electronic check,84.96,1347.79,No
C7001228,Female,0,Yes,No,39,Yes,Yes,Fiber optic,No,No,Yes,Yes,No,No,Month-to-month,Yes,Electronic check,86.86,3365.41,No
C7001229,Male,1,No,No,4,Yes,Yes,Fiber optic,No,No,Yes,Yes,No,No,Month-to-month,Yes,Credit card (automatic),80.52,332.09,Yes
C7001230,Male,0,No,No,32,No,No phone service,Fiber optic,No,No,Yes,No,Yes,No,Month-to-month,Yes,Electronic check,75.5,2404.97,Yes
C7001231,Female,0,Yes,No,36,Yes,No,DSL,No,Yes,No,No,Yes,Yes,Month-to-month,No,Bank transfer (automatic),61.82,2233.05,No
C7001232,Male,0,Yes,No,60,Yes,Yes,Fiber optic,No,No,No,No,No,No,Month-to-month,No,Credit card (automatic),76.14,4579.69,Yes
C7001233,Female,0,Yes,Yes,27,Yes,No,DSL,No,Yes,Yes,No,No,Yes,Month-to-month,Yes,Mailed check,65.21,1773.3,No
C7001234,Male,0,No,No,0,Yes,No,Fiber optic,No,No,No,Yes,No,Yes,Month-to-month,Yes,Electronic check,77.88,0.0,Yes
C7001235,Male,1,No,No,2,Yes,Yes,Fiber optic,Yes,Yes,No,Yes,Yes,No,Two year,Yes,Bank transfer (automatic),95.88,182.31,No
C7001236,Male,0,Yes,Yes,39,Yes,Yes,DSL,Yes,Yes,Yes,Yes,Yes,No,Month-to-month,Yes,Electronic check,81.56,3163.01,No
C7001237,Male,0,Yes,No,59,Yes,No,No,No internet service,No internet service,No internet service,No internet service,No internet service,No internet service,Two year,Yes,Electronic check,21.36,1292.24,No
C7001238,Male,0,No,Yes,65,Yes,Yes,Fiber optic,Yes,Yes,No,Yes,Yes,No,Two year,Yes,Mailed check,95.35,6193.36,No
C7001239,Male,0,Yes,No,59,No,No phone service,Fiber optic,No,No,No,Yes,No,No,Two year,Yes,Electronic check,67.92,4004.2,No
C7001240,Female,0,Yes,No,24,Yes,Yes,No,No internet service,No internet service,No internet service,No internet service,No internet service,No internet service,One year,Yes,Electronic check,32.2,785.82,No
C7001241,Male,0,Yes,Yes,35,No,No phone service,Fiber optic,Yes,Yes,No,Yes,Yes,No,One year,Yes,Bank transfer (automatic),78.2,2736.37,Yes
C7001242,Male,0,No,Yes,64,Yes,No,No,No internet service,No internet service,No internet service,No internet service,No internet service,No internet service,One year,Yes,Bank transfer (automatic),26.3,1679.93,Yes
C7001243,Male,0,Yes,No,61,Yes,No,No,No internet service,No internet service,No internet service,No internet service,No internet service,No internet service,Month-to-month,Yes,Credit card (automatic),21.09,1299.93,No
C7001244,Male,1,No,Yes,33,Yes,Yes,Fiber optic,Yes,No,No,No,Yes,Yes,Month-to-month,Yes,Bank transfer (automatic),88.62,2905.35,Yes
C7001245,Male,0,No,Yes,35,Yes,No,DSL,Yes,Yes,Yes,Yes,Yes,Yes,Month-to-month,Yes,Electronic check,84.11,2926.28,No
C7001246,Female,0,Yes,No,5,No,No phone service,DSL,No,Yes,No,No,No,Yes,Two year,Yes,Electronic check,50.51,252.28,No
C7001247,Male,0,No,No,12,Yes,No,Fiber optic,No,No,Yes,No,Yes,No,Month-to-month,Yes,Credit card (automatic),80.67,939.4,No
C7001248,Female,1,Yes,No,38,Yes,No,DSL,Yes,Yes,No,No,Yes,No,Two year,Yes,Mailed check,61.88,2325.88,No
C7001249,Female,0,Yes,No,37,Yes,Yes,DSL,Yes,Yes,No,No,Yes,No,One year,No,Electronic check,74.03,2763.99,No
C7001250,Male,0,No,No,41,Yes,Yes,DSL,Yes,Yes,No,Yes,Yes,Yes,Two year,No,Bank transfer (automatic),81.12,3302.02,No
C7001251,Male,0,Yes,No,22,Yes,Yes,DSL,No,Yes,Yes,Yes,Yes,Yes,One year,Yes,Electronic check,87.92,1926.26,No
C7001252,Male,0,No,Yes,16,No,No phone service,Fiber optic,No,No,No,No,Yes,No,Month-to-month,Yes,Electronic check,70.44,1138.78,Yes
C7001253,Female,0,No,No,33,Yes,No,DSL,Yes,No,No,No,Yes,Yes,Month-to-month,No,Electronic check,67.67,2247.5,No
C7001254,Male,0,Yes,No,64,Yes,Yes,DSL,Yes,Yes,No,Yes,Yes,No,Month-to-month,Yes,Electronic check,74.6,4780.4,No
C7001255,Female,0,No,No,70,No,No phone service,Fiber optic,Yes,No,No,No,No,No,Month-to-month,Yes,Mailed check,75.68,5289.71,No
C7001256,Female,0,No,Yes,3,Yes,No,No,No internet service,No internet service,No internet service,No internet service,No internet service,No internet service,One year,No,Credit card (automatic),25.3,62.8,No
C7001257,Female,0,Yes,No,25,Yes,Yes,Fiber optic,Yes,Yes,Yes,No,No,Yes,Month-to-month,No,Mailed check,98.99,2470.2,No
C7001258,Female,0,No,No,38,Yes,No,No,No internet service,No internet service,No internet service,No internet service,No internet service,No internet service,Month-to-month,Yes,Credit card (automatic),19.71,753.05,No
C7001259,Female,0,No,Yes,15,Yes,No,DSL,Yes,No,No,No,No,No,Month-to-month,Yes,Mailed check,55.26,808.23,No
C7001260,Male,0,Yes,No,25,Yes,No,Fiber optic,No,Yes,No,No,Yes,No,Month-to-month,No,Bank transfer (automatic),78.64,1974.6,Yes
C7001261,Male,0,Yes,Yes,9,Yes,Yes,Fiber optic,No,No,Yes,No,Yes,No,Month-to-month,Yes,Bank transfer (automatic),87.23,785.13,No
C7001262,Male,0,Yes,No,33,Yes,No,Fiber optic,Yes,No,Yes,Yes,Yes,Yes,Two year,Yes,Electronic check,98.7,3247.08,No
C7001263,Female,0,Yes,No,64,Yes,Yes,Fiber optic,Yes,Yes,No,No,No,Yes,Month-to-month,Yes,Credit card (automatic),95.72,6134.9,No
C7001264,Female,0,Yes,Yes,67,Yes,Yes,No,No internet service,No internet service,No internet service,No internet service,No internet service,No internet service,Month-to-month,Yes,Electronic check,26.48,1794.09,Yes
C7001265,Female,0,No,No,1,No,No phone service,DSL,No,Yes,Yes,No,Yes,Yes,Month-to-month,No,Bank transfer (automatic),68.56,70.76,Yes
C7001266,Male,1,No,Yes,46,Yes,Yes,Fiber optic,No,Yes,No,Yes,No,No,One year,No,Bank transfer (automatic),84.1,3870.0,No
C7001267,Female,1,No,No,66,Yes,No,Fiber optic,Yes,No,No,No,No,Yes,One year,No,Bank transfer (automatic),83.94,5533.98,No
C7001268,Male,0,Yes,No,56,Yes,No,Fiber optic,No,Yes,No,Yes,No,Yes,Month-to-month,No,Credit card (automatic),85.17,4744.38,No
C7001269,Male,0,Yes,No,4,Yes,Yes,Fiber optic,Yes,Yes,Yes,No,No,Yes,Month-to-month,No,Bank transfer (automatic),99.75,385.51,Yes
C7001270,Female,0,Yes,Yes,28,Yes,No,DSL,No,Yes,No,No,Yes,No,One year,Yes,Electronic check,58.06,1624.95,No
C7001271,Male,0,Yes,No,54,Yes,No,DSL,No,No,No,No,No,Yes,Month-to-month,Yes,Credit card (automatic),57.91,3105.95,Yes
C7001272,Male,0,No,No,71,Yes,Yes,Fiber optic,Yes,Yes,Yes,Yes,No,No,One year,Yes,Electronic check,91.33,6474.43,No
C7001273,Female,1,Yes,No,21,Yes,Yes,Fiber optic,No,No,No,No,No,Yes,Month-to-month,Yes,Mailed check,76.22,1583.39,Yes
C7001274,Male,1,No,No,20,Yes,No,DSL,No,No,No,Yes,No,Yes,Month-to-month,Yes,Electronic check,56.46,1130.24,Yes
C7001275,Male,0,Yes,No,18,Yes,No,No,No internet service,No internet service,No internet service,No internet service,No internet service,No internet service,Two year,No,Mailed check,24.51,450.61,No
C7001276,Male,0,No,No,65,Yes,Yes,Fiber optic,Yes,No,No,No,Yes,No,One year,Yes,Bank transfer (automatic),84.37,5493.98,No
C7001277,Male,0,No,No,13,Yes,No,DSL,No,No,No,Yes,Yes,Yes,Month-to-month,No,Bank transfer (automatic),66.45,885.31,Yes
C7001278,Female,0,No,No,26,Yes,No,DSL,Yes,Yes,Yes,No,No,No,Month-to-month,Yes,Electronic check,65.89,1694.43,No
C7001279,Female,0,No,Yes,9,Yes,No,No,No internet service,No internet service,No internet service,No internet service,No internet service,No internet service,One year,Yes,Credit card (automatic),24.5,233.86,No
C7001280,Male,1,No,No,68,Yes,Yes,No,No internet service,No internet service,No internet service,No internet service,No internet service,No internet service,Month-to-month,Yes,Electronic check,31.07,2116.49,No
C7001281,Male,1,No,No,4,Yes,No,No,No internet service,No internet service,No internet service,No internet service,No internet service,No internet service,Month-to-month,Yes,Mailed check,24.24,102.59,Yes
C7001282,Male,0,Yes,No,37,Yes,Yes,Fiber optic,Yes,No,No,No,Yes,No,One year,Yes,Credit card (automatic),86.82,3234.73,No
C7001283,Female,0,Yes,No,11,Yes,Yes,No,No internet service,No internet service,No internet service,No internet service,No internet service,No internet service,One year,Yes,Mailed check,27.21,272.94,No
C7001284,Female,0,No,No,29,Yes,No,DSL,Yes,No,Yes,Yes,No,No,Month-to-month,No,Electronic check,66.53,1926.94,Yes
C7001285,Female,0,Yes,Yes,42,Yes,Yes,DSL,No,No,No,No,Yes,Yes,Two year,No,Mailed check,60.13,2518.28,No
C7001286,Male,0,No,No,50,Yes,Yes,DSL,No,No,No,No,No,No,Two year,No,Electronic check,59.76,2973.49,No
C7001287,Male,0,Yes,No,41,Yes,Yes,Fiber optic,Yes,Yes,Yes,No,No,Yes,One year,Yes,Electronic check,91.84,3762.38,No
C7001288,Male,0,No,Yes,31,Yes,Yes,DSL,No,No,Yes,No,Yes,No,One year,Yes,Electronic check,61.59,1915.13,No
C7001289,Female,0,Yes,Yes,20,Yes,No,Fiber optic,No,No,No,No,No,Yes,Month-to-month,Yes,Bank transfer (automatic),79.4,1587.58,No
C7001290,Male,0,No,Yes,58,Yes,Yes,DSL,Yes,No,No,Yes,No,Yes,Month-to-month,No,Electronic check,68.41,3941.96,No
C7001291,Female,0,Yes,No,49,Yes,No,Fiber optic,No,Yes,No,No,No,Yes,Two year,Yes,Bank transfer (automatic),84.07,4115.67,No
C7001292,Female,0,Yes,No,49,No,No phone service,No,No internet service,No internet service,No internet service,No internet service,No internet service,No internet service,Two year,No,Bank transfer (automatic),20.18,971.26,No
C7001293,Male,0,No,Yes,56,Yes,Yes,Fiber optic,No,No,Yes,No,Yes,Yes,Two year,No,Bank transfer (automatic),85.13,4753.85,No
C7001294,Male,0,Yes,No,16,Yes,Yes,Fiber optic,Yes,No,No,No,No,No,Two year,Yes,Mailed check,79.31,1254.94,No
C7001295,Male,0,Yes,No,71,Yes,No,DSL,No,No,Yes,No,Yes,No,Two year,Yes,Bank transfer (automatic),53.0,3788.98,No
C7001296,Male,0,No,No,67,Yes,No,DSL,No,No,Yes,No,No,No,Month-to-month,No,Credit card (automatic),56.37,3769.7,Yes
C7001297,Male,0,No,No,32,Yes,No,Fiber optic,No,No,No,No,No,No,Month-to-month,No,Mailed check,72.63,2316.73,No
C7001298,Female,0,Yes,No,14,Yes,Yes,DSL,No,No,No,Yes,No,No,Two year,No,Bank transfer (automatic),61.74,863.99,No
C7001299,Male,0,No,No,27,Yes,Yes,Fiber optic,Yes,No,No,Yes,Yes,Yes,Two year,No,Credit card (automatic),92.8,2496.02,No
C7001300,Male,0,Yes,No,28,Yes,Yes,No,No internet service,No internet service,No internet service,No internet service,No internet service,No internet service,Month-to-month,No,Bank transfer (automatic),30.59,871.25,No
C7001301,Female,0,Yes,No,71,Yes,Yes,DSL,No,No,Yes,No,No,No,Month-to-month,Yes,Bank transfer (automatic),55.96,3982.26,No
C7001302,Female,0,No,No,21,Yes,No,DSL,No,No,Yes,No,Yes,Yes,One year,No,Electronic check,66.58,1403.8,Yes
C7001303,Male,0,Yes,No,68,Yes,Yes,DSL,No,No,No,Yes,Yes,Yes,Two year,Yes,Bank transfer (automatic),71.82,4882.51,No
C7001304,Female,0,Yes,No,16,Yes,Yes,No,No internet service,No internet service,No internet service,No internet service,No internet service,No internet service,Month-to-month,Yes,Mailed check,28.1,458.86,No
C7001305,Female,0,Yes,No,67,No,No phone service,DSL,Yes,Yes,No,No,Yes,No,One year,Yes,Electronic check,57.7,3863.5,No
C7001306,Female,0,No,Yes,67,Yes,Yes,Fiber optic,Yes,Yes,Yes,No,Yes,No,One year,Yes,Mailed check,91.94,6172.22,No
C7001307,Female,1,No,No,44,Yes,No,Fiber optic,Yes,No,Yes,Yes,Yes,Yes,Month-to-month,No,Bank transfer (automatic),99.61,4386.51,No
C7001308,Male,1,Yes,Yes,7,Yes,Yes,Fiber optic,Yes,No,No,No,Yes,Yes,Month-to-month,No,Mailed check,87.76,605.09,No
C7001309,Female,0,No,Yes,45,Yes,No,Fiber optic,Yes,No,Yes,No,No,Yes,Month-to-month,No,Electronic check,88.58,3985.06,No
C7001310,Male,0,No,No,66,No,No phone service,DSL,No,No,No,No,No,Yes,Month-to-month,No,Credit card (automatic),49.51,3279.1,No
C7001311,Female,0,Yes,Yes,67,Yes,No,No,No internet service,No internet service,No internet service,No internet service,No internet service,No internet service,Month-to-month,Yes,Electronic check,20.71,1389.36,No
C7001312,Female,0,No,No,33,Yes,No,DSL,No,No,No,No,No,No,One year,No,Bank transfer (automatic),47.89,1567.64,No
C7001313,Male,0,Yes,No,35,Yes,Yes,Fiber optic,No,Yes,No,Yes,No,No,One year,Yes,Bank transfer (automatic),84.4,2983.98,No
C7001314,Male,0,Yes,No,28,Yes,Yes,No,No internet service,No internet service,No internet service,No internet service,No internet service,No internet service,Month-to-month,No,Electronic check,28.12,780.73,No
C7001315,Female,1,Yes,No,15,Yes,No,DSL,No,No,No,Yes,No,No,Two year,Yes,Credit card (automatic),57.12,857.47,No
C7001316,Female,0,Yes,Yes,47,Yes,No,Fiber optic,Yes,No,No,No,No,Yes,Month-to-month,Yes,Mailed check,78.52,3689.71,No
C7001317,Male,0,No,Yes,71,Yes,Yes,Fiber optic,No,No,No,No,Yes,Yes,Month-to-month,Yes,Mailed check,85.24,6082.98,No
C7001318,Female,1,No,No,19,Yes,No,DSL,No,No,Yes,No,Yes,No,Month-to-month,No,Electronic check,59.07,1120.46,Yes
C7001319,Female,0,No,Yes,61,Yes,No,Fiber optic,Yes,Yes,No,No,No,No,One year,Yes,Mailed check,79.01,4832.36,No
C7001320,Male,0,Yes,No,6,Yes,Yes,DSL,Yes,Yes,Yes,No,Yes,Yes,Two year,Yes,Credit card (automatic),78.27,482.68,No
C7001321,Male,0,Yes,Yes,4,Yes,No,Fiber optic,Yes,No,No,No,No,No,Two year,No,Credit card (automatic),73.93,278.16,No
C7001322,Male,1,Yes,No,65,No,No phone service,Fiber optic,No,Yes,No,No,Yes,No,One year,Yes,Mailed check,78.87,5150.73,No
C7001323,Female,0,Yes,Yes,8,Yes,No,Fiber optic,Yes,Yes,No,No,Yes,No,One year,Yes,Credit card (automatic),84.58,679.22,No
C7001324,Male,0,No,No,30,Yes,No,Fiber optic,No,No,Yes,Yes,No,No,Month-to-month,No,Mailed check,81.47,2444.4,No
C7001325,Female,0,No,Yes,64,Yes,No,Fiber optic,Yes,No,Yes,No,No,Yes,Month-to-month,Yes,Mailed check,86.95,5569.87,No
C7001326,Male,0,No,No,25,Yes,No,DSL,No,No,No,No,No,Yes,Month-to-month,No,Mailed check,51.94,1330.92,No
C7001327,Female,0,No,Yes,21,Yes,No,DSL,Yes,No,No,Yes,No,Yes,Month-to-month,No,Bank transfer (automatic),61.56,1292.94,No
C7001328,Male,0,Yes,Yes,2,Yes,Yes,DSL,No,No,Yes,Yes,No,No,One year,Yes,Credit card (automatic),60.52,124.32,Yes
C7001329,Male,0,Yes,Yes,50,Yes,Yes,No,No internet service,No internet service,No internet service,No internet service,No internet service,No internet service,Month-to-month,No,Electronic check,27.53,1388.79,No
C7001330,Female,0,Yes,No,23,Yes,Yes,Fiber optic,Yes,Yes,Yes,No,No,Yes,Month-to-month,Yes,Electronic check,96.89,2232.63,No
C7001331,Male,0,No,No,8,Yes,Yes,DSL,No,Yes,Yes,No,No,Yes,Two year,Yes,Electronic check,64.6,534.15,No
C7001332,Female,0,Yes,No,34,Yes,Yes,Fiber optic,Yes,No,Yes,Yes,No,Yes,Two year,Yes,Credit card (automatic),96.17,3276.36,No
C7001333,Female,0,Yes,No,12,Yes,No,Fiber optic,No,No,No,No,No,Yes,Month-to-month,No,Electronic check,72.26,884.47,Yes
C7001334,Female,0,No,No,61,No,No phone service,Fiber optic,No,Yes,No,Yes,No,Yes,Month-to-month,Yes,Credit card (automatic),81.59,4986.83,No
C7001335,Female,0,Yes,Yes,54,No,No phone service,Fiber optic,Yes,No,No,No,Yes,Yes,One year,No,Credit card (automatic),78.2,4225.43,No
C7001336,Male,0,No,No,71,Yes,Yes,DSL,Yes,No,Yes,Yes,Yes,Yes,Month-to-month,Yes,Credit card (automatic),81.38,5794.26,No
C7001337,Female,0,Yes,No,71,Yes,Yes,DSL,Yes,Yes,Yes,No,No,No,One year,Yes,Mailed check,71.89,5116.36,No
C7001338,Female,0,No,Yes,61,Yes,No,No,No internet service,No internet service,No internet service,No internet service,No internet service,No internet service,Month-to-month,No,Bank transfer (automatic),22.55,1373.5,No
C7001339,Male,0,Yes,Yes,36,Yes,Yes,Fiber optic,No,No,Yes,No,Yes,Yes,Month-to-month,No,Electronic check,88.77,3185.46,Yes
C7001340,Male,0,No,No,12,Yes,No,Fiber optic,No,No,Yes,No,Yes,Yes,Month-to-month,No,Mailed check,83.15,1001.04,Yes
C7001341,Female,0,No,Yes,3,Yes,Yes,DSL,Yes,Yes,Yes,No,Yes,Yes,Month-to-month,No,Mailed check,79.4,256.66,No
C7001342,Male,0,Yes,Yes,6,Yes,Yes,No,No internet service,No internet service,No internet service,No internet service,No internet service,No internet service,Month-to-month,No,Electronic check,29.48,161.71,No
C7001343,Female,1,No,No,17,Yes,No,DSL,No,Yes,No,Yes,Yes,Yes,Two year,Yes,Mailed check,71.43,1212.19,No
C7001344,Female,0,No,Yes,64,Yes,No,Fiber optic,No,No,Yes,No,Yes,No,One year,Yes,Mailed check,86.75,5551.24,No
C7001345,Female,0,No,No,15,Yes,Yes,Fiber optic,No,No,Yes,No,No,No,One year,Yes,Bank transfer (automatic),83.79,1272.44,No
C7001346,Male,0,No,No,6,Yes,Yes,DSL,No,Yes,Yes,Yes,No,Yes,Month-to-month,Yes,Credit card (automatic),70.67,407.64,No
C7001347,Male,0,No,No,68,Yes,Yes,DSL,Yes,No,Yes,No,Yes,Yes,Month-to-month,No,Mailed check,71.66,4888.45,No
C7001348,Male,0,Yes,No,31,Yes,Yes,Fiber optic,Yes,No,No,Yes,Yes,Yes,Two year,No,Electronic check,96.44,2979.85,No
C7001349,Male,0,Yes,No,30,Yes,No,Fiber optic,No,Yes,No,No,Yes,Yes,Two year,Yes,Electronic check,82.34,2470.97,Yes
C7001350,Female,0,Yes,No,22,Yes,No,No,No internet service,No internet service,No internet service,No internet service,No internet service,No internet service,Month-to-month,No,Credit card (automatic),22.9,516.75,No
C7001351,Female,0,No,No,69,Yes,Yes,Fiber optic,Yes,No,Yes,Yes,No,Yes,Month-to-month,Yes,Electronic check,91.55,6340.0,No
C7001352,Male,0,No,No,25,Yes,Yes,No,No internet service,No internet service,No internet service,No internet service,No internet service,No internet service,Two year,No,Electronic check,29.42,753.18,No
C7001353,Male,0,No,No,62,Yes,Yes,Fiber optic,No,No,No,Yes,No,No,Two year,No,Bank transfer (automatic),75.95,4700.83,No
C7001354,Female,0,Yes,No,72,Yes,Yes,Fiber optic,No,Yes,Yes,No,Yes,Yes,Month-to-month,Yes,Credit card (automatic),98.28,7062.46,Yes
C7001355,Male,1,No,No,32,Yes,No,No,No internet service,No internet service,No internet service,No internet service,No internet service,No internet service,Month-to-month,Yes,Bank transfer (automatic),27.28,901.53,No
C7001356,Female,0,No,Yes,51,Yes,Yes,No,No internet service,No internet service,No internet service,No internet service,No internet service,No internet service,Month-to-month,Yes,Electronic check,25.1,1261.33,No
C7001357,Male,0,Yes,Yes,1,Yes,No,DSL,Yes,Yes,Yes,Yes,Yes,No,Month-to-month,Yes,Credit card (automatic),76.82,102.83,No
C7001358,Female,0,No,No,57,Yes,No,Fiber optic,No,No,No,Yes,No,Yes,One year,Yes,Mailed check,81.59,4665.42,No
C7001359,Male,0,Yes,No,71,Yes,No,DSL,Yes,No,No,No,Yes,No,Month-to-month,Yes,Bank transfer (automatic),61.2,4358.7,No
C7001360,Female,0,No,No,14,Yes,No,No,No internet service,No internet service,No internet service,No internet service,No internet service,No internet service,Month-to-month,No,Bank transfer (automatic),25.39,366.95,Yes
C7001361,Male,1,Yes,No,0,Yes,Yes,Fiber optic,Yes,Yes,Yes,Yes,No,No,Month-to-month,Yes,Mailed check,95.07,0.0,Yes
C7001362,Female,0,No,Yes,3,No,No phone service,Fiber optic,Yes,Yes,No,Yes,No,No,One year,Yes,Credit card (automatic),81.15,238.87,No
C7001363,Male,0,Yes,No,62,Yes,No,No,No internet service,No internet service,No internet service,No internet service,No internet service,No internet service,One year,Yes,Electronic check,21.71,1374.5,No
C7001364,Male,0,Yes,No,17,Yes,No,DSL,Yes,No,No,No,No,Yes,Two year,Yes,Electronic check,58.41,974.48,No
C7001365,Female,1,No,No,30,No,No phone service,Fiber optic,No,No,Yes,Yes,No,No,Month-to-month,No,Electronic check,79.35,2403.93,Yes
C7001366,Male,0,No,No,24,Yes,Yes,Fiber optic,Yes,Yes,Yes,Yes,Yes,Yes,Month-to-month,No,Mailed check,105.08,2549.14,No
C7001367,Male,0,Yes,No,21,Yes,Yes,DSL,No,Yes,No,Yes,Yes,No,Two year,Yes,Bank transfer (automatic),70.81,1474.03,No
C7001368,Male,0,Yes,No,12,Yes,Yes,DSL,No,No,Yes,Yes,Yes,Yes,Month-to-month,No,Credit card (automatic),79.93,973.7,No
C7001369,Male,0,No,No,29,Yes,No,Fiber optic,No,Yes,Yes,No,No,No,Month-to-month,No,Electronic check,82.32,2415.72,Yes
C7001370,Male,0,No,No,67,Yes,No,DSL,Yes,Yes,Yes,Yes,Yes,No,Two year,Yes,Mailed check,81.42,5484.76,No
C7001371,Female,0,Yes,No,26,Yes,No,No,No internet service,No internet service,No internet service,No internet service,No internet service,No internet service,Month-to-month,Yes,Credit card (automatic),24.33,602.0,No
C7001372,Male,0,Yes,Yes,58,Yes,No,DSL,Yes,No,No,No,No,No,Month-to-month,Yes,Bank transfer (automatic),54.01,3148.94,No
C7001373,Female,1,Yes,Yes,50,Yes,No,DSL,Yes,No,No,Yes,Yes,Yes,Two year,Yes,Bank transfer (automatic),69.4,3475.0,No
C7001374,Female,1,No,No,58,Yes,No,DSL,Yes,Yes,Yes,No,No,No,Month-to-month,No,Electronic check,66.34,3868.49,Yes
C7001375,Male,0,No,No,41,Yes,Yes,Fiber optic,No,Yes,No,No,No,Yes,Month-to-month,Yes,Mailed check,87.86,3610.29,Yes
C7001376,Female,0,No,No,27,Yes,No,Fiber optic,Yes,No,Yes,No,Yes,Yes,Two year,Yes,Electronic check,91.45,2471.27,No
C7001377,Female,0,Yes,No,18,Yes,Yes,No,No internet service,No internet service,No internet service,No internet service,No internet service,No internet service,Month-to-month,Yes,Mailed check,32.33,614.62,No
C7001378,Female,1,No,No,20,Yes,No,DSL,No,No,No,No,Yes,Yes,Two year,Yes,Electronic check,57.29,1150.01,No
C7001379,Male,0,Yes,No,38,No,No phone service,DSL,Yes,Yes,Yes,Yes,Yes,Yes,One year,Yes,Mailed check,74.52,2862.15,No
C7001380,Male,1,No,No,29,No,No phone service,DSL,No,No,No,No,Yes,Yes,One year,No,Mailed check,57.96,1692.65,No
C7001381,Male,0,Yes,No,29,Yes,No,Fiber optic,No,No,No,No,Yes,Yes,Month-to-month,Yes,Electronic check,79.58,2293.05,Yes
C7001382,Female,0,Yes,No,26,Yes,Yes,DSL,No,No,No,No,Yes,No,One year,Yes,Electronic check,56.08,1466.1,No
C7001383,Female,0,Yes,No,67,Yes,Yes,DSL,Yes,No,No,Yes,No,Yes,One year,No,Mailed check,73.68,4961.7,No
C7001384,Female,0,Yes,No,46,Yes,Yes,Fiber optic,No,No,No,Yes,No,No,Two year,Yes,Electronic check,77.35,3545.01,No
C7001385,Male,1,Yes,No,65,Yes,No,No,No internet service,No internet service,No internet service,No internet service,No internet service,No internet service,Month-to-month,Yes,Electronic check,24.59,1603.09,No
C7001386,Female,0,No,Yes,67,Yes,Yes,DSL,No,Yes,Yes,No,Yes,Yes,Month-to-month,No,Bank transfer (automatic),75.15,4997.26,No
C7001387,Male,0,No,No,45,Yes,No,Fiber optic,No,No,Yes,No,No,Yes,Month-to-month,Yes,Electronic check,74.63,3345.43,No
C7001388,Female,0,No,No,6,Yes,No,Fiber optic,No,No,No,No,Yes,Yes,One year,No,Electronic check,76.95,442.7,Yes
C7001389,Male,1,No,Yes,70,Yes,No,DSL,No,Yes,No,No,No,Yes,Month-to-month,No,Mailed check,58.57,4082.59,No
C7001390,Female,0,Yes,No,34,Yes,No,Fiber optic,Yes,No,No,No,Yes,Yes,Month-to-month,Yes,Bank transfer (automatic),87.79,3004.34,No
C7001391,Female,0,No,Yes,27,Yes,Yes,DSL,No,No,No,Yes,Yes,No,Month-to-month,Yes,Bank transfer (automatic),65.71,1767.99,No
C7001392,Male,0,Yes,No,30,Yes,Yes,Fiber optic,Yes,Yes,Yes,No,Yes,No,Month-to-month,No,Credit card (automatic),102.91,3080.56,Yes
C7001393,Male,0,Yes,No,6,No,No phone service,Fiber optic,No,Yes,No,Yes,No,No,Month-to-month,No,Bank transfer (automatic),80.81,473.87,No
C7001394,Female,0,Yes,Yes,48,No,No phone service,Fiber optic,Yes,No,Yes,No,No,No,Month-to-month,No,Mailed check,74.28,3575.84,No
C7001395,Male,1,Yes,No,3,Yes,No,Fiber optic,No,Yes,No,No,No,No,Month-to-month,Yes,Mailed check,75.56,252.41,Yes
C7001396,Female,0,No,No,52,Yes,No,Fiber optic,Yes,No,No,No,Yes,Yes,Two year,No,Credit card (automatic),82.22,4285.16,No
C7001397,Female,0,Yes,No,60,Yes,No,DSL,No,No,No,No,No,Yes,Month-to-month,Yes,Credit card (automatic),52.7,3174.38,No
C7001398,Female,0,Yes,No,30,Yes,Yes,Fiber optic,No,No,No,No,Yes,No,Month-to-month,Yes,Bank transfer (automatic),77.33,2336.61,Yes
C7001399,Male,0,No,Yes,27,Yes,Yes,No,No internet service,No internet service,No internet service,No internet service,No internet service,No internet service,Month-to-month,No,Bank transfer (automatic),24.71,670.46,No
C7001400,Male,0,Yes,Yes,49,Yes,No,Fiber optic,Yes,No,Yes,No,Yes,No,Month-to-month,No,Mailed check,81.78,3982.01,No
C7001401,Male,1,No,No,62,Yes,Yes,Fiber optic,No,No,Yes,No,No,Yes,One year,Yes,Bank transfer (automatic),89.43,5562.55,No
C7001402,Female,0,Yes,No,6,Yes,No,Fiber optic,No,Yes,Yes,No,Yes,Yes,Two year,No,Bank transfer (automatic),91.76,546.84,No
C7001403,Male,0,No,No,33,Yes,No,No,No internet service,No internet service,No internet service,No internet service,No internet service,No internet service,Month-to-month,No,Credit card (automatic),19.0,600.01,No
C7001404,Male,0,No,Yes,23,Yes,Yes,Fiber optic,No,No,No,No,Yes,No,Month-to-month,No,Mailed check,78.57,1815.49,No
C7001405,Male,0,Yes,No,0,Yes,No,Fiber optic,No,Yes,No,No,No,Yes,Two year,No,Bank transfer (automatic),82.28,0.0,No
C7001406,Female,0,No,No,0,Yes,No,No,No internet service,No internet service,No internet service,No internet service,No internet service,No internet service,Month-to-month,No,Electronic check,22.94,0.0,No
C7001407,Male,1,Yes,No,38,Yes,Yes,No,No internet service,No internet service,No internet service,No internet service,No internet service,No internet service,Month-to-month,No,Credit card (automatic),30.94,1153.29,No
C7001408,Female,0,Yes,Yes,55,Yes,Yes,No,No internet service,No internet service,No internet service,No internet service,No internet service,No internet service,Month-to-month,No,Credit card (automatic),22.85,1255.5,No
C7001409,Female,0,No,No,43,Yes,No,DSL,Yes,Yes,No,No,No,No,Month-to-month,Yes,Bank transfer (automatic),54.93,2352.38,Yes
C7001410,Female,1,No,No,18,Yes,No,Fiber optic,No,No,Yes,No,Yes,Yes,Two year,Yes,Mailed check,83.07,1476.22,No
C7001411,Female,0,Yes,Yes,32,Yes,Yes,DSL,No,Yes,No,No,Yes,Yes,Month-to-month,No,Credit card (automatic),70.23,2245.5,No
C7001412,Female,0,Yes,No,70,Yes,Yes,Fiber optic,Yes,No,Yes,Yes,No,Yes,Two year,Yes,Electronic check,95.93,6712.7,No
C7001413,Female,1,Yes,No,61,Yes,Yes,Fiber optic,Yes,No,Yes,No,Yes,No,Month-to-month,No,Bank transfer (automatic),84.27,5123.23,No
C7001414,Male,1,No,Yes,8,Yes,No,DSL,No,Yes,No,No,Yes,No,One year,Yes,Mailed check,59.76,471.99,No
C7001415,Female,0,No,Yes,47,Yes,Yes,Fiber optic,No,No,Yes,Yes,Yes,No,Month-to-month,No,Electronic check,92.77,4356.25,No
C7001416,Female,0,Yes,No,45,No,No phone service,DSL,Yes,No,No,No,No,Yes,Month-to-month,No,Electronic check,51.11,2285.41,No
C7001417,Female,1,No,Yes,26,Yes,Yes,No,No internet service,No internet service,No internet service,No internet service,No internet service,No internet service,Two year,Yes,Bank transfer (automatic),29.87,749.51,No
C7001418,Female,0,Yes,Yes,26,Yes,No,Fiber optic,No,No,Yes,No,No,No,One year,No,Mailed check,75.35,1946.93,No
C7001419,Female,0,No,No,52,Yes,Yes,DSL,Yes,No,No,No,Yes,Yes,Two year,Yes,Credit card (automatic),72.14,3726.72,No
C7001420,Female,1,No,No,68,Yes,Yes,Fiber optic,Yes,Yes,Yes,No,No,No,Month-to-month,Yes,Mailed check,90.93,6188.06,Yes
C7001421,Male,0,No,No,23,Yes,No,Fiber optic,No,No,Yes,No,No,No,Month-to-month,Yes,Electronic check,74.86,1721.61,No
C7001422,Male,0,Yes,No,67,Yes,No,Fiber optic,No,No,No,No,Yes,No,Month-to-month,Yes,Mailed check,73.91,4970.85,No
C7001423,Male,0,Yes,No,61,Yes,No,Fiber optic,Yes,No,Yes,Yes,Yes,No,Two year,No,Electronic check,89.87,5447.43,No
C7001424,Male,0,Yes,No,3,Yes,No,No,No internet service,No internet service,No internet service,No internet service,No internet service,No internet service,One year,Yes,Mailed check,30.36,110.88,No
C7001425,Male,0,No,Yes,20,Yes,Yes,DSL,No,No,No,No,Yes,Yes,Month-to-month,Yes,Mailed check,61.44,1210.07,No
C7001426,Male,0,No,No,32,Yes,No,DSL,No,No,No,Yes,No,Yes,Month-to-month,No,Electronic check,56.77,1815.42,No
C7001427,Male,0,Yes,No,48,Yes,No,DSL,Yes,No,No,No,Yes,No,Month-to-month,Yes,Mailed check,60.63,2905.16,No
C7001428,Female,0,Yes,No,16,Yes,No,DSL,No,Yes,No,Yes,No,No,Month-to-month,Yes,Bank transfer (automatic),55.96,875.05,Yes
C7001429,Male,0,Yes,No,30,Yes,Yes,Fiber optic,Yes,No,No,No,No,No,Month-to-month,No,Electronic check,75.67,2274.02,No
C7001430,Female,0,No,No,6,Yes,No,DSL,Yes,No,Yes,Yes,Yes,No,Month-to-month,Yes,Electronic check,77.22,464.14,No
C7001431,Female,0,No,No,7,Yes,No,Fiber optic,No,No,Yes,No,Yes,No,One year,No,Bank transfer (automatic),80.41,592.25,No
C7001432,Male,0,Yes,No,31,No,No phone service,Fiber optic,No,No,No,No,No,No,One year,No,Bank transfer (automatic),66.49,2063.13,No
C7001433,Male,0,No,No,45,Yes,Yes,Fiber optic,No,Yes,No,Yes,No,Yes,Month-to-month,Yes,Bank transfer (automatic),89.61,4027.57,Yes
C7001434,Male,0,Yes,Yes,33,Yes,Yes,No,No internet service,No internet service,No internet service,No internet service,No internet service,No internet service,Two year,No,Bank transfer (automatic),32.64,1065.67,No
C7001435,Female,0,No,No,27,Yes,Yes,Fiber optic,No,Yes,Yes,No,Yes,No,Two year,Yes,Credit card (automatic),90.81,2441.66,No
C7001436,Male,0,Yes,Yes,36,Yes,No,DSL,Yes,No,No,Yes,No,No,Two year,Yes,Mailed check,56.99,2018.59,No
C7001437,Female,0,Yes,No,46,Yes,Yes,Fiber optic,Yes,No,No,No,No,No,Month-to-month,Yes,Bank transfer (automatic),81.19,3725.28,Yes
C7001438,Female,0,No,Yes,52,Yes,No,DSL,No,No,No,Yes,No,Yes,Two year,Yes,Electronic check,58.02,3024.22,No
C7001439,Female,0,No,No,39,Yes,No,Fiber optic,No,No,No,No,No,Yes,One year,No,Electronic check,73.93,2870.95,No
C7001440,Male,0,Yes,No,6,Yes,Yes,Fiber optic,No,Yes,No,Yes,No,No,One year,Yes,Electronic check,83.1,513.38,No
C7001441,Male,0,No,No,3,Yes,No,No,No internet service,No internet service,No internet service,No internet service,No internet service,No internet service,Month-to-month,Yes,Bank transfer (automatic),20.2,60.2,No
C7001442,Male,0,No,No,25,Yes,No,DSL,No,Yes,No,No,Yes,Yes,Month-to-month,Yes,Credit card (automatic),67.04,1686.95,No
C7001443,Male,1,Yes,Yes,14,Yes,No,DSL,No,No,No,No,No,No,Month-to-month,Yes,Electronic check,45.67,634.77,No
C7001444,Male,0,No,No,39,Yes,Yes,DSL,Yes,No,Yes,Yes,No,No,Two year,No,Mailed check,70.1,2722.27,No
C7001445,Female,0,No,No,51,Yes,No,Fiber optic,No,Yes,No,No,No,Yes,Month-to-month,Yes,Bank transfer (automatic),72.92,3738.09,No
C7001446,Female,0,Yes,No,18,Yes,Yes,No,No internet service,No internet service,No internet service,No internet service,No internet service,No internet service,Two year,No,Credit card (automatic),33.0,593.32,No
C7001447,Female,0,No,No,34,Yes,Yes,Fiber optic,No,No,No,No,No,No,Two year,No,Electronic check,75.27,2576.2,No
C7001448,Female,1,No,No,15,Yes,Yes,Fiber optic,Yes,No,No,No,Yes,No,Month-to-month,Yes,Bank transfer (automatic),84.26,1257.47,Yes
C7001449,Male,0,Yes,Yes,34,Yes,No,DSL,No,Yes,Yes,Yes,No,Yes,Month-to-month,Yes,Credit card (automatic),69.84,2319.48,No
C7001450,Female,1,No,No,27,Yes,Yes,Fiber optic,No,No,Yes,No,Yes,No,One year,Yes,Electronic check,85.89,2344.94,No
C7001451,Female,0,Yes,Yes,0,Yes,Yes,DSL,Yes,Yes,No,No,No,Yes,Month-to-month,Yes,Electronic check,71.6,0.0,Yes
C7001452,Female,0,No,No,48,Yes,No,DSL,No,No,No,Yes,Yes,Yes,One year,Yes,Electronic check,67.41,3215.05,No
C7001453,Female,0,No,No,22,Yes,No,Fiber optic,No,No,No,Yes,No,Yes,Month-to-month,No,Bank transfer (automatic),83.41,1846.67,No
C7001454,Male,1,Yes,No,54,Yes,No,DSL,No,Yes,No,No,Yes,No,Month-to-month,Yes,Electronic check,65.73,3521.79,No
C7001455,Male,0,No,Yes,48,Yes,Yes,DSL,Yes,No,No,Yes,No,Yes,One year,Yes,Electronic check,70.6,3403.37,Yes
C7001456,Male,0,Yes,No,14,Yes,No,DSL,No,No,No,No,Yes,Yes,One year,No,Electronic check,57.82,810.43,No
C7001457,Male,0,No,No,64,Yes,Yes,DSL,Yes,No,No,No,Yes,Yes,Two year,No,Bank transfer (automatic),70.22,4497.99,No
C7001458,Female,0,No,No,1,Yes,Yes,Fiber optic,Yes,No,Yes,No,Yes,Yes,Two year,No,Bank transfer (automatic),88.16,94.81,No
C7001459,Male,0,Yes,No,41,Yes,Yes,DSL,Yes,Yes,Yes,No,Yes,Yes,Month-to-month,No,Electronic check,76.18,3106.75,No
C7001460,Female,0,No,No,58,Yes,Yes,Fiber optic,No,Yes,No,Yes,Yes,Yes,One year,Yes,Credit card (automatic),95.64,5530.65,No
C7001461,Female,0,Yes,Yes,39,Yes,Yes,Fiber optic,Yes,No,No,No,Yes,Yes,Month-to-month,No,Electronic check,88.37,3460.01,Yes
C7001462,Male,0,No,No,40,Yes,No,Fiber optic,Yes,Yes,Yes,Yes,No,No,One year,Yes,Electronic check,91.67,3657.28,No
C7001463,Male,0,No,Yes,34,Yes,Yes,DSL,No,No,Yes,No,No,No,Month-to-month,No,Mailed check,59.47,2017.74,No
C7001464,Female,0,No,No,4,Yes,Yes,Fiber optic,No,No,No,No,Yes,No,Month-to-month,Yes,Credit card (automatic),80.34,323.46,Yes
C7001465,Female,1,Yes,No,49,Yes,Yes,Fiber optic,No,No,No,Yes,Yes,No,Two year,Yes,Credit card (automatic),83.87,4120.05,No
C7001466,Male,1,No,Yes,69,Yes,Yes,Fiber optic,No,No,Yes,Yes,Yes,No,Month-to-month,No,Bank transfer (automatic),91.26,6271.76,No
C7001467,Male,0,No,Yes,58,Yes,No,Fiber optic,Yes,No,Yes,Yes,No,Yes,Month-to-month,Yes,Mailed check,88.27,5126.75,No
C7001468,Female,0,No,No,4,Yes,Yes,No,No internet service,No internet service,No internet service,No internet service,No internet service,No internet service,Two year,No,Mailed check,25.97,119.68,No
C7001469,Male,0,No,No,16,Yes,No,Fiber optic,No,No,Yes,No,No,No,Month-to-month,No,Bank transfer (automatic),78.07,1255.95,Yes
C7001470,Female,1,No,No,60,Yes,Yes,No,No internet service,No internet service,No internet service,No internet service,No internet service,No internet service,Month-to-month,Yes,Bank transfer (automatic),31.59,1915.96,No
C7001471,Male,0,Yes,No,52,Yes,Yes,Fiber optic,No,Yes,No,No,Yes,No,Month-to-month,Yes,Mailed check,86.63,4500.25,Yes
C7001472,Male,0,Yes,No,26,Yes,Yes,No,No internet service,No internet service,No internet service,No internet service,No internet service,No internet service,Month-to-month,Yes,Credit card (automatic),35.37,896.58,No
C7001473,Male,1,No,No,17,Yes,Yes,No,No internet service,No internet service,No internet service,No internet service,No internet service,No internet service,Month-to-month,No,Credit card (automatic),26.56,459.64,Yes
C7001474,Female,0,Yes,No,33,Yes,No,DSL,No,Yes,No,No,No,No,Month-to-month,No,Credit card (automatic),57.76,1906.35,No
C7001475,Female,0,No,Yes,2,No,No phone service,Fiber optic,No,No,No,Yes,Yes,No,Month-to-month,Yes,Mailed check,75.59,179.11,Yes
C7001476,Male,0,No,No,6,Yes,No,DSL,Yes,Yes,No,No,No,No,One year,No,Electronic check,55.23,335.44,No
C7001477,Female,0,No,Yes,5,Yes,No,No,No internet service,No internet service,No internet service,No internet service,No internet service,No internet service,Month-to-month,Yes,Electronic check,25.72,141.75,No
C7001478,Male,0,No,No,60,Yes,Yes,Fiber optic,No,No,Yes,No,Yes,No,Month-to-month,Yes,Bank transfer (automatic),86.92,5210.36,No
C7001479,Male,1,No,No,3,Yes,No,Fiber optic,No,No,Yes,Yes,No,No,Month-to-month,No,Electronic check,76.82,231.14,Yes
C7001480,Male,0,No,Yes,40,Yes,Yes,DSL,No,No,No,No,No,No,One year,Yes,Bank transfer (automatic),53.31,2150.91,Yes
C7001481,Male,0,No,No,20,Yes,No,No,No internet service,No internet service,No internet service,No internet service,No internet service,No internet service,Two year,Yes,Credit card (automatic),23.78,485.41,No
C7001482,Female,0,Yes,Yes,55,Yes,Yes,No,No internet service,No internet service,No internet service,No internet service,No internet service,No internet service,Two year,Yes,Electronic check,27.1,1533.02,No
C7001483,Male,0,Yes,No,9,Yes,No,Fiber optic,No,Yes,Yes,No,Yes,Yes,Month-to-month,No,Credit card (automatic),92.48,846.63,Yes
C7001484,Female,0,Yes,No,66,Yes,Yes,DSL,No,Yes,No,No,No,No,Month-to-month,Yes,Electronic check,64.76,4275.4,No
C7001485,Male,0,No,No,6,Yes,No,Fiber optic,No,Yes,Yes,Yes,Yes,No,Month-to-month,No,Mailed check,88.46,534.99,No
C7001486,Female,0,Yes,No,61,Yes,Yes,DSL,Yes,Yes,No,No,No,Yes,One year,No,Electronic check,69.49,4249.34,No
C7001487,Male,0,No,No,10,Yes,No,No,No internet service,No internet service,No internet service,No internet service,No internet service,No internet service,One year,Yes,Electronic check,25.81,279.04,No
C7001488,Female,0,No,No,2,Yes,No,DSL,Yes,Yes,No,No,Yes,Yes,Month-to-month,No,Credit card (automatic),73.3,144.36,Yes
C7001489,Male,0,Yes,Yes,2,Yes,Yes,Fiber optic,No,No,Yes,No,Yes,No,Month-to-month,No,Electronic check,80.39,135.3,No
C7001490,Male,1,No,No,57,Yes,No,DSL,No,No,Yes,No,Yes,Yes,Month-to-month,No,Credit card (automatic),65.59,3751.28,No
C7001491,Female,0,Yes,No,25,Yes,No,No,No internet service,No internet service,No internet service,No internet service,No internet service,No internet service,Month-to-month,No,Electronic check,22.93,589.83,Yes
C7001492,Female,0,No,Yes,30,Yes,No,Fiber optic,Yes,No,No,Yes,No,No,Two year,Yes,Electronic check,79.96,2392.91,No
C7001493,Female,0,Yes,Yes,60,No,No phone service,No,No internet service,No internet service,No internet service,No internet service,No internet service,No internet service,Month-to-month,Yes,Bank transfer (automatic),19.5,1191.82,No
C7001494,Male,1,Yes,Yes,19,Yes,No,DSL,Yes,No,No,Yes,Yes,No,Month-to-month,Yes,Electronic check,67.25,1291.15,No
C7001495,Female,0,Yes,Yes,40,Yes,No,Fiber optic,No,Yes,No,Yes,No,Yes,Two year,Yes,Electronic check,85.91,3441.33,No
C7001496,Female,0,No,Yes,21,Yes,Yes,DSL,No,Yes,No,No,No,Yes,Month-to-month,Yes,Electronic check,63.61,1329.14,No
C7001497,Female,0,Yes,No,4,Yes,No,Fiber optic,No,No,Yes,Yes,Yes,No,Month-to-month,Yes,Credit card (automatic),84.2,323.83,Yes
C7001498,Male,0,No,No,72,Yes,No,DSL,No,Yes,Yes,Yes,Yes,No,Month-to-month,Yes,Bank transfer (automatic),71.27,5140.95,Yes
C7001499,Female,0,No,No,27,Yes,No,Fiber optic,No,Yes,No,No,No,No,One year,Yes,Mailed check,72.1,1952.44,No
C7001500,Female,1,Yes,Yes,61,No,No phone service,Fiber optic,No,Yes,Yes,Yes,Yes,Yes,Month-to-month,Yes,Mailed check,92.45,5635.41,No
C7001501,Female,0,Yes,No,31,Yes,No,DSL,No,Yes,No,No,Yes,Yes,Two year,No,Electronic check,60.04,1836.63,No
C7001502,Male,0,Yes,No,63,Yes,Yes,No,No internet service,No internet service,No internet service,No internet service,No internet service,No internet service,One year,No,Electronic check,36.97,2338.79,No
C7001503,Male,0,No,Yes,12,Yes,No,No,No internet service,No internet service,No internet service,No internet service,No internet service,No internet service,One year,No,Electronic check,29.39,363.04,No
C7001504,Female,0,No,No,39,Yes,No,Fiber optic,No,Yes,No,Yes,No,Yes,One year,Yes,Electronic check,85.29,3330.14,No
C7001505,Female,0,Yes,No,27,Yes,Yes,Fiber optic,No,No,No,Yes,No,No,Month-to-month,Yes,Electronic check,81.51,2199.61,No
C7001506,Female,0,No,Yes,72,Yes,Yes,DSL,No,No,No,Yes,No,Yes,Month-to-month,No,Mailed check,63.88,4584.21,No
C7001507,Male,0,No,No,24,Yes,Yes,Fiber optic,No,No,No,No,Yes,Yes,Month-to-month,Yes,Bank transfer (automatic),84.49,2038.59,Yes
C7001508,Male,0,No,No,56,Yes,No,No,No internet service,No internet service,No internet service,No internet service,No internet service,No internet service,Two year,No,Mailed check,26.19,1494.66,No
C7001509,Female,0,Yes,No,36,Yes,No,DSL,No,Yes,No,No,No,No,Month-to-month,No,Bank transfer (automatic),54.51,1949.6,No
C7001510,Male,0,Yes,No,29,Yes,No,No,No internet service,No internet service,No internet service,No internet service,No internet service,No internet service,Month-to-month,Yes,Electronic check,23.62,673.42,Yes
C7001511,Male,0,Yes,No,50,Yes,Yes,Fiber optic,No,Yes,No,No,Yes,No,One year,Yes,Electronic check,87.44,4366.57,No
C7001512,Female,0,No,No,47,Yes,Yes,DSL,Yes,No,No,Yes,Yes,Yes,One year,Yes,Bank transfer (automatic),74.17,3505.45,No
C7001513,Female,0,No,No,34,Yes,Yes,DSL,Yes,No,No,No,Yes,No,Two year,Yes,Electronic check,65.16,2237.78,No
C7001514,Female,0,Yes,No,4,No,No phone service,Fiber optic,Yes,No,Yes,Yes,No,No,Month-to-month,Yes,Electronic check,79.41,316.92,Yes
C7001515,Male,0,Yes,No,5,Yes,No,No,No internet service,No internet service,No internet service,No internet service,No internet service,No internet service,Month-to-month,No,Bank transfer (automatic),25.12,125.68,No
C7001516,Male,1,No,No,43,Yes,No,Fiber optic,No,No,No,Yes,Yes,No,Month-to-month,Yes,Credit card (automatic),80.05,3443.03,No
C7001517,Female,0,Yes,No,4,Yes,Yes,Fiber optic,No,No,No,No,No,Yes,Month-to-month,No,Electronic check,76.52,284.79,Yes
C7001518,Male,0,No,Yes,44,Yes,No,No,No internet service,No internet service,No internet service,No internet service,No internet service,No internet service,Month-to-month,No,Electronic check,18.25,779.39,No
C7001519,Male,1,Yes,Yes,64,Yes,No,DSL,Yes,No,No,Yes,Yes,No,Month-to-month,No,Mailed check,63.73,4084.9,No
C7001520,Male,0,Yes,Yes,57,Yes,No,Fiber optic,Yes,Yes,No,No,Yes,Yes,Month-to-month,No,Mailed check,92.15,5283.3,No
C7001521,Female,0,No,No,50,Yes,No,Fiber optic,Yes,Yes,Yes,No,No,Yes,Month-to-month,Yes,Credit card (automatic),92.28,4652.67,Yes
C7001522,Female,0,Yes,No,19,Yes,No,Fiber optic,Yes,Yes,Yes,No,No,Yes,Month-to-month,No,Electronic check,90.28,1711.91,No
C7001523,Female,1,No,No,47,Yes,No,DSL,No,Yes,No,No,No,No,Month-to-month,Yes,Credit card (automatic),51.94,2429.23,No
C7001524,Female,0,Yes,No,13,Yes,Yes,Fiber optic,No,No,Yes,No,Yes,No,Month-to-month,Yes,Electronic check,80.02,1025.17,No
C7001525,Male,0,Yes,No,66,Yes,No,DSL,Yes,No,No,No,Yes,No,Two year,No,Electronic check,61.36,4082.97,No
C7001526,Male,0,No,No,6,Yes,No,Fiber optic,No,Yes,No,No,No,Yes,One year,No,Electronic check,83.76,485.62,No
C7001527,Male,0,Yes,Yes,39,No,No phone service,No,No internet service,No internet service,No internet service,No internet service,No internet service,No internet service,Two year,Yes,Mailed check,20.23,789.17,No
C7001528,Male,1,No,No,35,Yes,Yes,DSL,Yes,Yes,No,No,Yes,Yes,Month-to-month,No,Bank transfer (automatic),79.92,2813.03,No
C7001529,Male,0,No,No,5,Yes,No,Fiber optic,No,No,No,Yes,No,Yes,One year,No,Bank transfer (automatic),82.17,410.93,No
C7001530,Male,0,No,No,13,Yes,Yes,No,No internet service,No internet service,No internet service,No internet service,No internet service,No internet service,Two year,No,Electronic check,29.28,403.36,No
C7001531,Male,1,Yes,No,52,Yes,No,DSL,Yes,No,No,No,Yes,Yes,Month-to-month,Yes,Credit card (automatic),61.46,3175.34,No
C7001532,Female,0,Yes,No,43,No,No phone service,DSL,No,No,No,No,No,No,Two year,Yes,Electronic check,43.05,1840.26,No
C7001533,Female,0,Yes,No,11,Yes,Yes,No,No internet service,No internet service,No internet service,No internet service,No internet service,No internet service,Month-to-month,Yes,Bank transfer (automatic),23.24,248.2,No
C7001534,Male,0,No,No,10,Yes,No,Fiber optic,Yes,No,No,No,Yes,No,Month-to-month,Yes,Bank transfer (automatic),81.12,809.22,Yes
C7001535,Male,0,Yes,Yes,48,Yes,No,DSL,Yes,Yes,Yes,No,No,Yes,One year,Yes,Electronic check,70.78,3413.19,No
C7001536,Female,0,Yes,No,48,Yes,No,DSL,Yes,No,No,No,Yes,Yes,Two year,Yes,Bank transfer (automatic),67.51,3208.38,No
C7001537,Female,0,No,No,29,No,No phone service,DSL,No,No,No,No,No,Yes,Two year,No,Electronic check,49.36,1428.78,No
C7001538,Female,0,Yes,No,1,No,No phone service,Fiber optic,Yes,Yes,No,Yes,Yes,No,Month-to-month,Yes,Electronic check,83.18,89.26,Yes
C7001539,Male,0,No,No,2,Yes,No,No,No internet service,No internet service,No internet service,No internet service,No internet service,No internet service,Month-to-month,No,Bank transfer (automatic),25.15,63.73,No
C7001540,Female,0,Yes,No,11,Yes,No,Fiber optic,No,No,Yes,Yes,Yes,Yes,One year,No,Bank transfer (automatic),88.92,969.47,Yes
C7001541,Male,1,No,No,4,Yes,Yes,DSL,No,Yes,No,No,Yes,No,Two year,Yes,Bank transfer (automatic),67.26,267.63,No
C7001542,Male,0,No,No,40,Yes,No,No,No internet service,No internet service,No internet service,No internet service,No internet service,No internet service,Month-to-month,No,Mailed check,29.0,1162.81,No
C7001543,Male,0,Yes,Yes,28,Yes,Yes,Fiber optic,No,No,Yes,No,Yes,No,One year,Yes,Electronic check,83.19,2338.71,No
C7001544,Male,0,No,No,15,No,No phone service,DSL,No,Yes,Yes,No,No,Yes,Month-to-month,No,Mailed check,64.35,990.36,Yes
C7001545,Male,0,No,Yes,43,Yes,Yes,No,No internet service,No internet service,No internet service,No internet service,No internet service,No internet service,Month-to-month,No,Mailed check,33.66,1446.82,No
C7001546,Male,0,Yes,No,51,Yes,Yes,Fiber optic,No,Yes,No,No,No,No,Two year,Yes,Credit card (automatic),78.89,4032.61,No
C7001547,Female,0,No,No,12,Yes,Yes,Fiber optic,No,No,No,Yes,No,No,Two year,No,Mailed check,80.63,937.87,No
C7001548,Male,0,No,No,45,Yes,No,No,No internet service,No internet service,No internet service,No internet service,No internet service,No internet service,One year,No,Electronic check,23.77,1066.21,No
C7001549,Male,1,No,No,7,Yes,No,DSL,Yes,Yes,No,Yes,No,Yes,Month-to-month,No,Credit card (automatic),69.13,494.63,No
C7001550,Male,0,No,No,43,Yes,No,Fiber optic,No,No,No,No,No,No,Month-to-month,No,Credit card (automatic),67.19,2906.23,No
C7001551,Male,0,Yes,No,27,Yes,Yes,No,No internet service,No internet service,No internet service,No internet service,No internet service,No internet service,One year,Yes,Bank transfer (automatic),27.01,703.76,No
C7001552,Male,0,Yes,No,8,Yes,Yes,DSL,Yes,No,No,No,No,No,Month-to-month,No,Bank transfer (automatic),60.57,483.59,No
C7001553,Male,0,Yes,No,58,No,No phone service,No,No internet service,No internet service,No internet service,No internet service,No internet service,No internet service,One year,Yes,Credit card (automatic),18.0,1036.68,No
C7001554,Male,0,Yes,Yes,13,Yes,No,DSL,Yes,No,Yes,Yes,No,Yes,One year,No,Electronic check,67.18,891.59,No
C7001555,Female,0,Yes,No,57,No,No phone service,No,No internet service,No internet service,No internet service,No internet service,No internet service,No internet service,One year,No,Bank transfer (automatic),23.01,1288.37,No
C7001556,Female,0,Yes,No,26,Yes,No,Fiber optic,No,No,No,No,No,No,Month-to-month,No,Electronic check,72.86,1903.58,Yes
C7001557,Male,0,Yes,No,49,Yes,Yes,Fiber optic,No,No,No,No,No,Yes,Month-to-month,No,Electronic check,80.4,3945.52,Yes
C7001558,Female,0,No,No,51,Yes,No,Fiber optic,No,Yes,No,Yes,Yes,No,One year,Yes,Electronic check,83.79,4284.87,No
C7001559,Female,0,Yes,Yes,31,Yes,Yes,DSL,Yes,Yes,No,No,No,No,Month-to-month,Yes,Electronic check,69.13,2145.23,No
C7001560,Female,1,No,No,48,Yes,Yes,DSL,Yes,Yes,Yes,Yes,Yes,Yes,Two year,No,Electronic check,81.52,3921.44,No
C7001561,Female,0,No,No,32,No,No phone service,Fiber optic,Yes,No,No,No,Yes,No,Month-to-month,Yes,Bank transfer (automatic),75.6,2431.07,No
C7001562,Female,0,No,No,44,Yes,Yes,No,No internet service,No internet service,No internet service,No internet service,No internet service,No internet service,Two year,Yes,Bank transfer (automatic),25.49,1112.28,No
C7001563,Female,0,Yes,No,16,Yes,Yes,DSL,No,No,Yes,No,Yes,No,Two year,Yes,Credit card (automatic),62.79,1002.49,No
C7001564,Female,0,No,Yes,31,Yes,No,Fiber optic,Yes,Yes,No,No,No,Yes,One year,Yes,Electronic check,83.01,2586.51,No
C7001565,Male,0,No,No,10,Yes,No,DSL,No,No,No,No,No,Yes,Two year,No,Mailed check,56.8,571.67,No
C7001566,Male,0,No,No,30,Yes,Yes,Fiber optic,No,Yes,Yes,Yes,No,No,Month-to-month,No,Electronic check,88.03,2610.71,No
C7001567,Male,0,Yes,No,1,Yes,No,Fiber optic,No,No,No,Yes,No,No,Month-to-month,Yes,Mailed check,74.03,51.25,Yes
C7001568,Male,0,Yes,Yes,29,Yes,Yes,Fiber optic,Yes,Yes,No,No,No,No,Month-to-month,No,Credit card (automatic),83.56,2445.12,No
C7001569,Male,0,No,Yes,62,Yes,No,Fiber optic,Yes,No,Yes,No,Yes,Yes,Two year,No,Mailed check,89.5,5542.36,No
C7001570,Male,0,Yes,No,26,Yes,Yes,DSL,Yes,Yes,Yes,No,No,No,One year,No,Mailed check,70.41,1797.81,No
C7001571,Female,0,No,No,36,Yes,Yes,DSL,Yes,No,Yes,Yes,No,Yes,Two year,No,Credit card (automatic),74.25,2665.08,No
C7001572,Female,0,No,No,62,Yes,No,Fiber optic,No,Yes,Yes,Yes,Yes,Yes,Two year,Yes,Mailed check,96.81,6014.51,No
C7001573,Female,0,No,Yes,0,Yes,Yes,Fiber optic,No,No,Yes,Yes,No,No,Month-to-month,Yes,Mailed check,89.88,0.0,No
C7001574,Male,0,No,No,48,Yes,Yes,DSL,No,No,Yes,No,Yes,No,Two year,Yes,Electronic check,68.8,3323.46,No
C7001575,Male,0,No,No,38,Yes,No,DSL,No,No,No,Yes,Yes,Yes,Month-to-month,No,Bank transfer (automatic),70.88,2677.7,No
C7001576,Female,0,No,No,25,No,No phone service,DSL,No,Yes,Yes,No,No,No,Two year,No,Bank transfer (automatic),53.59,1347.16,No
C7001577,Female,1,No,No,18,Yes,No,DSL,No,Yes,Yes,Yes,Yes,No,Month-to-month,Yes,Credit card (automatic),71.68,1303.05,No
C7001578,Female,0,Yes,Yes,43,Yes,No,Fiber optic,Yes,No,No,Yes,Yes,No,Month-to-month,Yes,Mailed check,85.28,3671.55,No
C7001579,Female,0,No,Yes,31,Yes,Yes,No,No internet service,No internet service,No internet service,No internet service,No internet service,No internet service,Month-to-month,No,Electronic check,35.77,1119.02,Yes
C7001580,Female,0,No,Yes,28,Yes,No,DSL,No,No,Yes,No,No,Yes,Two year,Yes,Credit card (automatic),61.89,1759.65,No
C7001581,Male,0,No,No,49,Yes,No,DSL,Yes,Yes,No,No,Yes,No,One year,Yes,Electronic check,66.81,3282.53,No
C7001582,Male,0,Yes,No,29,Yes,Yes,Fiber optic,No,No,No,No,No,Yes,Month-to-month,No,Electronic check,80.95,2320.11,Yes
C7001583,Male,0,Yes,Yes,59,No,No phone service,Fiber optic,No,Yes,No,Yes,No,No,Month-to-month,No,Bank transfer (automatic),74.3,4383.11,No
C7001584,Female,1,No,No,20,Yes,No,Fiber optic,No,No,Yes,Yes,Yes,Yes,Two year,Yes,Mailed check,96.8,1943.73,No
C7001585,Female,0,Yes,No,51,Yes,No,Fiber optic,Yes,Yes,No,No,No,No,Month-to-month,No,Bank transfer (automatic),76.46,3918.07,No
C7001586,Male,1,No,No,41,Yes,Yes,DSL,No,No,No,Yes,Yes,Yes,Two year,Yes,Bank transfer (automatic),69.59,2859.13,No
C7001587,Female,0,No,No,65,Yes,No,No,No internet service,No internet service,No internet service,No internet service,No internet service,No internet service,One year,Yes,Mailed check,27.73,1806.85,No
C7001588,Male,0,Yes,No,29,Yes,Yes,Fiber optic,Yes,Yes,No,No,No,No,Month-to-month,Yes,Bank transfer (automatic),82.98,2417.26,Yes
C7001589,Male,0,Yes,Yes,17,Yes,Yes,Fiber optic,Yes,Yes,No,No,No,Yes,One year,Yes,Electronic check,89.25,1522.48,No
C7001590,Male,0,No,No,29,Yes,No,Fiber optic,Yes,No,Yes,Yes,Yes,Yes,Two year,No,Credit card (automatic),97.98,2827.95,No
C7001591,Male,0,Yes,No,48,Yes,Yes,No,No internet service,No internet service,No internet service,No internet service,No internet service,No internet service,Month-to-month,Yes,Electronic check,29.41,1429.3,Yes
C7001592,Female,0,No,No,31,Yes,Yes,No,No internet service,No internet service,No internet service,No internet service,No internet service,No internet service,Two year,Yes,Mailed check,26.6,813.68,Yes
C7001593,Male,0,No,Yes,64,Yes,No,DSL,No,No,Yes,No,Yes,No,Month-to-month,Yes,Credit card (automatic),65.4,4161.5,No
C7001594,Female,0,No,No,11,Yes,Yes,DSL,No,Yes,Yes,Yes,Yes,No,One year,Yes,Electronic check,75.04,830.23,No
C7001595,Female,0,Yes,No,22,Yes,No,DSL,Yes,No,Yes,No,Yes,No,One year,Yes,Mailed check,63.94,1395.96,No
C7001596,Male,0,Yes,No,71,Yes,No,No,No internet service,No internet service,No internet service,No internet service,No internet service,No internet service,Month-to-month,Yes,Electronic check,28.74,2042.92,No
C7001597,Male,0,No,Yes,58,Yes,No,DSL,Yes,No,No,Yes,Yes,No,Month-to-month,No,Bank transfer (automatic),62.26,3589.81,No
C7001598,Female,1,Yes,No,5,Yes,No,Fiber optic,Yes,No,No,Yes,Yes,No,Two year,Yes,Mailed check,80.86,406.28,No
C7001599,Male,0,Yes,Yes,68,Yes,No,Fiber optic,No,No,No,No,No,No,Month-to-month,Yes,Credit card (automatic),69.45,4717.16,Yes
C7001600,Female,0,No,No,31,Yes,No,Fiber optic,No,No,Yes,No,No,Yes,One year,Yes,Mailed check,80.62,2497.06,No
C7001601,Male,0,Yes,Yes,47,Yes,No,Fiber optic,No,Yes,No,No,No,Yes,Month-to-month,Yes,Credit card (automatic),75.36,3543.98,No
C7001602,Female,0,Yes,No,1,Yes,Yes,Fiber optic,No,No,Yes,No,No,No,Two year,Yes,Mailed check,78.53,75.22,No
C7001603,Female,0,No,Yes,11,Yes,No,DSL,No,No,Yes,No,Yes,Yes,Two year,No,Credit card (automatic),65.35,708.09,No
C7001604,Male,0,Yes,No,50,Yes,Yes,DSL,No,Yes,No,Yes,No,No,Month-to-month,No,Electronic check,63.67,3164.86,No
C7001605,Male,0,Yes,No,19,Yes,Yes,DSL,No,Yes,Yes,No,No,Yes,Month-to-month,Yes,Mailed check,67.62,1291.62,No
C7001606,Female,0,Yes,No,8,No,No phone service,No,No internet service,No internet service,No internet service,No internet service,No internet service,No internet service,Month-to-month,Yes,Bank transfer (automatic),18.0,133.46,No
C7001607,Male,0,No,Yes,49,Yes,Yes,No,No internet service,No internet service,No internet service,No internet service,No internet service,No internet service,Month-to-month,Yes,Bank transfer (automatic),29.52,1423.4,No
C7001608,Male,1,No,Yes,15,Yes,Yes,No,No internet service,No internet service,No internet service,No internet service,No internet service,No internet service,Month-to-month,No,Electronic check,31.23,461.17,No
C7001609,Male,1,No,Yes,63,No,No phone service,DSL,Yes,No,Yes,No,Yes,No,Month-to-month,Yes,Bank transfer (automatic),59.39,3731.27,No
C7001610,Male,0,No,Yes,13,Yes,Yes,DSL,No,No,No,No,Yes,No,Month-to-month,Yes,Mailed check,56.04,720.12,Yes
C7001611,Female,0,Yes,No,1,Yes,No,Fiber optic,Yes,Yes,No,No,No,Yes,Month-to-month,No,Mailed check,83.22,97.41,Yes
C7001612,Female,0,No,No,28,Yes,No,DSL,No,Yes,No,No,Yes,No,One year,No,Electronic check,61.78,1715.75,No
C7001613,Male,0,Yes,No,23,Yes,No,No,No internet service,No internet service,No internet service,No internet service,No internet service,No internet service,Month-to-month,Yes,Electronic check,25.06,602.43,No
C7001614,Female,0,No,No,46,No,No phone service,Fiber optic,Yes,Yes,Yes,No,No,Yes,Two year,Yes,Bank transfer (automatic),80.24,3690.85,No
C7001615,Male,0,No,No,17,No,No phone service,No,No internet service,No internet service,No internet service,No internet service,No internet service,No internet service,Month-to-month,No,Electronic check,26.04,436.34,Yes
C7001616,Male,0,Yes,No,71,Yes,Yes,No,No internet service,No internet service,No internet service,No internet service,No internet service,No internet service,Month-to-month,Yes,Electronic check,32.21,2305.65,No
C7001617,Female,0,No,No,30,Yes,No,Fiber optic,Yes,Yes,Yes,Yes,Yes,No,Month-to-month,No,Credit card (automatic),97.31,2916.93,No
C7001618,Female,0,No,No,51,Yes,Yes,DSL,Yes,Yes,No,Yes,No,No,One year,No,Electronic check,68.54,3488.31,No
C7001619,Male,1,Yes,No,56,Yes,Yes,No,No internet service,No internet service,No internet service,No internet service,No internet service,No internet service,Two year,Yes,Electronic check,30.44,1701.64,No
C7001620,Male,1,No,Yes,64,Yes,Yes,Fiber optic,Yes,Yes,Yes,No,No,Yes,One year,No,Mailed check,93.56,6043.51,No
C7001621,Female,0,No,No,36,Yes,No,No,No internet service,No internet service,No internet service,No internet service,No internet service,No internet service,One year,No,Electronic check,26.67,919.4,No
C7001622,Female,0,Yes,No,16,No,No phone service,DSL,Yes,Yes,No,Yes,No,No,Month-to-month,Yes,Mailed check,61.54,984.81,No
C7001623,Male,0,Yes,No,37,Yes,Yes,Fiber optic,Yes,No,Yes,No,No,Yes,Two year,No,Bank transfer (automatic),84.16,3130.62,No
C7001624,Male,0,No,No,31,Yes,Yes,Fiber optic,No,No,No,Yes,Yes,Yes,Month-to-month,Yes,Electronic check,93.85,2915.81,Yes
C7001625,Female,0,Yes,Yes,44,Yes,No,DSL,Yes,Yes,No,No,Yes,No,Month-to-month,No,Electronic check,67.23,2964.5,Yes
C7001626,Male,1,Yes,No,17,No,No phone service,Fiber optic,Yes,No,Yes,No,No,No,One year,No,Electronic check,77.05,1322.4,No
C7001627,Male,0,No,No,37,Yes,Yes,DSL,No,No,Yes,No,Yes,Yes,Two year,Yes,Electronic check,67.9,2523.83,No
C7001628,Male,0,No,No,69,Yes,Yes,Fiber optic,No,No,Yes,Yes,No,Yes,Two year,No,Mailed check,90.97,6273.44,No
C7001629,Male,1,Yes,No,50,Yes,Yes,Fiber optic,No,Yes,Yes,No,No,Yes,Month-to-month,Yes,Electronic check,84.62,4243.2,No
C7001630,Male,0,Yes,No,69,Yes,No,DSL,No,Yes,No,No,Yes,No,Month-to-month,Yes,Mailed check,61.7,4258.88,No
C7001631,Female,0,No,No,7,Yes,No,Fiber optic,Yes,No,Yes,Yes,Yes,Yes,Two year,Yes,Electronic check,94.68,667.35,No
C7001632,Female,0,No,No,47,Yes,No,DSL,No,Yes,Yes,No,No,Yes,Two year,No,Credit card (automatic),66.95,3132.48,No
C7001633,Female,0,No,No,1,No,No phone service,Fiber optic,No,No,Yes,Yes,Yes,No,One year,No,Credit card (automatic),76.08,65.89,No
C7001634,Female,0,No,No,14,Yes,Yes,DSL,Yes,No,No,No,No,Yes,Month-to-month,No,Credit card (automatic),62.79,870.87,Yes
C7001635,Male,0,Yes,No,60,Yes,No,Fiber optic,No,Yes,No,No,No,No,Month-to-month,No,Bank transfer (automatic),74.01,4428.09,Yes
C7001636,Male,0,No,No,7,Yes,No,Fiber optic,No,No,Yes,No,No,Yes,Month-to-month,Yes,Credit card (automatic),80.33,545.63,Yes
C7001637,Female,0,No,No,34,Yes,No,No,No internet service,No internet service,No internet service,No internet service,No internet service,No internet service,Month-to-month,Yes,Electronic check,26.07,899.72,Yes
C7001638,Male,0,No,No,5,Yes,Yes,Fiber optic,Yes,No,No,No,Yes,No,Month-to-month,No,Credit card (automatic),89.53,436.91,Yes
C7001639,Female,0,Yes,No,21,Yes,No,Fiber optic,No,Yes,No,No,Yes,Yes,One year,Yes,Mailed check,84.0,1747.27,No
C7001640,Female,1,Yes,No,9,Yes,No,Fiber optic,No,No,No,No,No,Yes,Two year,Yes,Electronic check,73.21,661.73,No
C7001641,Male,0,No,Yes,33,Yes,Yes,Fiber optic,No,No,Yes,No,Yes,Yes,One year,Yes,Mailed check,94.02,3089.02,No
C7001642,Male,0,No,Yes,46,No,No phone service,Fiber optic,No,No,No,No,No,Yes,Month-to-month,No,Bank transfer (automatic),68.23,3147.54,No
C7001643,Male,0,No,Yes,47,No,No phone service,Fiber optic,No,No,Yes,No,Yes,Yes,Month-to-month,No,Bank transfer (automatic),82.03,3860.13,No
C7001644,Male,0,Yes,Yes,68,Yes,No,Fiber optic,No,No,No,Yes,Yes,No,One year,Yes,Mailed check,77.1,5249.35,No
C7001645,Male,0,No,No,8,No,No phone service,Fiber optic,No,No,Yes,No,No,Yes,One year,No,Mailed check,72.75,568.48,No
C7001646,Male,0,Yes,No,29,Yes,No,No,No internet service,No internet service,No internet service,No internet service,No internet service,No internet service,Two year,No,Bank transfer (automatic),29.83,857.24,No
C7001647,Female,0,No,No,38,Yes,Yes,DSL,No,No,Yes,Yes,No,No,Month-to-month,No,Mailed check,67.6,2576.47,No
C7001648,Female,0,No,No,6,Yes,Yes,DSL,No,Yes,No,No,Yes,Yes,Two year,No,Credit card (automatic),71.51,405.06,No
C7001649,Female,0,No,Yes,8,Yes,Yes,Fiber optic,Yes,Yes,Yes,No,Yes,Yes,Two year,No,Mailed check,103.43,832.46,No
C7001650,Male,0,Yes,No,22,Yes,No,Fiber optic,No,Yes,Yes,No,Yes,No,One year,No,Electronic check,85.78,1887.48,No
C7001651,Male,0,No,Yes,62,Yes,Yes,DSL,Yes,No,Yes,No,No,No,Two year,Yes,Electronic check,64.0,3987.18,No
C7001652,Male,0,Yes,Yes,42,Yes,No,DSL,Yes,No,No,Yes,No,Yes,One year,Yes,Electronic check,63.69,2651.0,No
C7001653,Male,0,No,No,41,Yes,Yes,No,No internet service,No internet service,No internet service,No internet service,No internet service,No internet service,Month-to-month,Yes,Mailed check,31.3,1275.78,No
C7001654,Female,0,No,Yes,40,Yes,Yes,DSL,No,Yes,Yes,Yes,No,No,Month-to-month,Yes,Electronic check,69.57,2784.71,No
C7001655,Male,0,No,No,59,Yes,Yes,Fiber optic,Yes,No,Yes,No,No,No,Month-to-month,Yes,Mailed check,84.01,4975.8,No
C7001656,Male,0,No,No,39,Yes,Yes,DSL,No,No,Yes,No,Yes,Yes,Month-to-month,Yes,Mailed check,75.1,2940.38,No
C7001657,Female,0,No,No,52,Yes,Yes,DSL,Yes,No,Yes,No,Yes,Yes,Month-to-month,Yes,Electronic check,76.96,3992.32,No
C7001658,Male,0,Yes,No,22,Yes,Yes,DSL,No,No,Yes,Yes,No,No,Month-to-month,No,Mailed check,62.34,1374.25,Yes
C7001659,Male,0,Yes,No,59,Yes,No,DSL,No,No,No,No,No,No,One year,No,Bank transfer (automatic),54.67,3238.84,No
C7001660,Male,0,No,No,2,Yes,No,Fiber optic,Yes,No,Yes,No,No,No,Month-to-month,No,Bank transfer (automatic),77.81,168.01,Yes
C7001661,Female,0,No,No,24,No,No phone service,DSL,No,No,No,No,No,Yes,Month-to-month,Yes,Electronic check,49.65,1209.74,No
C7001662,Female,0,No,No,18,No,No phone service,Fiber optic,Yes,No,No,No,Yes,Yes,Two year,No,Mailed check,80.08,1424.93,No
C7001663,Male,0,Yes,Yes,10,No,No phone service,DSL,Yes,No,No,No,No,No,Month-to-month,Yes,Electronic check,52.56,553.95,Yes
C7001664,Female,0,Yes,No,39,Yes,No,No,No internet service,No internet service,No internet service,No internet service,No internet service,No internet service,Month-to-month,Yes,Electronic check,27.53,1060.05,No
C7001665,Female,0,No,Yes,65,Yes,Yes,DSL,Yes,No,No,No,No,Yes,One year,Yes,Bank transfer (automatic),61.63,4009.41,No
C7001666,Female,0,No,Yes,11,Yes,No,DSL,No,No,No,Yes,No,Yes,Two year,No,Credit card (automatic),61.89,672.39,No
C7001667,Male,0,No,No,64,Yes,Yes,Fiber optic,No,No,No,No,Yes,No,Month-to-month,Yes,Electronic check,77.94,4987.16,Yes
C7001668,Male,0,Yes,No,62,Yes,No,No,No internet service,No internet service,No internet service,No internet service,No internet service,No internet service,Month-to-month,No,Electronic check,25.89,1600.3,No
C7001669,Female,0,Yes,Yes,64,Yes,No,Fiber optic,No,No,Yes,No,Yes,No,Month-to-month,Yes,Electronic check,76.34,4911.53,No
C7001670,Male,0,Yes,No,0,Yes,No,Fiber optic,Yes,No,Yes,No,Yes,Yes,Month-to-month,Yes,Bank transfer (automatic),92.27,0.0,No
C7001671,Female,0,Yes,Yes,72,Yes,No,No,No internet service,No internet service,No internet service,No internet service,No internet service,No internet service,Month-to-month,No,Credit card (automatic),22.56,1597.22,No
C7001672,Female,0,No,No,31,Yes,Yes,Fiber optic,Yes,No,Yes,No,Yes,Yes,Month-to-month,No,Bank transfer (automatic),96.79,2985.05,Yes
C7001673,Male,0,Yes,No,43,No,No phone service,Fiber optic,No,Yes,No,Yes,Yes,No,Two year,Yes,Credit card (automatic),79.75,3413.74,No
C7001674,Female,0,Yes,No,22,Yes,Yes,Fiber optic,Yes,No,Yes,Yes,No,Yes,Month-to-month,No,Mailed check,97.62,2155.45,No
C7001675,Female,0,No,Yes,37,Yes,No,DSL,Yes,Yes,No,Yes,Yes,Yes,Month-to-month,Yes,Electronic check,75.35,2785.07,No
C7001676,Female,0,Yes,No,40,Yes,No,DSL,No,Yes,No,Yes,Yes,Yes,Month-to-month,Yes,Bank transfer (automatic),70.92,2842.01,No
C7001677,Male,0,No,No,58,Yes,Yes,DSL,No,No,Yes,No,Yes,Yes,One year,Yes,Electronic check,68.0,3948.19,No
C7001678,Female,0,Yes,No,24,No,No phone service,DSL,No,Yes,Yes,Yes,No,Yes,Month-to-month,No,Bank transfer (automatic),65.44,1558.09,No
C7001679,Female,0,Yes,Yes,8,Yes,Yes,No,No internet service,No internet service,No internet service,No internet service,No internet service,No internet service,Month-to-month,Yes,Electronic check,24.56,186.24,Yes
C7001680,Female,0,Yes,No,42,Yes,Yes,No,No internet service,No internet service,No internet service,No internet service,No internet service,No internet service,One year,Yes,Mailed check,32.41,1344.34,No
C7001681,Female,0,No,No,57,Yes,No,DSL,No,Yes,No,No,No,No,Month-to-month,Yes,Mailed check,61.38,3509.24,Yes
C7001682,Female,1,Yes,No,1,Yes,Yes,DSL,No,Yes,No,Yes,No,Yes,Two year,No,Bank transfer (automatic),70.48,50.72,No
C7001683,Male,1,No,No,59,Yes,Yes,Fiber optic,No,Yes,No,No,Yes,No,Two year,Yes,Credit card (automatic),87.93,5156.53,No
C7001684,Male,0,No,No,58,Yes,No,Fiber optic,No,No,No,Yes,Yes,Yes,Month-to-month,Yes,Electronic check,82.64,4781.51,Yes
C7001685,Male,0,Yes,No,42,Yes,Yes,No,No internet service,No internet service,No internet service,No internet service,No internet service,No internet service,Two year,Yes,Credit card (automatic),32.1,1369.73,No
C7001686,Male,0,No,No,69,Yes,Yes,No,No internet service,No internet service,No internet service,No internet service,No internet service,No internet service,Month-to-month,Yes,Bank transfer (automatic),31.22,2140.73,No
C7001687,Female,0,Yes,Yes,28,Yes,Yes,Fiber optic,No,Yes,Yes,No,No,Yes,Month-to-month,Yes,Bank transfer (automatic),91.82,2567.58,Yes
C7001688,Female,0,Yes,No,9,Yes,No,DSL,Yes,Yes,Yes,No,Yes,No,Month-to-month,Yes,Electronic check,71.33,624.67,No
C7001689,Male,0,No,No,47,Yes,No,No,No internet service,No internet service,No internet service,No internet service,No internet service,No internet service,One year,Yes,Electronic check,25.09,1157.01,No
C7001690,Female,0,Yes,No,44,Yes,No,Fiber optic,No,Yes,No,No,Yes,Yes,Month-to-month,Yes,Credit card (automatic),84.34,3697.34,No
C7001691,Female,0,No,No,66,Yes,No,Fiber optic,No,Yes,No,No,Yes,No,Two year,Yes,Mailed check,78.52,5189.23,No
C7001692,Male,0,No,No,16,Yes,No,Fiber optic,No,No,No,Yes,No,Yes,Two year,Yes,Electronic check,84.71,1328.19,No
C7001693,Female,0,Yes,No,11,No,No phone service,Fiber optic,No,No,Yes,No,Yes,No,Month-to-month,Yes,Electronic check,75.56,854.43,No
C7001694,Female,0,Yes,No,49,Yes,No,DSL,Yes,Yes,No,Yes,No,No,Month-to-month,No,Credit card (automatic),64.34,3126.81,No
C7001695,Female,0,No,No,22,No,No phone service,Fiber optic,No,No,Yes,Yes,No,Yes,Two year,No,Electronic check,83.93,1833.72,Yes
C7001696,Male,0,No,No,13,Yes,Yes,DSL,Yes,Yes,No,No,No,Yes,One year,Yes,Bank transfer (automatic),71.96,917.91,No
C7001697,Female,0,Yes,No,49,Yes,Yes,DSL,No,Yes,Yes,Yes,No,No,Two year,No,Bank transfer (automatic),72.06,3521.84,No
C7001698,Female,0,No,Yes,13,Yes,No,Fiber optic,No,Yes,No,Yes,No,No,One year,Yes,Mailed check,80.89,1075.19,No
C7001699,Female,0,Yes,No,60,Yes,No,DSL,No,No,No,Yes,Yes,No,Two year,Yes,Bank transfer (automatic),64.78,3880.99,Yes
C7001700,Female,0,No,Yes,22,Yes,No,No,No internet service,No internet service,No internet service,No internet service,No internet service,No internet service,Month-to-month,No,Mailed check,23.79,515.73,No
C7001701,Female,0,Yes,No,47,Yes,Yes,No,No internet service,No internet service,No internet service,No internet service,No internet service,No internet service,Month-to-month,No,Credit card (automatic),28.27,1337.49,No
C7001702,Male,0,No,No,42,Yes,Yes,No,No internet service,No internet service,No internet service,No internet service,No internet service,No internet service,Month-to-month,No,Bank transfer (automatic),27.38,1135.28,No
C7001703,Female,0,No,Yes,43,Yes,No,DSL,No,No,No,No,Yes,Yes,Month-to-month,Yes,Credit card (automatic),60.64,2608.02,No
C7001704,Male,1,No,No,22,Yes,Yes,No,No internet service,No internet service,No internet service,No internet service,No internet service,No internet service,Two year,Yes,Electronic check,31.63,716.97,No
C7001705,Female,0,No,No,6,Yes,No,DSL,No,Yes,Yes,No,Yes,No,One year,Yes,Mailed check,62.47,384.77,Yes
C7001706,Male,0,No,Yes,46,Yes,Yes,Fiber optic,No,No,No,No,Yes,No,Month-to-month,No,Mailed check,82.17,3784.28,No
C7001707,Male,0,Yes,No,31,Yes,No,DSL,No,No,Yes,No,Yes,No,Two year,No,Mailed check,61.03,1895.78,No
C7001708,Female,0,Yes,Yes,71,Yes,Yes,No,No internet service,No internet service,No internet service,No internet service,No internet service,No internet service,Two year,No,Mailed check,34.06,2409.28,No
C7001709,Male,0,No,Yes,64,Yes,No,DSL,No,No,Yes,Yes,Yes,Yes,One year,No,Credit card (automatic),75.23,4794.46,No
C7001710,Female,0,Yes,No,5,Yes,Yes,Fiber optic,No,No,Yes,No,Yes,No,Two year,No,Bank transfer (automatic),83.17,425.53,No
C7001711,Male,0,No,Yes,26,Yes,Yes,Fiber optic,No,Yes,Yes,Yes,Yes,Yes,Month-to-month,No,Bank transfer (automatic),98.46,2558.51,Yes
C7001712,Female,0,Yes,No,30,Yes,No,Fiber optic,Yes,No,No,No,No,Yes,Month-to-month,No,Mailed check,76.63,2308.8,No
C7001713,Female,0,No,No,27,Yes,Yes,No,No internet service,No internet service,No internet service,No internet service,No internet service,No internet service,Month-to-month,Yes,Bank transfer (automatic),29.43,818.48,No
C7001714,Male,0,No,No,52,Yes,Yes,DSL,No,No,Yes,Yes,No,Yes,Month-to-month,No,Credit card (automatic),64.11,3354.74,No
C7001715,Female,0,No,No,26,No,No phone service,DSL,No,No,Yes,No,Yes,No,Two year,No,Credit card (automatic),51.83,1347.37,No
C7001716,Male,0,Yes,No,11,Yes,Yes,Fiber optic,No,No,Yes,Yes,No,Yes,One year,Yes,Electronic check,92.49,1020.33,No
C7001717,Female,0,No,No,26,Yes,Yes,Fiber optic,No,No,Yes,Yes,Yes,No,Two year,Yes,Bank transfer (automatic),92.18,2381.04,No
C7001718,Female,0,No,No,57,Yes,Yes,DSL,No,Yes,No,Yes,No,Yes,Month-to-month,No,Bank transfer (automatic),72.58,4126.56,No
C7001719,Female,0,No,No,29,Yes,No,No,No internet service,No internet service,No internet service,No internet service,No internet service,No internet service,Month-to-month,Yes,Electronic check,25.82,741.95,No
C7001720,Male,0,No,No,20,No,No phone service,DSL,No,Yes,Yes,No,Yes,No,Month-to-month,Yes,Bank transfer (automatic),61.49,1235.3,No
C7001721,Male,0,Yes,No,56,Yes,No,Fiber optic,No,Yes,Yes,Yes,Yes,No,Month-to-month,Yes,Credit card (automatic),92.87,5195.92,No
C7001722,Female,0,Yes,No,4,Yes,No,DSL,No,No,No,No,No,Yes,Two year,Yes,Electronic check,53.79,217.77,No
C7001723,Female,0,Yes,No,33,Yes,Yes,Fiber optic,Yes,No,No,Yes,Yes,Yes,Month-to-month,No,Electronic check,96.76,3188.15,No
C7001724,Male,1,No,No,7,Yes,No,Fiber optic,No,No,No,No,Yes,No,One year,No,Credit card (automatic),77.78,532.88,No
C7001725,Male,0,No,No,44,Yes,No,Fiber optic,Yes,Yes,No,Yes,No,Yes,Two year,Yes,Bank transfer (automatic),91.01,4013.36,No
C7001726,Male,0,Yes,No,65,Yes,No,DSL,No,Yes,Yes,Yes,No,No,One year,Yes,Credit card (automatic),64.87,4220.56,No
C7001727,Female,0,No,Yes,32,Yes,Yes,Fiber optic,No,Yes,Yes,Yes,No,Yes,One year,Yes,Credit card (automatic),98.28,3134.33,No
C7001728,Male,1,Yes,No,71,Yes,No,DSL,No,Yes,Yes,No,Yes,Yes,Two year,Yes,Electronic check,63.23,4494.6,No
C7001729,Male,0,No,No,63,No,No phone service,DSL,Yes,No,Yes,No,No,No,Month-to-month,Yes,Electronic check,46.86,2944.7,No
C7001730,Female,0,No,No,53,Yes,No,DSL,No,Yes,Yes,Yes,No,Yes,Two year,Yes,Electronic check,69.04,3672.17,No
C7001731,Male,0,Yes,No,13,Yes,Yes,No,No internet service,No internet service,No internet service,No internet service,No internet service,No internet service,Two year,No,Electronic check,25.31,352.29,No
C7001732,Female,0,Yes,No,2,Yes,No,DSL,Yes,No,Yes,No,Yes,Yes,One year,Yes,Bank transfer (automatic),75.27,142.82,No
C7001733,Male,0,No,No,8,Yes,Yes,Fiber optic,No,Yes,No,No,Yes,No,Month-to-month,No,Bank transfer (automatic),90.47,727.69,Yes
C7001734,Female,0,No,Yes,25,Yes,No,DSL,No,Yes,Yes,Yes,Yes,No,Month-to-month,Yes,Bank transfer (automatic),70.61,1772.81,Yes
C7001735,Female,1,Yes,No,29,Yes,No,Fiber optic,No,Yes,Yes,No,No,No,Month-to-month,Yes,Credit card (automatic),74.51,2158.61,No
C7001736,Female,0,No,No,15,Yes,Yes,Fiber optic,No,Yes,Yes,No,No,No,Month-to-month,Yes,Electronic check,81.57,1210.78,Yes
C7001737,Male,0,No,No,71,Yes,Yes,DSL,Yes,No,No,No,No,Yes,Month-to-month,Yes,Mailed check,62.43,4433.85,No
C7001738,Female,0,Yes,No,54,Yes,Yes,No,No internet service,No internet service,No internet service,No internet service,No internet service,No internet service,Month-to-month,No,Mailed check,29.45,1599.89,No
C7001739,Female,1,No,No,51,Yes,No,No,No internet service,No internet service,No internet service,No internet service,No internet service,No internet service,Two year,Yes,Electronic check,18.76,934.08,No
C7001740,Male,0,Yes,No,47,Yes,No,DSL,Yes,No,No,Yes,No,No,Month-to-month,No,Credit card (automatic),64.6,3031.92,No
C7001741,Male,0,No,No,44,Yes,Yes,Fiber optic,No,Yes,No,No,Yes,Yes,Month-to-month,No,Credit card (automatic),89.17,3938.61,Yes
C7001742,Male,0,No,No,64,No,No phone service,No,No internet service,No internet service,No internet service,No internet service,No internet service,No internet service,Month-to-month,No,Bank transfer (automatic),18.67,1208.93,No
C7001743,Female,0,Yes,No,28,Yes,Yes,No,No internet service,No internet service,No internet service,No internet service,No internet service,No internet service,Month-to-month,No,Electronic check,31.18,853.15,No
C7001744,Female,0,No,No,10,Yes,No,DSL,Yes,Yes,No,Yes,No,Yes,Month-to-month,Yes,Electronic check,69.45,671.11,Yes
C7001745,Female,0,Yes,No,21,No,No phone service,No,No internet service,No internet service,No internet service,No internet service,No internet service,No internet service,Month-to-month,Yes,Electronic check,18.0,394.37,No
C7001746,Female,0,No,No,16,Yes,No,DSL,No,Yes,No,No,Yes,No,Two year,No,Credit card (automatic),64.02,995.94,No
C7001747,Female,1,No,Yes,69,No,No phone service,Fiber optic,No,No,No,No,Yes,Yes,Two year,No,Mailed check,72.79,5011.04,No
C7001748,Male,1,Yes,Yes,41,Yes,Yes,Fiber optic,No,No,No,No,Yes,Yes,One year,No,Electronic check,83.75,3446.14,No
C7001749,Male,0,No,No,31,Yes,No,Fiber optic,Yes,No,Yes,No,No,No,Month-to-month,No,Electronic check,83.36,2603.42,No
C7001750,Female,0,Yes,No,1,Yes,No,No,No internet service,No internet service,No internet service,No internet service,No internet service,No internet service,Two year,Yes,Electronic check,20.67,4.85,No
C7001751,Male,0,No,No,51,Yes,Yes,DSL,Yes,No,Yes,No,No,Yes,Two year,Yes,Bank transfer (automatic),68.59,3502.07,No
C7001752,Female,0,No,No,47,Yes,Yes,DSL,No,No,Yes,No,No,No,One year,No,Mailed check,63.61,3006.81,No
C7001753,Female,0,No,No,59,Yes,Yes,Fiber optic,No,No,Yes,No,No,No,Two year,Yes,Credit card (automatic),80.22,4727.25,No
C7001754,Male,0,No,Yes,9,Yes,Yes,Fiber optic,No,No,No,No,Yes,Yes,Two year,No,Bank transfer (automatic),81.8,728.78,No
C7001755,Female,0,No,Yes,47,Yes,No,Fiber optic,Yes,Yes,No,No,Yes,Yes,Month-to-month,Yes,Mailed check,88.82,4199.68,No
C7001756,Male,0,Yes,No,26,Yes,No,No,No internet service,No internet service,No internet service,No internet service,No internet service,No internet service,One year,Yes,Bank transfer (automatic),22.83,591.1,No
C7001757,Female,0,Yes,Yes,16,Yes,Yes,Fiber optic,No,No,No,Yes,Yes,Yes,Month-to-month,No,Credit card (automatic),85.08,1326.43,No
C7001758,Female,0,No,Yes,16,Yes,Yes,Fiber optic,No,No,No,No,Yes,No,Month-to-month,Yes,Bank transfer (automatic),75.31,1207.0,Yes
C7001759,Female,0,Yes,No,21,Yes,No,DSL,No,Yes,No,No,No,No,One year,No,Mailed check,54.34,1149.31,No
C7001760,Male,0,Yes,No,53,Yes,No,DSL,No,No,Yes,Yes,Yes,No,One year,Yes,Bank transfer (automatic),58.89,3137.21,No
C7001761,Male,0,Yes,No,1,Yes,No,No,No internet service,No internet service,No internet service,No internet service,No internet service,No internet service,One year,No,Electronic check,22.11,32.71,No
C7001762,Male,0,No,Yes,69,Yes,No,Fiber optic,No,No,No,Yes,Yes,Yes,Two year,Yes,Electronic check,80.74,5577.13,No
C7001763,Male,0,No,No,70,Yes,Yes,Fiber optic,No,No,Yes,No,Yes,Yes,Month-to-month,Yes,Bank transfer (automatic),88.97,6215.33,No
C7001764,Male,0,Yes,No,70,Yes,No,DSL,Yes,No,Yes,No,Yes,No,Two year,Yes,Credit card (automatic),66.36,4668.52,No
C7001765,Male,1,Yes,No,60,No,No phone service,Fiber optic,No,Yes,No,Yes,Yes,Yes,One year,No,Electronic check,83.21,4990.6,No
C7001766,Female,1,No,No,23,Yes,No,DSL,No,Yes,No,Yes,No,No,Month-to-month,Yes,Electronic check,59.48,1380.35,No
C7001767,Male,0,Yes,No,29,Yes,Yes,No,No internet service,No internet service,No internet service,No internet service,No internet service,No internet service,Month-to-month,Yes,Credit card (automatic),32.87,966.24,No
C7001768,Male,1,No,Yes,9,Yes,No,DSL,No,Yes,Yes,No,Yes,No,Month-to-month,Yes,Bank transfer (automatic),61.85,565.74,Yes
C7001769,Female,0,No,Yes,65,Yes,Yes,DSL,No,Yes,No,Yes,No,Yes,Month-to-month,No,Bank transfer (automatic),69.89,4537.15,No
C7001770,Female,1,No,No,56,Yes,Yes,Fiber optic,Yes,No,No,No,No,Yes,One year,Yes,Mailed check,88.41,4972.27,No
C7001771,Female,1,Yes,Yes,11,Yes,Yes,DSL,Yes,No,No,No,No,Yes,Two year,Yes,Credit card (automatic),69.8,769.33,No
C7001772,Female,0,No,Yes,72,Yes,No,No,No internet service,No internet service,No internet service,No internet service,No internet service,No internet service,One year,Yes,Bank transfer (automatic),28.48,2054.88,No
C7001773,Female,1,No,Yes,3,Yes,No,Fiber optic,No,No,No,Yes,No,No,Month-to-month,Yes,Electronic check,72.48,229.62,Yes
C7001774,Female,0,Yes,No,56,Yes,Yes,Fiber optic,No,Yes,No,No,Yes,Yes,Month-to-month,Yes,Electronic check,87.63,4906.03,No
C7001775,Female,0,No,No,9,Yes,Yes,DSL,Yes,No,Yes,No,No,No,Month-to-month,No,Bank transfer (automatic),67.03,619.14,No
C7001776,Female,1,Yes,No,54,Yes,Yes,Fiber optic,No,Yes,Yes,No,No,No,Month-to-month,Yes,Mailed check,87.67,4739.33,Yes
C7001777,Male,0,No,No,64,Yes,No,DSL,Yes,Yes,No,No,No,Yes,Two year,Yes,Electronic check,67.48,4313.03,No
C7001778,Male,0,No,No,69,Yes,No,Fiber optic,No,Yes,Yes,Yes,No,No,Month-to-month,No,Electronic check,78.82,5446.9,No
C7001779,Male,0,Yes,Yes,11,Yes,No,No,No internet service,No internet service,No internet service,No internet service,No internet service,No internet service,Two year,Yes,Credit card (automatic),19.99,205.01,No
C7001780,Male,0,Yes,No,12,Yes,No,DSL,No,No,No,No,Yes,No,Month-to-month,Yes,Electronic check,58.42,703.6,Yes
C7001781,Female,1,Yes,No,4,Yes,No,No,No internet service,No internet service,No internet service,No internet service,No internet service,No internet service,Month-to-month,Yes,Credit card (automatic),25.76,99.79,No
C7001782,Male,1,Yes,No,60,Yes,Yes,No,No internet service,No internet service,No internet service,No internet service,No internet service,No internet service,Month-to-month,No,Mailed check,30.41,1835.56,No
C7001783,Male,0,No,Yes,13,Yes,No,No,No internet service,No internet service,No internet service,No internet service,No internet service,No internet service,Two year,Yes,Electronic check,23.66,319.04,No
C7001784,Male,1,Yes,No,28,Yes,Yes,Fiber optic,No,No,Yes,Yes,No,No,Month-to-month,Yes,Electronic check,82.31,2295.72,Yes
C7001785,Female,0,No,No,30,Yes,No,No,No internet service,No internet service,No internet service,No internet service,No internet service,No internet service,One year,Yes,Electronic check,24.53,723.85,No
C7001786,Male,1,Yes,Yes,25,Yes,No,Fiber optic,No,Yes,Yes,Yes,Yes,Yes,Month-to-month,Yes,Credit card (automatic),92.61,2336.07,No
C7001787,Female,0,No,No,36,No,No phone service,Fiber optic,Yes,Yes,No,Yes,Yes,No,Month-to-month,Yes,Electronic check,84.19,3055.58,No
C7001788,Female,0,No,Yes,25,Yes,Yes,Fiber optic,No,Yes,No,No,No,Yes,Month-to-month,No,Electronic check,91.74,2332.55,Yes
C7001789,Male,0,No,Yes,17,No,No phone service,DSL,No,No,Yes,Yes,No,Yes,Month-to-month,No,Mailed check,60.66,1025.4,No
C7001790,Female,0,No,Yes,28,Yes,No,DSL,Yes,Yes,No,Yes,Yes,No,Month-to-month,Yes,Electronic check,67.92,1893.1,No
C7001791,Male,0,No,No,58,Yes,No,Fiber optic,No,Yes,Yes,Yes,Yes,No,Month-to-month,Yes,Mailed check,88.14,5096.77,No
C7001792,Male,0,No,Yes,8,Yes,Yes,DSL,Yes,Yes,Yes,No,No,Yes,Month-to-month,Yes,Electronic check,74.58,593.94,No
C7001793,Female,0,No,No,70,Yes,No,Fiber optic,No,No,No,No,No,No,Month-to-month,Yes,Bank transfer (automatic),64.43,4487.34,No
C7001794,Female,0,Yes,No,29,Yes,Yes,No,No internet service,No internet service,No internet service,No internet service,No internet service,No internet service,Month-to-month,Yes,Electronic check,31.63,910.68,No
C7001795,Male,0,Yes,No,21,Yes,No,Fiber optic,Yes,Yes,Yes,No,No,No,One year,Yes,Bank transfer (automatic),90.15,1894.8,No
C7001796,Female,0,Yes,No,32,Yes,No,Fiber optic,Yes,Yes,No,No,Yes,No,Month-to-month,No,Electronic check,86.42,2740.47,No
C7001797,Male,0,No,Yes,67,Yes,No,Fiber optic,No,No,No,No,Yes,Yes,Month-to-month,Yes,Credit card (automatic),78.07,5232.58,No
C7001798,Female,0,No,No,59,Yes,No,DSL,No,No,Yes,No,No,Yes,Two year,Yes,Bank transfer (automatic),58.17,3448.17,No
C7001799,Female,0,No,No,59,Yes,No,DSL,No,No,No,No,No,No,One year,Yes,Electronic check,49.42,2921.2,No
C7001800,Female,0,No,No,16,Yes,No,DSL,No,No,No,No,Yes,No,Two year,No,Mailed check,55.28,896.48,No
C7001801,Female,0,Yes,Yes,64,Yes,Yes,No,No internet service,No internet service,No internet service,No internet service,No internet service,No internet service,Two year,No,Credit card (automatic),29.76,1892.51,No
C7001802,Male,0,No,No,51,Yes,No,No,No internet service,No internet service,No internet service,No internet service,No internet service,No internet service,Month-to-month,No,Mailed check,25.92,1298.32,No
C7001803,Female,0,Yes,No,4,Yes,No,Fiber optic,Yes,No,No,No,No,No,Month-to-month,Yes,Credit card (automatic),74.24,313.26,No
C7001804,Female,0,Yes,No,31,Yes,Yes,Fiber optic,No,Yes,Yes,No,Yes,Yes,Month-to-month,Yes,Electronic check,98.04,3043.81,No
C7001805,Female,0,No,No,60,Yes,No,No,No internet service,No internet service,No internet service,No internet service,No internet service,No internet service,Month-to-month,Yes,Electronic check,18.92,1132.76,No
C7001806,Male,1,Yes,No,38,Yes,Yes,DSL,No,No,Yes,Yes,No,Yes,Two year,No,Credit card (automatic),66.25,2516.95,No
C7001807,Male,0,No,No,42,Yes,No,DSL,Yes,No,No,Yes,No,No,Two year,Yes,Electronic check,63.07,2633.02,No
C7001808,Male,0,No,Yes,27,Yes,No,Fiber optic,No,No,No,Yes,Yes,No,Month-to-month,No,Credit card (automatic),78.78,2131.79,No
C7001809,Male,0,No,No,2,Yes,No,Fiber optic,No,Yes,No,No,No,Yes,Month-to-month,Yes,Credit card (automatic),80.04,164.34,Yes
C7001810,Male,0,Yes,Yes,64,Yes,Yes,No,No internet service,No internet service,No internet service,No internet service,No internet service,No internet service,Two year,Yes,Credit card (automatic),28.61,1835.02,No
C7001811,Male,0,Yes,Yes,55,Yes,No,No,No internet service,No internet service,No internet service,No internet service,No internet service,No internet service,One year,No,Electronic check,20.65,1128.99,No
C7001812,Female,0,Yes,Yes,19,Yes,No,No,No internet service,No internet service,No internet service,No internet service,No internet service,No internet service,Month-to-month,No,Credit card (automatic),25.87,497.69,No
C7001813,Male,1,No,Yes,17,Yes,No,Fiber optic,No,Yes,No,Yes,No,Yes,Month-to-month,Yes,Credit card (automatic),85.3,1454.83,Yes
C7001814,Female,1,Yes,No,37,Yes,Yes,No,No internet service,No internet service,No internet service,No internet service,No internet service,No internet service,Month-to-month,Yes,Electronic check,38.44,1426.58,No
C7001815,Female,0,Yes,No,58,Yes,No,Fiber optic,No,Yes,Yes,No,Yes,Yes,Month-to-month,Yes,Credit card (automatic),90.3,5236.68,Yes
C7001816,Female,0,No,No,6,Yes,No,Fiber optic,No,No,Yes,No,Yes,No,Month-to-month,No,Credit card (automatic),83.94,502.4,Yes
C7001817,Male,0,No,No,45,Yes,Yes,Fiber optic,No,No,No,No,No,Yes,Month-to-month,No,Electronic check,79.76,3585.05,No
C7001818,Male,0,No,No,61,Yes,Yes,No,No internet service,No internet service,No internet service,No internet service,No internet service,No internet service,One year,Yes,Bank transfer (automatic),33.98,2074.15,No
C7001819,Female,1,Yes,No,35,Yes,Yes,DSL,Yes,No,No,No,No,Yes,Month-to-month,Yes,Credit card (automatic),62.87,2178.4,No
C7001820,Female,0,No,No,3,Yes,No,Fiber optic,Yes,No,Yes,No,No,No,Two year,No,Electronic check,76.51,229.98,No
C7001821,Male,0,Yes,No,1,Yes,Yes,Fiber optic,Yes,Yes,Yes,No,Yes,Yes,One year,Yes,Electronic check,96.25,93.05,No
C7001822,Female,0,Yes,No,11,Yes,No,Fiber optic,No,Yes,No,Yes,Yes,No,Month-to-month,No,Credit card (automatic),83.01,937.34,Yes
C7001823,Female,0,Yes,No,64,Yes,No,Fiber optic,Yes,No,Yes,Yes,No,Yes,Month-to-month,Yes,Electronic check,88.61,5654.73,No
C7001824,Female,0,No,No,33,Yes,Yes,Fiber optic,No,No,Yes,No,Yes,No,One year,Yes,Electronic check,81.68,2675.78,No
C7001825,Male,0,No,No,10,Yes,Yes,Fiber optic,Yes,No,No,Yes,Yes,Yes,Two year,No,Credit card (automatic),97.51,964.97,No
C7001826,Female,0,Yes,No,66,Yes,Yes,Fiber optic,No,No,No,No,Yes,Yes,Two year,Yes,Electronic check,75.73,5002.09,No
C7001827,Male,0,No,No,60,Yes,Yes,DSL,No,No,No,No,No,No,Month-to-month,Yes,Bank transfer (automatic),56.67,3396.45,Yes
C7001828,Female,1,No,Yes,10,Yes,Yes,Fiber optic,Yes,Yes,Yes,No,No,Yes,Month-to-month,Yes,Bank transfer (automatic),94.05,914.44,Yes
C7001829,Male,0,Yes,No,50,Yes,No,DSL,No,Yes,Yes,No,Yes,Yes,Month-to-month,No,Electronic check,74.75,3717.82,No
C7001830,Male,0,No,No,24,Yes,No,No,No internet service,No internet service,No internet service,No internet service,No internet service,No internet service,Month-to-month,Yes,Mailed check,24.52,605.19,No
C7001831,Female,0,Yes,No,5,Yes,Yes,No,No internet service,No internet service,No internet service,No internet service,No internet service,No internet service,Month-to-month,No,Electronic check,29.5,176.99,Yes
C7001832,Male,0,Yes,Yes,4,Yes,Yes,DSL,No,Yes,No,No,Yes,Yes,Month-to-month,No,Credit card (automatic),73.2,300.97,Yes
C7001833,Male,1,No,No,39,Yes,No,DSL,No,Yes,Yes,Yes,No,No,One year,No,Electronic check,61.82,2408.45,No
C7001834,Male,0,Yes,Yes,61,No,No phone service,DSL,No,No,No,Yes,No,No,One year,Yes,Credit card (automatic),49.8,3040.96,No
C7001835,Male,0,No,No,70,Yes,No,Fiber optic,No,No,No,Yes,No,No,Month-to-month,Yes,Electronic check,77.59,5419.65,No
C7001836,Male,0,Yes,No,51,Yes,No,DSL,Yes,Yes,Yes,No,No,Yes,Month-to-month,No,Mailed check,70.44,3611.85,No
C7001837,Male,0,No,No,67,Yes,Yes,Fiber optic,No,Yes,Yes,No,No,Yes,One year,Yes,Credit card (automatic),93.34,6277.32,No
C7001838,Female,1,No,No,17,Yes,No,Fiber optic,No,No,Yes,No,No,No,Month-to-month,No,Credit card (automatic),73.11,1231.8,Yes
C7001839,Female,0,No,Yes,10,Yes,Yes,Fiber optic,No,No,No,No,Yes,No,Month-to-month,Yes,Credit card (automatic),78.11,788.34,Yes
C7001840,Male,0,No,No,8,Yes,Yes,Fiber optic,Yes,No,No,Yes,No,Yes,Month-to-month,Yes,Credit card (automatic),92.2,730.75,Yes
C7001841,Female,0,No,Yes,12,Yes,No,Fiber optic,Yes,Yes,Yes,No,No,Yes,Month-to-month,Yes,Mailed check,87.53,1058.84,Yes
C7001842,Male,0,Yes,No,55,Yes,No,Fiber optic,No,No,No,Yes,No,No,Month-to-month,Yes,Bank transfer (automatic),72.82,4000.42,Yes
C7001843,Female,0,Yes,No,11,Yes,No,Fiber optic,No,Yes,No,Yes,Yes,Yes,Two year,Yes,Electronic check,89.93,977.93,No
C7001844,Male,0,No,Yes,31,No,No phone service,Fiber optic,No,No,No,No,No,No,Two year,Yes,Credit card (automatic),66.39,2061.59,No
C7001845,Female,0,No,No,55,Yes,No,Fiber optic,No,No,No,Yes,Yes,No,Two year,Yes,Electronic check,82.79,4532.7,No
C7001846,Male,0,Yes,No,67,No,No phone service,DSL,Yes,Yes,Yes,No,Yes,No,One year,No,Bank transfer (automatic),64.85,4344.52,No
C7001847,Female,0,No,Yes,11,Yes,Yes,DSL,Yes,Yes,No,No,No,No,Month-to-month,No,Electronic check,66.66,729.62,Yes
C7001848,Male,0,Yes,No,13,Yes,No,Fiber optic,No,Yes,No,Yes,Yes,No,Month-to-month,No,Mailed check,89.54,1173.31,Yes
C7001849,Female,0,Yes,Yes,4,Yes,No,Fiber optic,Yes,Yes,No,No,Yes,Yes,Month-to-month,Yes,Bank transfer (automatic),92.85,374.51,Yes
C7001850,Male,0,No,Yes,8,Yes,Yes,Fiber optic,Yes,No,Yes,No,Yes,Yes,One year,Yes,Electronic check,94.35,755.21,No
C7001851,Female,0,No,No,28,Yes,Yes,No,No internet service,No internet service,No internet service,No internet service,No internet service,No internet service,Month-to-month,Yes,Mailed check,31.37,891.75,No
C7001852,Male,0,No,No,22,Yes,No,DSL,No,Yes,No,Yes,Yes,Yes,Month-to-month,Yes,Electronic check,75.51,1673.03,No
C7001853,Female,0,Yes,No,70,Yes,No,Fiber optic,No,Yes,Yes,No,Yes,Yes,Two year,Yes,Credit card (automatic),92.08,6458.34,No
C7001854,Female,0,Yes,No,32,Yes,No,Fiber optic,Yes,No,Yes,Yes,Yes,Yes,Two year,No,Bank transfer (automatic),94.47,3007.41,No
C7001855,Female,0,No,No,22,No,No phone service,DSL,No,Yes,No,No,No,Yes,Month-to-month,No,Electronic check,61.17,1355.77,No
C7001856,Male,0,Yes,No,34,Yes,No,Fiber optic,No,Yes,No,No,Yes,Yes,One year,No,Credit card (automatic),89.1,3052.44,No
C7001857,Male,0,No,Yes,52,Yes,Yes,Fiber optic,No,Yes,Yes,No,No,No,Month-to-month,Yes,Mailed check,88.68,4586.56,No
C7001858,Male,1,Yes,Yes,24,Yes,No,Fiber optic,Yes,Yes,Yes,No,No,No,Month-to-month,Yes,Bank transfer (automatic),83.92,1995.37,No
C7001859,Male,0,Yes,No,10,Yes,No,DSL,No,Yes,Yes,No,Yes,Yes,Month-to-month,No,Electronic check,67.6,703.42,No
C7001860,Female,0,Yes,No,30,Yes,No,DSL,No,No,No,No,No,No,Two year,No,Bank transfer (automatic),53.71,1617.58,No
C7001861,Female,1,Yes,No,45,Yes,Yes,DSL,Yes,No,No,No,No,No,Month-to-month,Yes,Credit card (automatic),57.65,2585.03,No
C7001862,Female,0,Yes,Yes,23,Yes,No,No,No internet service,No internet service,No internet service,No internet service,No internet service,No internet service,One year,Yes,Electronic check,20.36,449.66,No
C7001863,Female,0,No,No,42,Yes,No,DSL,No,Yes,No,Yes,Yes,Yes,Two year,Yes,Electronic check,71.91,3010.4,No
C7001864,Female,0,No,Yes,23,Yes,Yes,DSL,No,Yes,Yes,No,No,No,One year,No,Bank transfer (automatic),69.88,1576.22,Yes
C7001865,Female,0,Yes,No,66,Yes,No,Fiber optic,Yes,Yes,No,Yes,Yes,Yes,Month-to-month,No,Bank transfer (automatic),90.81,5998.37,No
C7001866,Female,0,No,No,64,Yes,Yes,No,No internet service,No internet service,No internet service,No internet service,No internet service,No internet service,One year,No,Bank transfer (automatic),34.89,2246.41,No
C7001867,Male,0,Yes,Yes,52,Yes,No,DSL,No,No,No,No,Yes,Yes,Month-to-month,Yes,Mailed check,57.76,3024.1,No
C7001868,Female,0,Yes,No,61,Yes,Yes,Fiber optic,No,Yes,No,Yes,Yes,No,Month-to-month,No,Mailed check,91.35,5544.77,No
C7001869,Female,0,No,No,8,Yes,No,DSL,Yes,Yes,No,Yes,No,No,Two year,No,Bank transfer (automatic),68.54,556.71,No
C7001870,Male,0,No,No,47,Yes,No,DSL,Yes,Yes,Yes,Yes,Yes,No,Two year,Yes,Mailed check,74.88,3520.49,No
C7001871,Male,0,No,No,29,Yes,No,No,No internet service,No internet service,No internet service,No internet service,No internet service,No internet service,Month-to-month,No,Mailed check,27.1,797.11,No
C7001872,Female,0,Yes,Yes,56,Yes,Yes,Fiber optic,No,No,Yes,No,Yes,Yes,One year,No,Electronic check,89.08,4952.19,No
C7001873,Female,0,Yes,Yes,0,Yes,No,Fiber optic,No,No,Yes,No,Yes,Yes,Two year,Yes,Bank transfer (automatic),88.05,0.0,No
C7001874,Female,0,No,Yes,13,Yes,No,DSL,Yes,Yes,No,Yes,Yes,Yes,Month-to-month,No,Mailed check,79.46,1016.63,No
C7001875,Female,1,No,Yes,17,Yes,No,Fiber optic,No,Yes,No,Yes,Yes,Yes,One year,Yes,Bank transfer (automatic),89.33,1502.34,No
C7001876,Male,0,No,No,40,Yes,Yes,DSL,Yes,No,Yes,Yes,Yes,Yes,Month-to-month,Yes,Electronic check,78.22,3155.95,No
C7001877,Male,0,No,No,70,Yes,No,Fiber optic,No,No,No,No,No,Yes,Month-to-month,No,Electronic check,73.6,5176.97,Yes
C7001878,Female,0,Yes,No,65,Yes,No,Fiber optic,No,Yes,Yes,Yes,Yes,Yes,Month-to-month,Yes,Bank transfer (automatic),96.46,6272.8,No
C7001879,Female,0,No,No,33,Yes,No,Fiber optic,No,No,No,Yes,No,Yes,Month-to-month,Yes,Electronic check,76.64,2498.83,No
C7001880,Female,0,No,No,0,Yes,Yes,Fiber optic,Yes,No,No,No,No,No,Month-to-month,Yes,Electronic check,81.75,0.0,No
C7001881,Female,0,Yes,Yes,63,No,No phone service,DSL,No,Yes,No,No,No,No,One year,No,Credit card (automatic),50.49,3208.14,No
C7001882,Male,0,Yes,Yes,41,Yes,Yes,Fiber optic,No,No,No,Yes,No,Yes,Month-to-month,Yes,Bank transfer (automatic),86.22,3532.04,No
C7001883,Female,0,No,No,1,Yes,No,No,No internet service,No internet service,No internet service,No internet service,No internet service,No internet service,Two year,Yes,Mailed check,25.06,7.64,Yes
C7001884,Male,1,Yes,No,47,Yes,No,No,No internet service,No internet service,No internet service,No internet service,No internet service,No internet service,Month-to-month,No,Bank transfer (automatic),27.14,1277.66,No
C7001885,Male,0,No,Yes,64,Yes,Yes,DSL,No,No,No,Yes,Yes,No,One year,No,Credit card (automatic),62.38,3990.95,No
C7001886,Male,0,No,No,63,Yes,Yes,DSL,Yes,Yes,Yes,Yes,Yes,No,Two year,No,Electronic check,72.16,4529.67,No
C7001887,Male,0,Yes,Yes,64,Yes,No,Fiber optic,No,Yes,No,No,Yes,Yes,Two year,Yes,Electronic check,87.05,5561.39,No
C7001888,Female,0,No,No,71,Yes,Yes,Fiber optic,Yes,No,Yes,Yes,Yes,No,Two year,Yes,Bank transfer (automatic),91.11,6448.11,No
C7001889,Male,0,No,No,47,Yes,No,No,No internet service,No internet service,No internet service,No internet service,No internet service,No internet service,Month-to-month,Yes,Electronic check,25.66,1242.63,No
C7001890,Male,1,Yes,Yes,44,Yes,Yes,Fiber optic,No,Yes,Yes,No,No,Yes,Month-to-month,Yes,Electronic check,86.71,3802.76,Yes
C7001891,Female,0,No,No,8,Yes,Yes,Fiber optic,No,No,No,Yes,No,Yes,Two year,No,Credit card (automatic),87.73,694.2,No
C7001892,Female,1,Yes,No,46,Yes,No,DSL,No,No,No,No,Yes,No,Month-to-month,Yes,Electronic check,52.86,2426.38,Yes
C7001893,Male,0,No,No,63,Yes,No,No,No internet service,No internet service,No internet service,No internet service,No internet service,No internet service,Two year,Yes,Mailed check,22.83,1448.83,No
C7001894,Male,0,Yes,No,59,Yes,No,DSL,No,No,No,No,No,No,One year,Yes,Mailed check,52.44,3064.69,No
C7001895,Male,0,Yes,No,65,Yes,Yes,No,No internet service,No internet service,No internet service,No internet service,No internet service,No internet service,Month-to-month,Yes,Bank transfer (automatic),31.77,2063.88,No
C7001896,Female,1,No,Yes,12,Yes,No,No,No internet service,No internet service,No internet service,No internet service,No internet service,No internet service,Month-to-month,Yes,Electronic check,27.12,327.49,No
C7001897,Male,0,Yes,Yes,14,Yes,No,DSL,Yes,No,Yes,No,Yes,No,Two year,Yes,Bank transfer (automatic),61.96,874.03,No
C7001898,Male,0,Yes,No,62,Yes,No,Fiber optic,Yes,No,Yes,No,Yes,Yes,Month-to-month,No,Bank transfer (automatic),86.82,5385.16,No
C7001899,Male,0,Yes,No,68,Yes,No,DSL,No,No,Yes,Yes,No,No,One year,Yes,Mailed check,61.95,4196.83,No
C7001900,Female,0,No,Yes,38,Yes,Yes,DSL,No,No,No,Yes,No,No,Month-to-month,No,Electronic check,59.11,2244.56,No
C7001901,Male,0,No,No,64,Yes,No,Fiber optic,No,No,Yes,No,Yes,No,One year,Yes,Bank transfer (automatic),76.38,4896.34,No
C7001902,Female,0,Yes,No,49,Yes,No,No,No internet service,No internet service,No internet service,No internet service,No internet service,No internet service,Two year,No,Credit card (automatic),25.43,1246.94,No
C7001903,Male,0,Yes,Yes,14,Yes,No,Fiber optic,No,No,No,No,No,No,Two year,Yes,Credit card (automatic),77.37,1081.94,No
C7001904,Female,0,Yes,Yes,36,Yes,Yes,DSL,No,No,No,Yes,Yes,Yes,Two year,No,Electronic check,68.77,2497.13,No
C7001905,Male,0,No,No,28,Yes,Yes,Fiber optic,No,No,Yes,No,Yes,No,Two year,Yes,Electronic check,82.49,2321.95,No
C7001906,Male,0,Yes,Yes,57,Yes,No,Fiber optic,No,No,Yes,No,Yes,Yes,Two year,No,Bank transfer (automatic),83.41,4744.42,No
C7001907,Male,0,No,No,24,No,No phone service,DSL,No,Yes,Yes,No,Yes,Yes,One year,Yes,Electronic check,62.67,1499.55,No
C7001908,Female,0,No,No,12,Yes,No,DSL,No,No,No,Yes,Yes,Yes,Month-to-month,Yes,Bank transfer (automatic),68.13,823.57,No
C7001909,Female,0,No,Yes,36,Yes,Yes,DSL,No,No,Yes,No,Yes,No,Month-to-month,No,Credit card (automatic),70.18,2509.85,No
C7001910,Male,1,No,No,36,Yes,No,Fiber optic,Yes,No,No,No,Yes,No,Month-to-month,No,Mailed check,81.5,2934.04,No
C7001911,Male,0,Yes,Yes,64,Yes,Yes,Fiber optic,No,Yes,No,No,No,Yes,One year,Yes,Credit card (automatic),86.01,5510.9,No
C7001912,Female,0,No,No,0,Yes,Yes,Fiber optic,No,No,Yes,Yes,Yes,No,Month-to-month,No,Electronic check,89.96,0.0,No
C7001913,Female,0,Yes,Yes,63,Yes,Yes,DSL,Yes,No,Yes,Yes,Yes,No,Month-to-month,No,Electronic check,80.56,5087.75,No
C7001914,Male,0,No,No,15,No,No phone service,No,No internet service,No internet service,No internet service,No internet service,No internet service,No internet service,Month-to-month,Yes,Mailed check,23.01,357.57,No
C7001915,Male,0,Yes,No,12,Yes,No,Fiber optic,No,No,No,No,No,Yes,Month-to-month,Yes,Credit card (automatic),79.99,929.4,Yes
C7001916,Female,0,Yes,No,30,Yes,Yes,DSL,No,Yes,No,Yes,Yes,No,Two year,No,Credit card (automatic),65.59,1974.91,No
C7001917,Female,0,Yes,Yes,40,Yes,No,No,No internet service,No internet service,No internet service,No internet service,No internet service,No internet service,Two year,Yes,Credit card (automatic),29.36,1197.0,No
C7001918,Female,0,Yes,No,67,Yes,Yes,Fiber optic,No,No,Yes,Yes,Yes,No,Month-to-month,Yes,Credit card (automatic),92.08,6169.35,No
C7001919,Female,0,No,No,38,No,No phone service,Fiber optic,Yes,No,Yes,Yes,Yes,Yes,Two year,Yes,Electronic check,93.82,3545.68,No
C7001920,Male,0,No,No,10,Yes,No,DSL,Yes,Yes,No,No,No,Yes,One year,No,Credit card (automatic),70.15,710.63,No
C7001921,Male,0,Yes,No,32,Yes,No,DSL,Yes,Yes,No,Yes,No,Yes,Month-to-month,No,Credit card (automatic),67.53,2152.94,No
C7001922,Male,0,No,No,67,Yes,Yes,Fiber optic,Yes,No,No,No,Yes,No,Two year,Yes,Bank transfer (automatic),86.04,5772.96,No
C7001923,Male,0,No,No,52,Yes,No,No,No internet service,No internet service,No internet service,No internet service,No internet service,No internet service,Two year,Yes,Credit card (automatic),21.84,1145.75,No
C7001924,Male,0,Yes,No,15,Yes,Yes,Fiber optic,Yes,No,Yes,Yes,Yes,Yes,One year,Yes,Electronic check,104.63,1551.75,No
C7001925,Male,1,Yes,No,47,Yes,No,DSL,Yes,No,No,No,No,No,One year,Yes,Mailed check,52.32,2462.49,No
C7001926,Male,0,No,No,53,Yes,Yes,Fiber optic,Yes,Yes,Yes,Yes,No,No,Two year,No,Electronic check,89.85,4747.17,No
C7001927,Female,1,Yes,No,20,Yes,No,Fiber optic,Yes,Yes,Yes,No,No,No,Month-to-month,No,Mailed check,81.92,1619.21,Yes
C7001928,Male,0,No,No,38,Yes,Yes,DSL,No,Yes,No,No,No,Yes,One year,No,Electronic check,63.08,2408.33,No
C7001929,Male,0,Yes,Yes,25,Yes,No,No,No internet service,No internet service,No internet service,No internet service,No internet service,No internet service,Month-to-month,Yes,Electronic check,22.41,561.75,No
C7001930,Female,0,Yes,No,13,Yes,No,Fiber optic,No,Yes,Yes,No,No,Yes,Two year,No,Electronic check,85.45,1072.6,No
C7001931,Female,0,No,No,64,Yes,Yes,Fiber optic,Yes,No,Yes,Yes,No,Yes,Two year,No,Electronic check,97.58,6254.87,No
C7001932,Female,0,No,No,23,Yes,No,DSL,Yes,No,No,No,No,No,Month-to-month,Yes,Electronic check,51.05,1156.5,No
C7001933,Female,0,No,No,23,Yes,Yes,DSL,No,No,No,No,Yes,Yes,Month-to-month,Yes,Credit card (automatic),68.74,1581.19,No
C7001934,Female,1,Yes,No,7,Yes,No,Fiber optic,Yes,No,No,Yes,No,Yes,One year,Yes,Credit card (automatic),85.99,595.68,No
C7001935,Male,0,No,Yes,32,Yes,No,Fiber optic,No,No,Yes,No,Yes,Yes,Month-to-month,No,Mailed check,88.59,2849.27,No
C7001936,Male,0,No,No,46,Yes,Yes,Fiber optic,No,Yes,No,No,Yes,Yes,Month-to-month,No,Electronic check,90.68,4179.0,No
C7001937,Female,0,No,No,71,Yes,Yes,Fiber optic,No,No,Yes,Yes,Yes,No,Month-to-month,Yes,Electronic check,93.37,6633.13,Yes
C7001938,Male,0,No,Yes,56,Yes,No,Fiber optic,No,Yes,No,No,Yes,No,One year,Yes,Mailed check,76.61,4298.68,No
C7001939,Male,0,No,Yes,62,Yes,Yes,Fiber optic,No,No,Yes,Yes,No,Yes,Month-to-month,No,Credit card (automatic),90.24,5593.18,No
C7001940,Male,0,No,No,72,No,No phone service,DSL,No,No,No,Yes,Yes,Yes,Two year,Yes,Bank transfer (automatic),57.84,4177.36,No
C7001941,Male,0,No,No,51,Yes,Yes,Fiber optic,Yes,Yes,No,No,No,Yes,Month-to-month,Yes,Credit card (automatic),91.93,4692.73,Yes
C7001942,Male,0,No,No,62,Yes,Yes,Fiber optic,Yes,No,No,No,Yes,No,Month-to-month,No,Bank transfer (automatic),86.69,5389.0,Yes
C7001943,Male,0,No,No,22,Yes,Yes,Fiber optic,No,No,Yes,No,Yes,No,Two year,Yes,Electronic check,87.54,1947.46,No
C7001944,Female,1,No,No,52,Yes,Yes,DSL,Yes,No,No,No,Yes,Yes,One year,Yes,Electronic check,72.07,3764.0,No
C7001945,Female,0,No,Yes,45,Yes,No,No,No internet service,No internet service,No internet service,No internet service,No internet service,No internet service,Month-to-month,Yes,Bank transfer (automatic),27.51,1238.93,No
C7001946,Male,0,Yes,No,32,Yes,Yes,DSL,No,Yes,Yes,No,No,No,Two year,No,Mailed check,65.76,2128.17,No
C7001947,Female,1,Yes,No,46,Yes,No,No,No internet service,No internet service,No internet service,No internet service,No internet service,No internet service,Two year,No,Mailed check,23.73,1081.05,No
C7001948,Male,0,Yes,No,52,Yes,Yes,No,No internet service,No internet service,No internet service,No internet service,No internet service,No internet service,Two year,No,Electronic check,33.3,1730.66,No
C7001949,Female,0,No,No,30,Yes,Yes,Fiber optic,No,No,No,No,No,No,One year,Yes,Credit card (automatic),72.7,2188.96,No
C7001950,Female,0,Yes,Yes,61,Yes,Yes,DSL,Yes,Yes,Yes,No,No,No,One year,Yes,Bank transfer (automatic),68.72,4187.76,No
C7001951,Male,0,Yes,No,2,Yes,No,Fiber optic,No,Yes,Yes,No,No,No,Two year,No,Credit card (automatic),82.17,177.67,Yes
C7001952,Female,1,No,No,23,Yes,No,DSL,No,Yes,Yes,No,No,Yes,One year,Yes,Mailed check,64.64,1487.15,No
C7001953,Female,0,Yes,No,26,Yes,Yes,No,No internet service,No internet service,No internet service,No internet service,No internet service,No internet service,Month-to-month,Yes,Mailed check,28.95,727.87,No
C7001954,Female,0,No,Yes,60,Yes,No,DSL,Yes,Yes,Yes,No,No,No,One year,Yes,Bank transfer (automatic),69.07,4125.01,No
C7001955,Female,1,No,Yes,37,Yes,Yes,Fiber optic,Yes,Yes,Yes,No,Yes,No,Two year,Yes,Bank transfer (automatic),87.04,3234.2,No
C7001956,Female,0,Yes,No,68,Yes,No,Fiber optic,No,Yes,No,No,Yes,Yes,Month-to-month,No,Credit card (automatic),87.67,5947.11,No
C7001957,Male,1,Yes,No,69,No,No phone service,DSL,No,No,No,No,Yes,Yes,Month-to-month,Yes,Electronic check,48.68,3359.65,No
C7001958,Female,0,No,No,33,Yes,No,Fiber optic,No,Yes,No,Yes,Yes,No,Two year,Yes,Electronic check,84.95,2796.43,Yes
C7001959,Female,0,No,No,53,Yes,Yes,Fiber optic,No,Yes,No,Yes,No,No,Month-to-month,Yes,Mailed check,87.85,4663.3,No
C7001960,Female,0,Yes,Yes,17,Yes,No,DSL,No,No,No,Yes,No,No,Month-to-month,Yes,Bank transfer (automatic),56.67,962.72,Yes
C7001961,Male,0,Yes,No,7,Yes,No,DSL,No,Yes,No,No,No,Yes,Two year,Yes,Electronic check,58.06,393.22,No
C7001962,Female,0,No,No,35,Yes,No,Fiber optic,No,No,Yes,No,No,No,One year,Yes,Credit card (automatic),76.41,2652.05,No
C7001963,Male,0,No,Yes,22,Yes,Yes,Fiber optic,No,No,Yes,No,No,Yes,Month-to-month,Yes,Bank transfer (automatic),82.67,1831.31,No
C7001964,Female,0,No,No,53,Yes,No,Fiber optic,No,No,No,No,Yes,No,Month-to-month,Yes,Bank transfer (automatic),71.09,3764.65,No
C7001965,Male,0,Yes,Yes,38,Yes,Yes,DSL,No,Yes,No,No,No,Yes,Two year,Yes,Bank transfer (automatic),62.19,2341.73,No
C7001966,Female,0,No,No,9,Yes,Yes,Fiber optic,No,Yes,Yes,Yes,Yes,No,Month-to-month,No,Mailed check,92.18,832.97,Yes
C7001967,Female,0,No,No,32,Yes,No,DSL,Yes,No,Yes,No,No,Yes,Month-to-month,No,Bank transfer (automatic),66.96,2147.63,No
C7001968,Male,0,Yes,Yes,29,Yes,No,DSL,No,Yes,No,No,No,No,Month-to-month,Yes,Electronic check,63.08,1823.89,Yes
C7001969,Female,1,No,No,0,Yes,Yes,Fiber optic,Yes,Yes,Yes,No,No,No,Two year,No,Electronic check,91.08,0.0,No
C7001970,Male,0,No,No,39,Yes,No,Fiber optic,Yes,No,Yes,No,Yes,Yes,Two year,No,Credit card (automatic),88.46,3465.55,No
C7001971,Female,1,No,Yes,68,Yes,No,Fiber optic,Yes,Yes,No,No,No,No,One year,No,Electronic check,76.11,5176.36,No
C7001972,Female,1,No,No,65,Yes,No,DSL,No,No,No,Yes,Yes,Yes,One year,No,Credit card (automatic),62.98,4071.32,No
C7001973,Male,0,Yes,No,65,Yes,No,Fiber optic,Yes,No,Yes,Yes,No,Yes,Month-to-month,Yes,Mailed check,86.57,5627.83,No
C7001974,Male,0,No,No,65,Yes,Yes,DSL,Yes,No,Yes,No,Yes,No,Month-to-month,Yes,Electronic check,66.81,4357.28,No
C7001975,Male,0,Yes,Yes,67,Yes,Yes,DSL,Yes,Yes,Yes,No,Yes,No,Two year,No,Electronic check,73.01,4871.7,No
C7001976,Male,0,No,No,7,Yes,Yes,No,No internet service,No internet service,No internet service,No internet service,No internet service,No internet service,Two year,Yes,Electronic check,29.57,217.71,No
C7001977,Female,0,Yes,Yes,31,Yes,No,No,No internet service,No internet service,No internet service,No internet service,No internet service,No internet service,One year,No,Bank transfer (automatic),22.18,686.3,No
C7001978,Female,1,Yes,Yes,39,Yes,Yes,No,No internet service,No internet service,No internet service,No internet service,No internet service,No internet service,Month-to-month,No,Mailed check,33.51,1284.43,No
C7001979,Male,1,No,Yes,60,No,No phone service,Fiber optic,No,No,No,No,Yes,Yes,Month-to-month,Yes,Credit card (automatic),78.79,4740.87,Yes
C7001980,Female,0,Yes,Yes,27,Yes,No,DSL,No,No,No,No,Yes,Yes,Two year,Yes,Credit card (automatic),59.7,1599.88,No
C7001981,Male,0,No,No,51,Yes,Yes,No,No internet service,No internet service,No internet service,No internet service,No internet service,No internet service,Two year,Yes,Electronic check,24.06,1226.89,No
C7001982,Female,0,Yes,No,57,No,No phone service,Fiber optic,No,Yes,Yes,No,Yes,Yes,Month-to-month,No,Mailed check,85.94,4903.1,No
C7001983,Male,0,Yes,No,37,Yes,No,No,No internet service,No internet service,No internet service,No internet service,No internet service,No internet service,One year,Yes,Electronic check,27.24,1009.27,No
C7001984,Female,0,Yes,No,17,Yes,No,Fiber optic,Yes,Yes,Yes,No,No,No,Two year,Yes,Mailed check,82.0,1382.53,No
C7001985,Female,0,Yes,Yes,5,Yes,No,Fiber optic,No,Yes,Yes,No,No,Yes,One year,Yes,Electronic check,80.87,422.1,No
C7001986,Male,0,Yes,No,32,Yes,Yes,DSL,Yes,No,Yes,No,Yes,No,Month-to-month,Yes,Mailed check,74.8,2380.37,Yes
C7001987,Female,0,Yes,No,12,Yes,No,DSL,No,No,No,No,Yes,Yes,Month-to-month,Yes,Electronic check,57.71,686.8,No
C7001988,Female,1,No,Yes,47,Yes,No,Fiber optic,No,Yes,Yes,No,No,No,Two year,Yes,Bank transfer (automatic),78.16,3686.05,No
C7001989,Male,0,No,No,17,Yes,No,No,No internet service,No internet service,No internet service,No internet service,No internet service,No internet service,Month-to-month,Yes,Electronic check,22.36,378.03,Yes
C7001990,Male,1,Yes,Yes,64,Yes,No,Fiber optic,No,No,No,Yes,No,Yes,Two year,Yes,Mailed check,77.78,4972.22,No
C7001991,Female,0,Yes,No,65,Yes,Yes,DSL,No,No,No,No,Yes,Yes,Month-to-month,No,Mailed check,63.41,4116.47,No
C7001992,Male,0,Yes,No,61,Yes,No,Fiber optic,No,Yes,Yes,No,Yes,Yes,Two year,Yes,Mailed check,89.57,5435.39,No
C7001993,Male,1,Yes,Yes,48,Yes,Yes,DSL,Yes,No,No,Yes,No,Yes,Two year,Yes,Mailed check,66.42,3202.23,No
C7001994,Male,0,Yes,No,8,Yes,Yes,No,No internet service,No internet service,No internet service,No internet service,No internet service,No internet service,Month-to-month,No,Mailed check,22.55,161.68,No
C7001995,Female,0,No,No,71,Yes,Yes,DSL,No,Yes,Yes,Yes,No,Yes,Two year,Yes,Electronic check,75.86,5385.26,No
C7001996,Male,0,No,Yes,4,Yes,No,DSL,No,Yes,No,No,Yes,Yes,Month-to-month,Yes,Electronic check,62.99,216.94,No
C7001997,Male,0,No,No,41,Yes,No,Fiber optic,Yes,No,Yes,No,Yes,Yes,Month-to-month,Yes,Bank transfer (automatic),85.9,3522.76,Yes
C7001998,Female,0,No,No,58,Yes,No,Fiber optic,Yes,No,No,No,Yes,Yes,Month-to-month,No,Mailed check,85.01,4910.49,No
C7001999,Female,0,No,Yes,6,Yes,No,Fiber optic,No,No,Yes,Yes,Yes,Yes,Month-to-month,Yes,Mailed check,89.75,512.1,No
C7002000,Female,0,Yes,Yes,36,Yes,No,Fiber optic,Yes,Yes,Yes,Yes,Yes,Yes,Month-to-month,Yes,Credit card (automatic),103.03,3693.56,No
C7002001,Male,0,Yes,No,34,Yes,No,No,No internet service,No internet service,No internet service,No internet service,No internet service,No internet service,Month-to-month,No,Mailed check,18.0,586.14,No
C7002002,Female,0,No,No,14,Yes,No,Fiber optic,Yes,Yes,No,No,No,No,Two year,No,Electronic check,79.66,1112.04,No
C7002003,Female,0,Yes,No,8,Yes,Yes,DSL,No,Yes,Yes,Yes,Yes,Yes,Two year,No,Bank transfer (automatic),78.47,627.35,No
C7002004,Male,0,Yes,No,66,Yes,No,DSL,No,No,No,Yes,No,Yes,Month-to-month,Yes,Mailed check,56.84,3748.51,No
C7002005,Female,1,No,No,65,Yes,No,Fiber optic,No,No,Yes,No,Yes,No,One year,Yes,Mailed check,82.42,5345.95,Yes
C7002006,Male,0,Yes,No,6,Yes,Yes,Fiber optic,Yes,Yes,Yes,No,Yes,Yes,Month-to-month,Yes,Electronic check,100.74,615.85,No
C7002007,Male,0,Yes,No,20,No,No phone service,Fiber optic,No,No,Yes,No,Yes,No,Two year,Yes,Electronic check,74.72,1489.4,No
C7002008,Male,0,No,Yes,28,Yes,Yes,DSL,Yes,No,Yes,No,No,Yes,One year,Yes,Electronic check,67.36,1901.91,No
C7002009,Female,1,Yes,Yes,14,Yes,Yes,DSL,Yes,No,No,No,No,Yes,One year,No,Electronic check,67.62,912.56,No
C7002010,Male,0,Yes,Yes,4,Yes,No,DSL,No,No,Yes,No,Yes,Yes,Month-to-month,Yes,Bank transfer (automatic),59.38,239.57,No
C7002011,Male,0,Yes,No,37,Yes,No,Fiber optic,No,Yes,No,No,No,Yes,Month-to-month,Yes,Electronic check,82.92,3069.78,No
C7002012,Male,1,Yes,No,32,Yes,No,Fiber optic,Yes,No,No,Yes,Yes,No,Month-to-month,Yes,Mailed check,82.34,2621.51,No
C7002013,Male,0,No,No,58,Yes,No,DSL,No,Yes,Yes,Yes,Yes,Yes,Two year,No,Bank transfer (automatic),73.91,4301.9,No
C7002014,Male,1,No,No,21,Yes,No,Fiber optic,No,No,No,No,No,Yes,One year,Yes,Credit card (automatic),78.92,1655.08,Yes
C7002015,Female,0,Yes,No,37,Yes,No,No,No internet service,No internet service,No internet service,No internet service,No internet service,No internet service,Month-to-month,No,Mailed check,28.76,1064.29,No
C7002016,Male,0,Yes,Yes,22,Yes,No,DSL,No,Yes,No,Yes,No,Yes,Month-to-month,Yes,Electronic check,65.92,1454.23,Yes
C7002017,Male,1,Yes,No,2,Yes,Yes,DSL,No,Yes,Yes,No,Yes,Yes,Two year,Yes,Credit card (automatic),75.96,177.83,Yes
C7002018,Female,1,No,No,53,Yes,Yes,Fiber optic,No,No,No,No,Yes,Yes,Month-to-month,No,Bank transfer (automatic),84.14,4451.56,Yes
C7002019,Male,0,Yes,No,54,Yes,Yes,DSL,No,Yes,Yes,No,Yes,No,Month-to-month,No,Mailed check,72.8,3931.94,No
C7002020,Female,0,Yes,No,48,Yes,No,DSL,No,Yes,Yes,No,Yes,No,One year,Yes,Mailed check,66.57,3211.37,No
C7002021,Male,0,No,Yes,2,Yes,Yes,No,No internet service,No internet service,No internet service,No internet service,No internet service,No internet service,One year,Yes,Credit card (automatic),32.0,60.19,No
C7002022,Male,0,No,No,50,No,No phone service,Fiber optic,Yes,No,Yes,No,Yes,Yes,Month-to-month,Yes,Electronic check,81.94,4111.21,No
C7002023,Male,0,No,No,44,Yes,No,Fiber optic,No,No,Yes,No,No,Yes,One year,Yes,Electronic check,80.5,3540.11,No
C7002024,Male,0,No,No,32,Yes,No,No,No internet service,No internet service,No internet service,No internet service,No internet service,No internet service,Month-to-month,Yes,Electronic check,24.58,790.11,No
C7002025,Male,0,No,No,45,Yes,Yes,DSL,No,Yes,Yes,No,No,No,One year,Yes,Electronic check,62.6,2812.84,No
C7002026,Female,0,No,No,8,Yes,No,No,No internet service,No internet service,No internet service,No internet service,No internet service,No internet service,Month-to-month,Yes,Credit card (automatic),24.95,193.17,Yes
C7002027,Male,0,No,Yes,15,Yes,No,No,No internet service,No internet service,No internet service,No internet service,No internet service,No internet service,Month-to-month,No,Credit card (automatic),29.37,438.92,No
C7002028,Female,0,Yes,No,9,No,No phone service,Fiber optic,No,Yes,No,No,Yes,Yes,One year,Yes,Electronic check,81.53,719.83,Yes
C7002029,Female,0,Yes,Yes,32,Yes,No,No,No internet service,No internet service,No internet service,No internet service,No internet service,No internet service,Month-to-month,Yes,Credit card (automatic),24.62,774.34,Yes
C7002030,Male,0,Yes,Yes,65,Yes,Yes,No,No internet service,No internet service,No internet service,No internet service,No internet service,No internet service,Two year,No,Credit card (automatic),28.82,1869.39,No
C7002031,Female,0,No,Yes,0,Yes,No,DSL,Yes,Yes,No,Yes,Yes,No,Month-to-month,No,Electronic check,68.75,0.0,Yes
C7002032,Male,0,No,No,32,Yes,Yes,DSL,Yes,No,No,No,No,Yes,Two year,Yes,Electronic check,65.48,2103.18,No
C7002033,Male,0,No,No,20,Yes,Yes,Fiber optic,No,No,Yes,No,Yes,No,One year,No,Bank transfer (automatic),84.86,1689.8,No
C7002034,Male,0,Yes,No,68,Yes,Yes,Fiber optic,No,No,Yes,No,No,No,Month-to-month,Yes,Electronic check,83.3,5684.95,No
C7002035,Female,0,No,No,45,No,No phone service,Fiber optic,Yes,Yes,Yes,Yes,No,No,One year,Yes,Electronic check,83.69,3746.47,No
C7002036,Female,0,Yes,Yes,16,Yes,Yes,DSL,Yes,Yes,Yes,Yes,Yes,Yes,One year,Yes,Bank transfer (automatic),88.1,1395.09,No
C7002037,Male,0,Yes,No,20,Yes,Yes,DSL,No,No,No,No,No,Yes,Month-to-month,No,Credit card (automatic),58.58,1175.65,No
C7002038,Female,0,No,No,42,Yes,Yes,DSL,Yes,No,No,Yes,Yes,No,Month-to-month,No,Electronic check,73.22,3092.93,No
C7002039,Female,0,No,Yes,3,Yes,Yes,Fiber optic,No,Yes,Yes,Yes,Yes,No,Two year,Yes,Bank transfer (automatic),101.65,292.51,No
C7002040,Male,0,No,No,4,Yes,No,DSL,No,No,No,No,No,No,Month-to-month,Yes,Bank transfer (automatic),56.81,248.24,Yes
C7002041,Female,0,Yes,No,49,Yes,No,DSL,No,No,No,No,No,Yes,One year,Yes,Electronic check,58.68,2885.15,No
C7002042,Female,0,Yes,No,58,Yes,No,No,No internet service,No internet service,No internet service,No internet service,No internet service,No internet service,Month-to-month,No,Electronic check,31.48,1831.72,No
C7002043,Female,0,Yes,No,54,Yes,No,Fiber optic,No,No,Yes,No,No,No,Two year,Yes,Credit card (automatic),72.12,3900.07,No
C7002044,Female,0,Yes,No,12,Yes,No,No,No internet service,No internet service,No internet service,No internet service,No internet service,No internet service,Month-to-month,No,Electronic check,22.28,272.52,Yes
C7002045,Male,0,No,No,62,Yes,Yes,DSL,No,Yes,Yes,No,Yes,Yes,Month-to-month,Yes,Electronic check,75.47,4670.45,No
C7002046,Male,0,Yes,No,16,Yes,No,Fiber optic,No,Yes,No,No,Yes,Yes,Month-to-month,Yes,Electronic check,86.88,1381.25,Yes
C7002047,Female,0,Yes,Yes,63,Yes,Yes,Fiber optic,No,Yes,Yes,Yes,No,Yes,Month-to-month,No,Electronic check,94.84,5966.06,Yes
C7002048,Male,0,Yes,No,21,Yes,Yes,No,No internet service,No internet service,No internet service,No internet service,No internet service,No internet service,One year,No,Mailed check,30.42,630.4,No
C7002049,Male,0,No,No,36,No,No phone service,Fiber optic,No,No,No,Yes,No,Yes,Month-to-month,Yes,Electronic check,77.89,2812.49,No
C7002050,Female,0,No,No,69,Yes,Yes,No,No internet service,No internet service,No internet service,No internet service,No internet service,No internet service,One year,Yes,Electronic check,29.49,2051.78,No
C7002051,Male,0,Yes,No,29,Yes,Yes,DSL,Yes,Yes,No,No,No,No,One year,No,Credit card (automatic),63.33,1819.85,No
C7002052,Male,0,Yes,Yes,48,No,No phone service,DSL,No,Yes,Yes,No,Yes,Yes,Month-to-month,Yes,Mailed check,66.56,3180.0,No
C7002053,Female,0,No,No,42,Yes,No,No,No internet service,No internet service,No internet service,No internet service,No internet service,No internet service,Month-to-month,Yes,Mailed check,26.03,1112.07,No
C7002054,Male,0,No,No,5,Yes,Yes,Fiber optic,Yes,Yes,Yes,No,Yes,Yes,One year,Yes,Electronic check,98.72,491.1,Yes
C7002055,Male,0,Yes,No,57,Yes,No,DSL,No,Yes,Yes,No,No,No,Two year,Yes,Electronic check,58.7,3354.21,No
C7002056,Female,1,Yes,Yes,26,Yes,No,DSL,Yes,Yes,No,Yes,Yes,Yes,Month-to-month,Yes,Mailed check,76.86,1990.71,No
C7002057,Male,0,No,Yes,34,Yes,No,Fiber optic,No,No,No,No,No,Yes,Month-to-month,Yes,Bank transfer (automatic),72.98,2508.31,No
C7002058,Male,0,No,No,22,Yes,Yes,DSL,No,No,No,No,No,No,Month-to-month,No,Electronic check,50.74,1116.38,Yes
C7002059,Male,0,Yes,No,72,No,No phone service,Fiber optic,No,No,No,Yes,Yes,No,Month-to-month,Yes,Credit card (automatic),70.98,5121.08,No
C7002060,Female,0,Yes,No,40,Yes,No,DSL,No,No,Yes,No,Yes,No,Month-to-month,Yes,Credit card (automatic),56.35,2266.3,No
C7002061,Male,0,Yes,No,46,Yes,No,DSL,Yes,No,No,Yes,No,No,Two year,Yes,Bank transfer (automatic),56.41,2569.12,No
C7002062,Male,0,Yes,No,38,Yes,Yes,Fiber optic,No,No,Yes,No,Yes,No,Month-to-month,Yes,Bank transfer (automatic),86.25,3250.82,No
C7002063,Male,0,Yes,Yes,22,Yes,No,DSL,Yes,No,No,Yes,No,Yes,Month-to-month,Yes,Electronic check,64.02,1398.57,Yes
C7002064,Male,0,Yes,No,42,Yes,Yes,Fiber optic,Yes,Yes,No,No,Yes,No,Month-to-month,Yes,Mailed check,91.85,3857.01,Yes
C7002065,Female,0,Yes,No,57,No,No phone service,DSL,No,Yes,Yes,No,Yes,No,One year,Yes,Mailed check,60.45,3444.38,No
C7002066,Male,0,Yes,Yes,6,Yes,No,Fiber optic,Yes,Yes,No,No,Yes,Yes,Month-to-month,No,Electronic check,89.88,553.13,No
C7002067,Female,1,No,No,11,Yes,No,Fiber optic,No,Yes,No,Yes,Yes,Yes,Month-to-month,Yes,Bank transfer (automatic),90.57,980.56,Yes
C7002068,Male,0,Yes,Yes,12,Yes,Yes,Fiber optic,No,No,No,Yes,No,No,Month-to-month,No,Electronic check,82.24,970.03,Yes
C7002069,Male,0,No,No,68,Yes,Yes,Fiber optic,No,Yes,No,No,No,No,One year,Yes,Electronic check,77.87,5280.0,No
C7002070,Female,0,Yes,Yes,42,Yes,No,Fiber optic,No,No,No,Yes,Yes,No,Two year,Yes,Credit card (automatic),81.56,3441.02,No
C7002071,Male,0,No,No,24,Yes,No,DSL,Yes,Yes,No,Yes,Yes,No,Month-to-month,Yes,Credit card (automatic),71.09,1716.32,No
C7002072,Male,1,No,No,14,Yes,No,DSL,No,No,No,No,Yes,Yes,Month-to-month,Yes,Bank transfer (automatic),63.06,862.25,No
C7002073,Female,0,No,Yes,50,Yes,Yes,Fiber optic,Yes,Yes,No,No,No,No,Two year,Yes,Electronic check,78.92,3955.81,No
C7002074,Male,0,Yes,No,38,Yes,Yes,DSL,No,No,Yes,No,Yes,Yes,One year,No,Electronic check,71.82,2719.67,No
C7002075,Female,0,Yes,No,45,Yes,Yes,Fiber optic,No,No,No,No,No,Yes,Two year,No,Electronic check,81.49,3644.97,No
C7002076,Female,1,No,No,52,Yes,No,Fiber optic,Yes,No,No,No,No,No,Month-to-month,No,Bank transfer (automatic),72.87,3787.4,No
C7002077,Male,0,Yes,No,6,No,No phone service,DSL,No,Yes,Yes,No,No,Yes,One year,No,Electronic check,58.44,347.81,No
C7002078,Male,1,Yes,No,49,No,No phone service,DSL,Yes,No,No,No,Yes,No,Month-to-month,Yes,Mailed check,52.79,2597.09,No
C7002079,Male,1,Yes,No,52,Yes,Yes,DSL,No,No,No,No,No,No,Month-to-month,No,Electronic check,53.91,2800.55,No
C7002080,Male,0,No,No,20,Yes,No,DSL,No,No,No,Yes,No,No,Month-to-month,Yes,Electronic check,57.17,1159.26,Yes
C7002081,Male,1,No,No,22,Yes,No,Fiber optic,Yes,Yes,Yes,Yes,Yes,Yes,Month-to-month,Yes,Bank transfer (automatic),98.44,2183.3,No
C7002082,Female,1,Yes,No,43,Yes,Yes,DSL,Yes,Yes,No,Yes,No,No,One year,Yes,Credit card (automatic),74.74,3204.25,No
C7002083,Male,0,No,No,27,Yes,No,Fiber optic,No,No,No,Yes,Yes,Yes,Month-to-month,Yes,Mailed check,81.91,2207.65,Yes
C7002084,Female,0,No,No,67,Yes,No,DSL,No,Yes,Yes,No,Yes,No,One year,No,Bank transfer (automatic),59.23,3981.96,No
C7002085,Male,0,Yes,No,7,Yes,Yes,No,No internet service,No internet service,No internet service,No internet service,No internet service,No internet service,Month-to-month,Yes,Electronic check,26.83,187.23,Yes
C7002086,Male,0,Yes,No,12,Yes,Yes,Fiber optic,No,No,No,No,Yes,Yes,Month-to-month,Yes,Electronic check,84.43,1027.17,No
C7002087,Male,0,Yes,No,59,Yes,Yes,No,No internet service,No internet service,No internet service,No internet service,No internet service,No internet service,Two year,Yes,Electronic check,30.71,1826.44,No
C7002088,Female,0,No,No,49,Yes,No,Fiber optic,No,Yes,No,No,No,Yes,Two year,No,Credit card (automatic),81.06,3946.43,No
C7002089,Male,0,No,No,62,Yes,Yes,DSL,Yes,No,No,No,Yes,Yes,Two year,No,Electronic check,66.51,4130.79,No
C7002090,Male,0,No,No,1,Yes,No,Fiber optic,Yes,Yes,No,No,Yes,No,Month-to-month,Yes,Bank transfer (automatic),84.7,89.92,No
C7002091,Female,0,No,Yes,9,Yes,No,Fiber optic,Yes,No,No,No,Yes,Yes,Month-to-month,Yes,Electronic check,83.85,760.37,No
C7002092,Female,0,Yes,No,61,Yes,No,Fiber optic,No,Yes,Yes,Yes,No,No,Month-to-month,Yes,Bank transfer (automatic),88.9,5427.32,No
C7002093,Male,0,No,Yes,59,Yes,No,No,No internet service,No internet service,No internet service,No internet service,No internet service,No internet service,Month-to-month,No,Credit card (automatic),23.48,1389.46,No
C7002094,Female,0,No,No,60,Yes,Yes,DSL,Yes,Yes,No,Yes,Yes,Yes,Month-to-month,Yes,Bank transfer (automatic),81.28,4903.14,No
C7002095,Male,0,No,Yes,65,Yes,No,DSL,No,Yes,Yes,Yes,No,Yes,One year,No,Electronic check,70.56,4591.81,No
C7002096,Male,0,Yes,Yes,16,Yes,Yes,Fiber optic,No,Yes,No,No,No,No,One year,No,Mailed check,84.12,1338.54,Yes
C7002097,Male,0,Yes,Yes,7,Yes,Yes,DSL,Yes,Yes,No,No,No,Yes,Two year,Yes,Mailed check,71.49,493.93,No
C7002098,Male,1,Yes,Yes,21,No,No phone service,No,No internet service,No internet service,No internet service,No internet service,No internet service,No internet service,One year,Yes,Mailed check,18.0,373.7,No
C7002099,Male,0,Yes,No,72,Yes,Yes,Fiber optic,No,Yes,Yes,No,No,Yes,Month-to-month,Yes,Electronic check,96.15,6941.29,No
C7002100,Female,0,No,Yes,37,Yes,No,No,No internet service,No internet service,No internet service,No internet service,No internet service,No internet service,Two year,Yes,Credit card (automatic),25.63,932.06,No
C7002101,Male,0,No,Yes,0,Yes,No,DSL,No,No,Yes,No,No,No,Month-to-month,No,Electronic check,59.26,0.0,Yes
C7002102,Female,0,No,No,54,Yes,No,DSL,No,Yes,No,No,No,Yes,One year,Yes,Bank transfer (automatic),61.1,3302.01,No
C7002103,Female,0,Yes,No,61,No,No phone service,Fiber optic,No,No,Yes,No,Yes,No,Month-to-month,No,Mailed check,75.18,4553.48,No
C7002104,Female,0,Yes,No,8,Yes,No,DSL,No,Yes,Yes,No,No,No,Month-to-month,Yes,Credit card (automatic),60.62,504.33,No
C7002105,Female,0,Yes,No,40,Yes,Yes,No,No internet service,No internet service,No internet service,No internet service,No internet service,No internet service,One year,No,Bank transfer (automatic),24.52,992.63,No
C7002106,Female,0,No,Yes,54,Yes,No,Fiber optic,Yes,Yes,No,Yes,Yes,Yes,One year,Yes,Credit card (automatic),91.8,4951.6,No
C7002107,Female,0,No,No,69,Yes,Yes,Fiber optic,No,No,No,Yes,Yes,No,Month-to-month,Yes,Credit card (automatic),86.09,5942.99,No
C7002108,Male,0,No,No,44,Yes,Yes,DSL,Yes,No,Yes,Yes,Yes,No,One year,No,Electronic check,80.19,3541.98,No
C7002109,Male,0,No,No,24,Yes,Yes,Fiber optic,No,Yes,No,No,Yes,No,Month-to-month,No,Electronic check,82.08,1987.35,Yes
C7002110,Female,1,No,No,66,Yes,Yes,Fiber optic,Yes,No,No,No,No,Yes,One year,Yes,Mailed check,86.95,5736.43,No
C7002111,Female,0,Yes,No,26,Yes,Yes,Fiber optic,No,No,No,No,No,Yes,Two year,Yes,Electronic check,83.05,2179.46,No
C7002112,Male,1,Yes,No,46,Yes,No,DSL,No,No,Yes,No,Yes,Yes,Month-to-month,No,Electronic check,66.79,3069.54,Yes
C7002113,Female,0,Yes,No,61,Yes,No,Fiber optic,No,Yes,No,Yes,No,No,Month-to-month,No,Bank transfer (automatic),78.45,4803.34,No
C7002114,Male,0,Yes,No,38,Yes,No,No,No internet service,No internet service,No internet service,No internet service,No internet service,No internet service,Month-to-month,Yes,Credit card (automatic),25.84,958.05,No
C7002115,Female,0,No,Yes,51,Yes,No,DSL,Yes,No,No,No,No,Yes,Month-to-month,Yes,Mailed check,54.41,2797.78,No
C7002116,Male,0,Yes,No,61,Yes,No,DSL,No,Yes,No,Yes,No,No,Month-to-month,No,Electronic check,66.11,4006.44,No
C7002117,Male,0,No,No,43,Yes,No,Fiber optic,No,No,No,No,Yes,No,Two year,Yes,Mailed check,81.95,3511.95,No
C7002118,Male,1,No,No,30,No,No phone service,Fiber optic,No,No,No,No,No,No,Two year,Yes,Bank transfer (automatic),65.61,1983.63,No
C7002119,Male,0,No,No,47,Yes,Yes,DSL,No,Yes,No,No,Yes,Yes,Month-to-month,No,Credit card (automatic),69.6,3272.68,Yes
C7002120,Male,0,No,No,29,No,No phone service,DSL,No,No,No,No,No,No,One year,No,Electronic check,45.98,1344.04,No
C7002121,Male,0,Yes,No,49,Yes,Yes,Fiber optic,No,Yes,No,No,Yes,Yes,Month-to-month,Yes,Electronic check,94.8,4627.35,Yes
C7002122,Male,0,No,No,5,No,No phone service,Fiber optic,No,No,No,No,Yes,No,Two year,Yes,Credit card (automatic),70.5,339.87,No
C7002123,Male,0,Yes,Yes,3,Yes,No,Fiber optic,No,No,Yes,No,Yes,Yes,Month-to-month,No,Credit card (automatic),82.85,244.17,Yes
C7002124,Male,0,No,No,34,Yes,No,DSL,Yes,No,No,Yes,Yes,No,Month-to-month,No,Bank transfer (automatic),66.75,2246.12,No
C7002125,Male,0,No,Yes,8,Yes,No,Fiber optic,No,Yes,Yes,No,No,No,Month-to-month,Yes,Credit card (automatic),80.74,662.9,No
C7002126,Male,0,Yes,No,53,Yes,Yes,DSL,No,No,No,Yes,Yes,No,One year,Yes,Electronic check,65.52,3471.52,No
C7002127,Male,0,Yes,No,13,Yes,No,Fiber optic,Yes,No,No,Yes,Yes,No,One year,Yes,Credit card (automatic),86.23,1103.91,No
C7002128,Male,0,No,No,36,Yes,Yes,Fiber optic,No,No,No,No,Yes,Yes,Two year,No,Bank transfer (automatic),82.91,2983.85,Yes
C7002129,Male,0,No,No,12,Yes,Yes,Fiber optic,Yes,Yes,Yes,Yes,No,No,Month-to-month,Yes,Credit card (automatic),92.76,1112.98,Yes
C7002130,Male,0,No,No,67,Yes,No,DSL,No,Yes,Yes,No,No,No,Two year,Yes,Mailed check,54.26,3642.75,No
C7002131,Female,1,Yes,No,61,Yes,Yes,DSL,No,Yes,No,No,No,No,Month-to-month,Yes,Credit card (automatic),59.01,3597.77,No
C7002132,Female,1,No,No,0,Yes,No,Fiber optic,No,No,No,No,No,Yes,One year,No,Credit card (automatic),73.68,0.0,No
C7002133,Female,0,No,No,28,Yes,Yes,No,No internet service,No internet service,No internet service,No internet service,No internet service,No internet service,One year,Yes,Electronic check,28.37,791.1,No
C7002134,Male,0,Yes,No,68,Yes,No,No,No internet service,No internet service,No internet service,No internet service,No internet service,No internet service,Month-to-month,Yes,Electronic check,27.72,1916.46,No
C7002135,Female,0,No,Yes,35,Yes,No,No,No internet service,No internet service,No internet service,No internet service,No internet service,No internet service,One year,No,Electronic check,30.12,1059.31,No
C7002136,Male,0,No,Yes,61,No,No phone service,Fiber optic,Yes,Yes,No,No,No,Yes,Month-to-month,Yes,Electronic check,76.23,4635.47,No
C7002137,Female,0,No,No,6,Yes,No,No,No internet service,No internet service,No internet service,No internet service,No internet service,No internet service,Two year,Yes,Electronic check,28.46,185.81,No
C7002138,Female,0,Yes,No,31,Yes,No,Fiber optic,No,Yes,Yes,No,No,No,Month-to-month,Yes,Credit card (automatic),78.16,2457.97,No
C7002139,Female,0,Yes,No,63,Yes,No,No,No internet service,No internet service,No internet service,No internet service,No internet service,No internet service,Month-to-month,Yes,Bank transfer (automatic),24.32,1540.09,No
C7002140,Female,1,No,No,14,Yes,No,Fiber optic,No,Yes,No,Yes,No,No,One year,No,Electronic check,78.16,1093.35,No
C7002141,Male,0,No,Yes,0,Yes,No,Fiber optic,No,Yes,Yes,No,Yes,Yes,Two year,No,Credit card (automatic),87.59,0.0,No
C7002142,Female,1,Yes,No,53,Yes,Yes,DSL,No,No,Yes,No,No,Yes,Two year,No,Electronic check,68.78,3643.9,No
C7002143,Female,0,No,No,6,Yes,No,Fiber optic,No,Yes,Yes,Yes,Yes,No,One year,No,Credit card (automatic),87.6,507.1,No
C7002144,Male,0,Yes,No,21,Yes,Yes,Fiber optic,No,No,No,No,Yes,Yes,Two year,No,Electronic check,89.14,1876.35,No
C7002145,Female,0,No,No,59,Yes,Yes,Fiber optic,Yes,Yes,No,No,Yes,No,One year,No,Mailed check,91.73,5380.75,No
C7002146,Male,0,Yes,Yes,65,No,No phone service,Fiber optic,No,No,Yes,No,Yes,No,Month-to-month,Yes,Mailed check,76.57,4985.68,No
C7002147,Female,0,Yes,No,9,Yes,No,No,No internet service,No internet service,No internet service,No internet service,No internet service,No internet service,Month-to-month,No,Mailed check,22.63,177.14,No
C7002148,Female,0,No,No,36,Yes,No,No,No internet service,No internet service,No internet service,No internet service,No internet service,No internet service,Month-to-month,Yes,Mailed check,31.62,1139.62,No
C7002149,Male,0,Yes,No,57,Yes,No,Fiber optic,No,Yes,No,Yes,Yes,Yes,Month-to-month,Yes,Electronic check,90.07,5157.38,Yes
C7002150,Female,0,No,Yes,28,Yes,Yes,Fiber optic,No,No,No,No,Yes,Yes,Month-to-month,Yes,Credit card (automatic),82.36,2292.06,No
C7002151,Male,0,No,No,25,Yes,No,Fiber optic,No,No,No,Yes,Yes,No,One year,No,Mailed check,79.18,1969.56,No
C7002152,Female,0,Yes,No,39,Yes,No,Fiber optic,No,No,No,Yes,No,Yes,Month-to-month,Yes,Mailed check,79.13,3091.56,No
C7002153,Female,0,No,No,56,Yes,Yes,No,No internet service,No internet service,No internet service,No internet service,No internet service,No internet service,Month-to-month,Yes,Electronic check,29.65,1652.23,No
C7002154,Female,0,No,No,2,Yes,No,DSL,No,No,Yes,No,No,Yes,Two year,Yes,Electronic check,60.68,139.23,No
C7002155,Female,0,No,Yes,3,Yes,Yes,No,No internet service,No internet service,No internet service,No internet service,No internet service,No internet service,Two year,No,Credit card (automatic),29.2,83.43,No
C7002156,Male,0,No,Yes,7,No,No phone service,DSL,No,No,No,No,Yes,Yes,Month-to-month,No,Electronic check,51.84,377.42,No
C7002157,Male,0,Yes,Yes,24,Yes,Yes,No,No internet service,No internet service,No internet service,No internet service,No internet service,No internet service,Month-to-month,Yes,Bank transfer (automatic),26.31,638.61,No
C7002158,Male,1,Yes,Yes,20,Yes,Yes,Fiber optic,Yes,No,Yes,No,Yes,No,Month-to-month,No,Credit card (automatic),90.23,1805.36,No
C7002159,Male,0,Yes,Yes,35,Yes,No,Fiber optic,Yes,Yes,No,No,No,Yes,Month-to-month,Yes,Bank transfer (automatic),78.1,2735.64,Yes
C7002160,Male,0,No,Yes,21,Yes,Yes,DSL,No,No,Yes,Yes,No,No,One year,Yes,Bank transfer (automatic),70.55,1486.89,No
C7002161,Male,0,Yes,No,45,Yes,Yes,DSL,Yes,Yes,Yes,Yes,No,Yes,Month-to-month,Yes,Mailed check,79.19,3557.84,No
C7002162,Male,1,Yes,No,23,Yes,Yes,DSL,No,Yes,Yes,No,No,No,One year,Yes,Mailed check,67.43,1568.5,Yes
C7002163,Male,0,No,No,61,Yes,No,Fiber optic,No,No,No,No,Yes,Yes,Two year,No,Mailed check,79.28,4816.82,No
C7002164,Female,0,Yes,No,22,Yes,Yes,Fiber optic,Yes,No,No,Yes,No,Yes,Month-to-month,Yes,Mailed check,94.03,2092.79,No
C7002165,Male,0,No,Yes,17,Yes,No,DSL,No,No,No,No,No,Yes,Month-to-month,No,Electronic check,52.6,874.96,Yes
C7002166,Female,0,Yes,No,62,Yes,No,Fiber optic,No,No,Yes,Yes,Yes,No,Two year,No,Electronic check,90.9,5651.27,No
C7002167,Male,1,Yes,No,48,Yes,No,DSL,Yes,No,No,No,Yes,No,Month-to-month,Yes,Bank transfer (automatic),60.07,2912.51,No
C7002168,Male,0,Yes,Yes,3,Yes,No,Fiber optic,Yes,No,Yes,No,Yes,No,Month-to-month,No,Bank transfer (automatic),80.56,267.61,No
C7002169,Male,0,Yes,No,11,No,No phone service,DSL,No,Yes,Yes,No,Yes,No,Two year,Yes,Electronic check,57.81,605.18,No
C7002170,Male,0,No,No,3,Yes,Yes,Fiber optic,Yes,No,Yes,No,No,Yes,Month-to-month,Yes,Bank transfer (automatic),90.6,272.49,Yes
C7002171,Male,0,Yes,No,58,Yes,No,Fiber optic,No,No,Yes,Yes,No,Yes,One year,Yes,Credit card (automatic),83.42,4838.77,No
C7002172,Male,0,No,No,45,Yes,No,DSL,No,Yes,Yes,No,Yes,Yes,Month-to-month,Yes,Electronic check,73.38,3326.37,Yes
C7002173,Male,1,No,Yes,68,Yes,Yes,DSL,No,Yes,Yes,No,Yes,Yes,Two year,Yes,Credit card (automatic),71.58,4846.94,No
C7002174,Male,1,Yes,Yes,23,Yes,Yes,Fiber optic,No,Yes,Yes,Yes,Yes,Yes,One year,No,Electronic check,96.91,2228.4,No
C7002175,Female,0,No,Yes,3,Yes,No,No,No internet service,No internet service,No internet service,No internet service,No internet service,No internet service,Month-to-month,No,Mailed check,22.23,52.55,Yes
C7002176,Male,0,No,No,33,Yes,Yes,DSL,No,No,No,No,Yes,Yes,Month-to-month,Yes,Electronic check,65.51,2165.04,No
C7002177,Female,1,Yes,No,5,Yes,Yes,Fiber optic,Yes,No,No,Yes,No,Yes,Month-to-month,Yes,Electronic check,91.53,449.48,Yes
C7002178,Male,0,No,No,10,Yes,Yes,Fiber optic,Yes,No,No,No,Yes,Yes,Two year,No,Electronic check,86.38,866.37,No
C7002179,Female,0,Yes,No,57,Yes,Yes,DSL,No,No,No,No,No,Yes,Month-to-month,Yes,Electronic check,62.25,3542.73,No
C7002180,Female,0,No,No,27,Yes,No,DSL,No,Yes,No,No,Yes,No,One year,Yes,Mailed check,62.14,1656.08,No
C7002181,Female,0,Yes,Yes,64,Yes,Yes,Fiber optic,No,No,No,No,Yes,No,Month-to-month,No,Bank transfer (automatic),80.0,5134.75,No
C7002182,Female,0,No,No,37,Yes,Yes,DSL,No,Yes,Yes,No,Yes,Yes,Month-to-month,No,Electronic check,72.13,2638.67,No
C7002183,Male,1,No,Yes,47,Yes,Yes,Fiber optic,No,No,No,No,Yes,No,Month-to-month,Yes,Bank transfer (automatic),80.88,3803.61,No
C7002184,Female,0,No,No,60,Yes,No,No,No internet service,No internet service,No internet service,No internet service,No internet service,No internet service,Month-to-month,Yes,Electronic check,22.95,1372.27,No
C7002185,Male,0,No,No,33,Yes,No,No,No internet service,No internet service,No internet service,No internet service,No internet service,No internet service,Month-to-month,Yes,Electronic check,25.99,867.6,Yes
C7002186,Female,0,Yes,No,23,Yes,No,Fiber optic,Yes,No,No,Yes,Yes,Yes,Month-to-month,No,Bank transfer (automatic),87.95,2055.37,No
C7002187,Female,0,No,No,56,Yes,No,DSL,No,Yes,No,Yes,No,Yes,One year,No,Electronic check,63.13,3507.66,No
C7002188,Male,0,Yes,No,60,Yes,No,Fiber optic,No,No,No,No,Yes,Yes,One year,No,Mailed check,75.87,4542.81,No
C7002189,Female,0,Yes,Yes,21,Yes,Yes,DSL,Yes,No,Yes,No,No,Yes,Month-to-month,Yes,Credit card (automatic),71.16,1491.04,Yes
C7002190,Male,1,Yes,No,60,Yes,Yes,Fiber optic,No,No,Yes,Yes,Yes,Yes,Month-to-month,Yes,Mailed check,94.26,5644.27,No
C7002191,Female,0,No,No,72,No,No phone service,DSL,No,No,No,No,No,No,Month-to-month,Yes,Mailed check,47.35,3419.74,No
C7002192,Female,0,No,Yes,14,Yes,No,DSL,Yes,No,No,Yes,No,No,Month-to-month,Yes,Bank transfer (automatic),64.74,905.88,No
C7002193,Male,0,Yes,Yes,61,Yes,Yes,DSL,Yes,Yes,Yes,Yes,No,No,Month-to-month,Yes,Electronic check,73.27,4458.4,No
C7002194,Female,0,No,No,6,Yes,No,DSL,Yes,No,No,Yes,No,No,One year,No,Credit card (automatic),56.22,322.01,No
C7002195,Female,0,No,No,64,Yes,No,Fiber optic,No,Yes,No,No,Yes,Yes,One year,Yes,Electronic check,86.34,5494.85,No
C7002196,Male,1,Yes,No,65,Yes,No,No,No internet service,No internet service,No internet service,No internet service,No internet service,No internet service,Month-to-month,Yes,Electronic check,29.04,1896.9,No
C7002197,Female,0,Yes,No,62,Yes,No,Fiber optic,Yes,Yes,No,No,Yes,No,Month-to-month,No,Electronic check,82.16,5084.37,No
C7002198,Male,0,No,Yes,25,Yes,No,DSL,Yes,No,Yes,No,Yes,No,Two year,Yes,Bank transfer (automatic),62.4,1588.11,No
C7002199,Female,0,No,Yes,68,No,No phone service,Fiber optic,No,No,Yes,Yes,Yes,No,One year,No,Bank transfer (automatic),78.96,5387.92,No
C7002200,Male,0,Yes,No,40,Yes,Yes,Fiber optic,No,Yes,Yes,Yes,Yes,No,Month-to-month,Yes,Electronic check,99.75,3985.61,No
C7002201,Female,0,No,Yes,4,Yes,No,No,No internet service,No internet service,No internet service,No internet service,No internet service,No internet service,Month-to-month,No,Mailed check,22.86,89.43,Yes
C7002202,Female,0,Yes,No,62,Yes,No,Fiber optic,Yes,No,Yes,No,No,Yes,Two year,Yes,Electronic check,86.69,5361.61,No
C7002203,Male,0,No,No,66,No,No phone service,DSL,No,No,Yes,Yes,Yes,No,One year,Yes,Mailed check,59.53,3926.37,No
C7002204,Male,0,Yes,No,22,Yes,Yes,Fiber optic,No,No,Yes,No,No,Yes,Month-to-month,Yes,Mailed check,88.8,1946.62,No
C7002205,Female,0,Yes,Yes,18,No,No phone service,DSL,Yes,No,Yes,Yes,Yes,Yes,Two year,Yes,Bank transfer (automatic),71.18,1279.97,No
C7002206,Female,0,Yes,No,41,Yes,No,Fiber optic,No,No,Yes,No,No,No,Month-to-month,Yes,Mailed check,77.17,3176.08,No
C7002207,Male,0,No,No,26,Yes,Yes,No,No internet service,No internet service,No internet service,No internet service,No internet service,No internet service,Month-to-month,No,Credit card (automatic),29.45,794.89,No
C7002208,Male,0,Yes,Yes,46,Yes,No,No,No internet service,No internet service,No internet service,No internet service,No internet service,No internet service,Two year,Yes,Electronic check,22.28,1014.61,No
C7002209,Male,0,Yes,No,27,Yes,Yes,DSL,No,Yes,No,No,No,Yes,Month-to-month,No,Bank transfer (automatic),66.71,1777.05,No
C7002210,Female,0,Yes,No,15,Yes,No,Fiber optic,No,Yes,Yes,No,Yes,Yes,Month-to-month,Yes,Bank transfer (automatic),91.96,1374.59,Yes
C7002211,Male,0,No,No,16,Yes,Yes,DSL,No,Yes,Yes,Yes,Yes,No,Two year,No,Bank transfer (automatic),73.15,1171.26,No
C7002212,Female,0,Yes,Yes,48,Yes,No,DSL,Yes,Yes,No,No,No,Yes,Two year,No,Credit card (automatic),64.34,3096.05,No
C7002213,Male,0,Yes,No,32,Yes,Yes,No,No internet service,No internet service,No internet service,No internet service,No internet service,No internet service,Month-to-month,Yes,Bank transfer (automatic),31.55,1025.82,No
C7002214,Female,1,Yes,No,1,Yes,No,No,No internet service,No internet service,No internet service,No internet service,No internet service,No internet service,Two year,No,Electronic check,19.58,0.0,No
C7002215,Male,0,No,Yes,36,Yes,Yes,DSL,Yes,No,Yes,Yes,No,Yes,Month-to-month,Yes,Electronic check,73.77,2659.88,No
C7002216,Male,0,Yes,No,57,Yes,No,Fiber optic,No,No,No,No,No,Yes,One year,Yes,Electronic check,75.21,4315.13,No
C7002217,Female,1,Yes,Yes,10,Yes,No,DSL,No,Yes,Yes,No,Yes,No,One year,No,Electronic check,64.61,651.21,No
C7002218,Female,0,No,No,17,Yes,Yes,Fiber optic,Yes,No,Yes,No,No,Yes,Month-to-month,No,Credit card (automatic),91.4,1536.85,Yes
C7002219,Male,0,No,Yes,26,Yes,Yes,No,No internet service,No internet service,No internet service,No internet service,No internet service,No internet service,Two year,Yes,Electronic check,24.1,603.17,No
C7002220,Male,1,No,Yes,67,Yes,No,No,No internet service,No internet service,No internet service,No internet service,No internet service,No internet service,Month-to-month,Yes,Electronic check,25.08,1677.39,No
C7002221,Male,0,Yes,No,25,Yes,No,Fiber optic,No,No,No,No,Yes,No,Month-to-month,No,Electronic check,70.59,1787.95,No
C7002222,Male,0,No,Yes,61,Yes,Yes,Fiber optic,No,No,Yes,Yes,No,No,Month-to-month,Yes,Mailed check,87.26,5321.01,No
C7002223,Male,0,No,Yes,49,Yes,Yes,Fiber optic,Yes,No,No,No,Yes,Yes,One year,No,Credit card (automatic),89.08,4353.27,Yes
C7002224,Female,1,No,Yes,72,Yes,No,No,No internet service,No internet service,No internet service,No internet service,No internet service,No internet service,Month-to-month,Yes,Electronic check,22.09,1572.63,No
C7002225,Male,1,No,No,42,Yes,No,DSL,No,No,No,No,No,Yes,One year,Yes,Credit card (automatic),51.16,2179.03,No
C7002226,Female,1,No,Yes,23,Yes,No,DSL,No,No,Yes,No,Yes,Yes,One year,Yes,Credit card (automatic),66.79,1504.69,No
C7002227,Male,0,No,No,52,Yes,No,Fiber optic,No,No,Yes,No,Yes,Yes,Month-to-month,Yes,Mailed check,84.94,4410.69,No
C7002228,Male,0,Yes,No,6,Yes,Yes,Fiber optic,Yes,Yes,No,Yes,No,Yes,Month-to-month,Yes,Bank transfer (automatic),96.67,562.73,No
C7002229,Female,1,No,No,57,Yes,Yes,DSL,No,Yes,Yes,Yes,Yes,No,Month-to-month,No,Electronic check,74.13,4222.83,No
C7002230,Male,0,No,No,17,Yes,Yes,Fiber optic,No,No,No,Yes,Yes,Yes,Month-to-month,Yes,Bank transfer (automatic),84.22,1429.99,Yes
C7002231,Female,0,No,Yes,48,Yes,No,DSL,Yes,No,Yes,No,No,No,Month-to-month,No,Credit card (automatic),64.13,3090.98,No
C7002232,Male,0,Yes,No,42,Yes,Yes,No,No internet service,No internet service,No internet service,No internet service,No internet service,No internet service,Month-to-month,Yes,Electronic check,31.53,1301.8,No
C7002233,Female,1,Yes,No,17,Yes,No,DSL,Yes,No,No,No,No,No,Two year,Yes,Bank transfer (automatic),57.71,980.66,No
C7002234,Female,0,No,No,35,Yes,Yes,No,No internet service,No internet service,No internet service,No internet service,No internet service,No internet service,Two year,No,Electronic check,25.25,858.12,No
C7002235,Female,0,No,No,36,Yes,Yes,No,No internet service,No internet service,No internet service,No internet service,No internet service,No internet service,One year,Yes,Electronic check,38.11,1345.77,No
C7002236,Male,1,Yes,No,55,Yes,No,Fiber optic,No,No,No,Yes,Yes,Yes,Month-to-month,No,Electronic check,87.38,4800.9,No
C7002237,Male,1,No,No,34,Yes,No,DSL,Yes,No,Yes,Yes,No,Yes,Month-to-month,Yes,Electronic check,77.33,2635.82,No
C7002238,Male,1,Yes,No,4,Yes,No,No,No internet service,No internet service,No internet service,No internet service,No internet service,No internet service,Month-to-month,Yes,Credit card (automatic),25.16,111.4,No
C7002239,Female,0,No,No,5,Yes,Yes,Fiber optic,Yes,Yes,No,No,Yes,Yes,Two year,No,Electronic check,96.06,487.89,No
C7002240,Male,0,No,Yes,48,Yes,No,Fiber optic,Yes,No,Yes,No,Yes,Yes,Month-to-month,Yes,Electronic check,91.27,4380.23,No
C7002241,Male,0,No,Yes,65,Yes,No,DSL,Yes,No,Yes,Yes,No,No,One year,Yes,Bank transfer (automatic),61.05,3972.84,No
C7002242,Male,0,Yes,No,31,Yes,No,Fiber optic,No,Yes,No,No,Yes,Yes,Month-to-month,Yes,Electronic check,86.26,2667.5,No
C7002243,Male,1,Yes,No,6,Yes,Yes,Fiber optic,No,No,No,Yes,Yes,No,Month-to-month,Yes,Credit card (automatic),85.7,500.21,Yes
C7002244,Male,0,Yes,No,12,Yes,No,Fiber optic,No,Yes,No,Yes,Yes,No,One year,No,Electronic check,85.28,1010.06,No
C7002245,Male,0,No,No,71,No,No phone service,No,No internet service,No internet service,No internet service,No internet service,No internet service,No internet service,Month-to-month,Yes,Credit card (automatic),19.47,1378.75,No
C7002246,Male,0,No,No,51,Yes,No,Fiber optic,No,Yes,No,No,Yes,No,One year,No,Mailed check,79.82,4058.94,No
C7002247,Female,0,No,No,2,Yes,Yes,DSL,No,No,Yes,No,No,Yes,Two year,No,Electronic check,69.71,164.3,Yes
C7002248,Male,1,No,No,18,Yes,No,Fiber optic,No,No,Yes,Yes,No,No,Month-to-month,No,Credit card (automatic),78.69,1406.68,Yes
C7002249,Male,0,Yes,No,53,Yes,No,DSL,No,No,No,Yes,Yes,No,Two year,No,Credit card (automatic),59.3,3113.66,No
C7002250,Female,0,Yes,No,46,Yes,No,DSL,No,No,No,No,No,No,Month-to-month,No,Mailed check,51.98,2401.49,No
C7002251,Female,0,No,No,20,No,No phone service,Fiber optic,Yes,Yes,Yes,No,Yes,Yes,Month-to-month,Yes,Electronic check,91.21,1835.09,No
C7002252,Male,0,No,No,50,Yes,No,DSL,Yes,No,No,No,Yes,Yes,Two year,No,Mailed check,66.1,3306.26,No
C7002253,Female,0,Yes,No,66,Yes,No,DSL,No,No,No,No,No,No,One year,Yes,Credit card (automatic),49.73,3282.39,No
C7002254,Female,1,No,Yes,65,Yes,Yes,DSL,No,Yes,No,No,Yes,Yes,One year,No,Mailed check,66.65,4328.42,No
C7002255,Female,0,No,No,60,Yes,No,DSL,Yes,Yes,No,No,No,Yes,Month-to-month,No,Mailed check,61.34,3675.9,No
C7002256,Female,0,Yes,Yes,25,Yes,Yes,No,No internet service,No internet service,No internet service,No internet service,No internet service,No internet service,Month-to-month,No,Mailed check,30.86,768.53,No
C7002257,Female,0,Yes,No,1,Yes,Yes,Fiber optic,Yes,No,No,No,No,Yes,One year,No,Mailed check,83.28,83.61,No
C7002258,Male,0,No,No,28,No,No phone service,No,No internet service,No internet service,No internet service,No internet service,No internet service,No internet service,Month-to-month,No,Credit card (automatic),20.82,579.16,No
C7002259,Male,0,Yes,No,1,Yes,Yes,No,No internet service,No internet service,No internet service,No internet service,No internet service,No internet service,Month-to-month,No,Electronic check,30.17,1.99,Yes
C7002260,Female,0,Yes,No,41,Yes,Yes,No,No internet service,No internet service,No internet service,No internet service,No internet service,No internet service,Month-to-month,No,Electronic check,34.43,1395.15,No
C7002261,Female,0,No,No,44,Yes,No,DSL,Yes,No,No,No,No,No,Month-to-month,No,Bank transfer (automatic),53.89,2373.56,No
C7002262,Male,0,No,Yes,24,Yes,No,Fiber optic,Yes,No,Yes,No,No,No,Month-to-month,Yes,Bank transfer (automatic),82.02,1951.57,Yes
C7002263,Male,1,Yes,No,10,No,No phone service,Fiber optic,Yes,Yes,No,Yes,Yes,No,Two year,No,Electronic check,81.43,800.58,No
C7002264,Female,1,Yes,Yes,38,Yes,Yes,Fiber optic,Yes,No,Yes,Yes,No,Yes,One year,No,Mailed check,96.68,3684.02,No
C7002265,Male,0,No,Yes,1,Yes,No,DSL,No,Yes,No,Yes,Yes,Yes,Month-to-month,No,Electronic check,72.34,46.47,No
C7002266,Female,0,Yes,No,20,Yes,Yes,DSL,Yes,Yes,No,No,No,Yes,One year,Yes,Electronic check,73.2,1447.52,No
C7002267,Female,0,No,No,70,Yes,Yes,Fiber optic,No,No,No,No,No,No,Two year,Yes,Credit card (automatic),73.72,5168.76,No
C7002268,Female,0,No,No,66,Yes,Yes,Fiber optic,No,Yes,Yes,Yes,Yes,No,Two year,Yes,Electronic check,97.61,6429.99,No
C7002269,Female,0,Yes,No,46,Yes,No,Fiber optic,No,No,Yes,No,No,Yes,Month-to-month,No,Bank transfer (automatic),84.49,3884.41,No
C7002270,Female,0,No,No,27,Yes,No,DSL,Yes,No,No,No,No,Yes,One year,Yes,Electronic check,58.61,1541.9,No
C7002271,Female,0,Yes,No,0,Yes,Yes,Fiber optic,No,No,No,No,No,Yes,Month-to-month,Yes,Electronic check,80.74,0.0,No
C7002272,Female,1,No,No,47,Yes,No,Fiber optic,No,No,Yes,Yes,No,Yes,Two year,Yes,Credit card (automatic),86.43,4075.86,No
C7002273,Female,1,No,Yes,35,Yes,No,Fiber optic,Yes,Yes,Yes,Yes,No,Yes,Month-to-month,No,Electronic check,93.49,3271.23,No
C7002274,Female,0,Yes,No,52,Yes,Yes,No,No internet service,No internet service,No internet service,No internet service,No internet service,No internet service,Month-to-month,No,Credit card (automatic),29.25,1503.47,No
C7002275,Male,0,Yes,No,11,Yes,No,Fiber optic,Yes,Yes,Yes,Yes,No,No,One year,No,Electronic check,88.41,995.05,Yes
C7002276,Female,0,No,No,60,Yes,No,Fiber optic,Yes,Yes,Yes,Yes,No,No,One year,Yes,Electronic check,90.74,5477.88,No
C7002277,Male,0,Yes,No,58,Yes,No,Fiber optic,No,No,No,No,No,Yes,One year,Yes,Credit card (automatic),73.02,4259.74,No
C7002278,Female,0,Yes,No,31,Yes,No,DSL,No,Yes,Yes,No,No,Yes,Two year,No,Mailed check,62.06,1936.22,No
C7002279,Female,0,Yes,No,2,Yes,No,Fiber optic,No,Yes,No,No,No,Yes,Month-to-month,No,Bank transfer (automatic),85.72,173.14,No
C7002280,Male,0,Yes,No,34,No,No phone service,No,No internet service,No internet service,No internet service,No internet service,No internet service,No internet service,Two year,No,Credit card (automatic),21.59,727.97,No
C7002281,Male,0,No,No,27,Yes,No,Fiber optic,No,Yes,Yes,Yes,Yes,Yes,Month-to-month,No,Mailed check,91.88,2500.21,No
C7002282,Male,0,Yes,No,55,Yes,Yes,Fiber optic,No,Yes,No,No,No,Yes,Month-to-month,Yes,Electronic check,81.43,4476.19,No
C7002283,Female,0,Yes,No,17,Yes,Yes,DSL,Yes,Yes,No,Yes,No,No,Two year,Yes,Credit card (automatic),63.03,1026.44,No
C7002284,Male,0,Yes,No,1,Yes,No,Fiber optic,Yes,Yes,Yes,No,No,Yes,One year,No,Bank transfer (automatic),87.1,86.83,No
C7002285,Male,0,No,No,71,Yes,Yes,DSL,No,No,No,No,No,No,Month-to-month,Yes,Bank transfer (automatic),51.24,3634.84,No
C7002286,Female,0,No,Yes,17,Yes,No,Fiber optic,Yes,No,No,No,No,No,Month-to-month,No,Electronic check,74.91,1263.18,Yes
C7002287,Female,0,No,Yes,5,Yes,No,Fiber optic,Yes,Yes,No,No,No,Yes,Month-to-month,No,Credit card (automatic),84.31,433.68,Yes
C7002288,Male,0,No,No,62,Yes,Yes,DSL,Yes,Yes,No,No,No,Yes,Month-to-month,Yes,Mailed check,65.92,4076.61,No
C7002289,Male,0,No,Yes,52,Yes,No,DSL,No,No,No,No,No,No,Two year,No,Bank transfer (automatic),52.43,2729.19,No
C7002290,Female,0,Yes,No,19,Yes,Yes,DSL,No,No,Yes,No,No,Yes,One year,No,Mailed check,60.97,1121.4,No
C7002291,Female,0,Yes,Yes,34,Yes,No,DSL,Yes,No,No,No,No,Yes,One year,Yes,Electronic check,62.3,2102.35,No
C7002292,Female,0,Yes,Yes,50,Yes,Yes,Fiber optic,Yes,Yes,No,Yes,No,No,Two year,Yes,Mailed check,87.14,4352.07,No
C7002293,Male,0,Yes,No,59,Yes,Yes,Fiber optic,No,No,Yes,No,No,No,One year,No,Bank transfer (automatic),82.77,4852.57,No
C7002294,Male,0,No,No,27,Yes,No,DSL,No,Yes,No,Yes,No,No,One year,Yes,Credit card (automatic),57.81,1546.21,No
C7002295,Male,0,Yes,No,15,Yes,No,DSL,No,No,No,No,No,Yes,Month-to-month,Yes,Credit card (automatic),52.79,802.51,Yes
C7002296,Female,0,No,Yes,1,Yes,Yes,Fiber optic,No,No,Yes,No,Yes,Yes,One year,Yes,Mailed check,93.79,87.04,Yes
C7002297,Male,0,Yes,Yes,62,Yes,Yes,DSL,Yes,Yes,Yes,No,Yes,Yes,One year,No,Electronic check,76.5,4763.94,No
C7002298,Male,0,Yes,Yes,59,Yes,No,Fiber optic,No,Yes,No,No,Yes,Yes,Month-to-month,Yes,Electronic check,88.48,5224.75,No
C7002299,Female,0,Yes,No,69,Yes,Yes,No,No internet service,No internet service,No internet service,No internet service,No internet service,No internet service,Month-to-month,No,Credit card (automatic),29.03,1983.72,No
C7002300,Female,0,Yes,Yes,54,Yes,No,Fiber optic,No,No,Yes,No,Yes,Yes,Month-to-month,Yes,Bank transfer (automatic),82.5,4474.8,No
C7002301,Female,0,Yes,No,15,Yes,Yes,Fiber optic,No,No,No,No,No,Yes,Month-to-month,No,Mailed check,80.33,1214.57,Yes
C7002302,Male,0,No,Yes,17,Yes,Yes,Fiber optic,No,No,Yes,No,Yes,Yes,Two year,No,Bank transfer (automatic),91.3,1555.89,No
C7002303,Male,0,No,No,17,No,No phone service,Fiber optic,Yes,No,Yes,Yes,No,No,Month-to-month,Yes,Electronic check,76.67,1318.1,No
C7002304,Male,0,No,No,33,Yes,Yes,Fiber optic,Yes,Yes,Yes,No,No,Yes,One year,No,Bank transfer (automatic),94.88,3116.4,No
C7002305,Male,0,No,No,70,Yes,No,Fiber optic,Yes,Yes,No,No,No,No,One year,Yes,Bank transfer (automatic),80.86,5663.58,No
C7002306,Female,0,No,Yes,50,Yes,No,Fiber optic,Yes,No,Yes,Yes,Yes,No,Month-to-month,No,Electronic check,86.69,4322.71,No
C7002307,Male,0,No,Yes,31,Yes,Yes,No,No internet service,No internet service,No internet service,No internet service,No internet service,No internet service,Month-to-month,Yes,Mailed check,32.31,1012.52,No
C7002308,Female,0,Yes,No,53,Yes,Yes,No,No internet service,No internet service,No internet service,No internet service,No internet service,No internet service,Month-to-month,Yes,Electronic check,32.23,1689.96,No
C7002309,Female,0,Yes,No,60,Yes,Yes,Fiber optic,No,Yes,Yes,No,No,No,Month-to-month,Yes,Credit card (automatic),85.85,5152.81,Yes
C7002310,Female,0,Yes,No,29,Yes,No,No,No internet service,No internet service,No internet service,No internet service,No internet service,No internet service,Month-to-month,No,Mailed check,25.86,766.15,No
C7002311,Male,0,No,No,61,Yes,No,Fiber optic,No,No,No,No,Yes,No,Month-to-month,Yes,Mailed check,75.34,4591.09,No
C7002312,Male,0,No,Yes,1,Yes,Yes,Fiber optic,No,Yes,No,Yes,Yes,No,Month-to-month,Yes,Mailed check,88.16,107.51,Yes
C7002313,Male,1,No,No,22,Yes,No,Fiber optic,Yes,Yes,Yes,No,Yes,No,Month-to-month,Yes,Credit card (automatic),90.39,1979.16,No
C7002314,Male,0,No,Yes,12,Yes,No,Fiber optic,Yes,Yes,Yes,No,No,No,Month-to-month,Yes,Mailed check,90.0,1062.02,Yes
C7002315,Male,0,Yes,Yes,13,Yes,No,No,No internet service,No internet service,No internet service,No internet service,No internet service,No internet service,Month-to-month,Yes,Mailed check,18.0,237.79,Yes
C7002316,Male,0,No,No,14,Yes,No,Fiber optic,Yes,Yes,Yes,Yes,Yes,No,Two year,Yes,Mailed check,91.98,1285.72,No
C7002317,Female,0,No,No,26,Yes,Yes,Fiber optic,No,No,Yes,Yes,No,No,Two year,Yes,Electronic check,82.64,2166.13,No
C7002318,Male,0,No,No,52,Yes,Yes,Fiber optic,Yes,No,No,No,No,No,One year,No,Mailed check,77.08,3995.32,No
C7002319,Female,0,Yes,No,43,Yes,No,DSL,No,Yes,Yes,No,Yes,Yes,Month-to-month,Yes,Electronic check,66.54,2875.48,No
C7002320,Male,0,Yes,No,32,Yes,Yes,Fiber optic,No,No,Yes,No,Yes,No,Month-to-month,Yes,Mailed check,85.39,2733.34,No
C7002321,Male,0,Yes,No,36,Yes,Yes,No,No internet service,No internet service,No internet service,No internet service,No internet service,No internet service,Two year,Yes,Bank transfer (automatic),33.63,1225.07,No
C7002322,Male,0,No,Yes,13,No,No phone service,No,No internet service,No internet service,No internet service,No internet service,No internet service,No internet service,Two year,No,Bank transfer (automatic),18.9,233.6,No
C7002323,Male,0,Yes,Yes,53,Yes,No,Fiber optic,Yes,No,No,No,Yes,Yes,One year,No,Electronic check,89.82,4755.01,No
C7002324,Male,0,Yes,No,55,Yes,No,Fiber optic,No,Yes,Yes,No,No,Yes,Month-to-month,Yes,Electronic check,90.58,4982.73,Yes
C7002325,Female,0,No,Yes,40,Yes,No,Fiber optic,No,No,No,Yes,Yes,No,Month-to-month,Yes,Mailed check,82.48,3316.76,Yes
C7002326,Male,0,No,No,59,Yes,Yes,DSL,No,Yes,Yes,Yes,No,No,Two year,Yes,Electronic check,68.75,4063.57,No
C7002327,Male,1,No,No,58,Yes,No,No,No internet service,No internet service,No internet service,No internet service,No internet service,No internet service,Two year,No,Electronic check,20.91,1190.98,No
C7002328,Female,0,No,No,58,Yes,No,DSL,No,No,No,No,Yes,Yes,One year,Yes,Credit card (automatic),60.59,3501.5,No
C7002329,Male,0,No,Yes,7,Yes,Yes,No,No internet service,No internet service,No internet service,No internet service,No internet service,No internet service,Month-to-month,No,Bank transfer (automatic),32.07,222.6,No
C7002330,Female,1,Yes,No,6,Yes,Yes,Fiber optic,Yes,No,No,Yes,No,No,Month-to-month,No,Electronic check,86.37,507.24,Yes
C7002331,Male,0,No,No,32,Yes,No,Fiber optic,No,Yes,Yes,No,Yes,Yes,Month-to-month,No,Mailed check,94.89,3061.82,Yes
C7002332,Female,0,Yes,No,4,Yes,Yes,No,No internet service,No internet service,No internet service,No internet service,No internet service,No internet service,Month-to-month,Yes,Electronic check,36.98,137.3,No
C7002333,Male,1,Yes,Yes,1,Yes,Yes,Fiber optic,No,Yes,No,No,No,No,Month-to-month,No,Bank transfer (automatic),83.27,65.5,No
C7002334,Male,0,No,No,9,No,No phone service,Fiber optic,Yes,Yes,No,No,No,No,Two year,Yes,Credit card (automatic),75.18,668.56,No
C7002335,Female,0,No,No,8,Yes,No,DSL,No,Yes,No,No,Yes,Yes,Month-to-month,Yes,Credit card (automatic),63.14,514.05,Yes
C7002336,Female,0,No,No,23,Yes,No,DSL,Yes,Yes,Yes,Yes,No,Yes,Month-to-month,Yes,Electronic check,72.46,1661.68,Yes
C7002337,Male,0,No,No,24,Yes,No,Fiber optic,Yes,No,Yes,No,Yes,Yes,Month-to-month,Yes,Bank transfer (automatic),93.32,2263.31,Yes
C7002338,Female,0,No,No,59,Yes,Yes,Fiber optic,No,No,Yes,No,Yes,Yes,Two year,No,Electronic check,88.47,5198.62,No
C7002339,Male,0,Yes,No,65,Yes,Yes,Fiber optic,Yes,No,No,No,Yes,Yes,Month-to-month,Yes,Credit card (automatic),88.6,5755.14,Yes
C7002340,Male,1,Yes,No,12,Yes,No,Fiber optic,No,No,No,Yes,No,No,Month-to-month,No,Electronic check,73.52,921.16,Yes
C7002341,Male,0,Yes,Yes,27,No,No phone service,DSL,No,No,No,No,No,Yes,Two year,No,Electronic check,50.99,1385.22,No
C7002342,Female,0,Yes,Yes,37,Yes,No,No,No internet service,No internet service,No internet service,No internet service,No internet service,No internet service,Two year,No,Electronic check,22.98,839.22,No
C7002343,Male,1,Yes,No,19,Yes,No,No,No internet service,No internet service,No internet service,No internet service,No internet service,No internet service,One year,Yes,Electronic check,29.4,533.62,No
C7002344,Female,0,No,No,24,Yes,No,No,No internet service,No internet service,No internet service,No internet service,No internet service,No internet service,One year,No,Electronic check,21.07,491.71,No
C7002345,Male,0,Yes,Yes,48,Yes,Yes,DSL,No,Yes,No,No,Yes,No,One year,No,Bank transfer (automatic),69.26,3324.41,No
C7002346,Female,0,No,Yes,31,Yes,Yes,DSL,No,No,No,No,Yes,Yes,Month-to-month,Yes,Bank transfer (automatic),62.38,1950.62,No
C7002347,Female,0,No,Yes,51,Yes,No,DSL,Yes,No,Yes,Yes,No,Yes,Month-to-month,Yes,Electronic check,66.09,3353.95,No
C7002348,Male,1,Yes,Yes,5,Yes,No,No,No internet service,No internet service,No internet service,No internet service,No internet service,No internet service,Month-to-month,No,Mailed check,26.12,113.52,No
C7002349,Male,0,No,Yes,35,Yes,Yes,Fiber optic,No,Yes,Yes,No,Yes,No,Month-to-month,Yes,Mailed check,91.88,3213.6,Yes
C7002350,Male,0,Yes,No,22,Yes,No,No,No internet service,No internet service,No internet service,No internet service,No internet service,No internet service,One year,No,Mailed check,25.7,591.65,Yes
C7002351,Female,0,No,Yes,21,Yes,No,No,No internet service,No internet service,No internet service,No internet service,No internet service,No internet service,Month-to-month,No,Electronic check,25.69,556.55,No
C7002352,Male,0,No,No,34,Yes,No,DSL,No,No,No,No,Yes,No,Month-to-month,Yes,Bank transfer (automatic),56.31,1887.37,No
C7002353,Female,0,Yes,No,22,Yes,No,Fiber optic,No,No,Yes,Yes,No,Yes,One year,Yes,Mailed check,84.84,1864.3,Yes
C7002354,Male,1,Yes,Yes,55,Yes,No,Fiber optic,No,Yes,No,No,No,No,Month-to-month,No,Electronic check,72.56,3997.29,Yes
C7002355,Female,0,No,No,13,Yes,Yes,Fiber optic,Yes,No,No,No,Yes,Yes,Two year,No,Credit card (automatic),86.79,1127.23,No
C7002356,Male,0,Yes,No,65,No,No phone service,No,No internet service,No internet service,No internet service,No internet service,No internet service,No internet service,Two year,Yes,Mailed check,21.15,1357.49,No
C7002357,Male,0,No,Yes,26,Yes,Yes,DSL,Yes,No,No,Yes,No,Yes,Month-to-month,Yes,Mailed check,71.54,1874.12,Yes
C7002358,Female,0,Yes,No,38,Yes,No,Fiber optic,No,No,No,No,No,Yes,Month-to-month,No,Bank transfer (automatic),77.58,2958.05,No
C7002359,Male,0,No,No,12,Yes,No,DSL,Yes,No,No,Yes,No,Yes,Month-to-month,Yes,Electronic check,63.0,777.04,No
C7002360,Female,0,Yes,Yes,67,Yes,No,Fiber optic,No,No,Yes,Yes,Yes,Yes,Month-to-month,Yes,Mailed check,93.28,6252.36,No
C7002361,Male,0,Yes,No,46,Yes,Yes,DSL,No,No,No,No,Yes,Yes,One year,Yes,Mailed check,70.62,3241.8,No
C7002362,Male,0,Yes,No,56,Yes,No,Fiber optic,No,No,No,Yes,No,Yes,One year,Yes,Electronic check,79.85,4478.22,No
C7002363,Female,0,Yes,Yes,65,Yes,Yes,Fiber optic,No,No,Yes,No,Yes,Yes,Month-to-month,Yes,Bank transfer (automatic),85.5,5545.48,No
C7002364,Female,0,No,No,72,Yes,No,Fiber optic,Yes,No,Yes,Yes,No,No,Month-to-month,Yes,Electronic check,81.53,5883.17,No
C7002365,Female,0,No,Yes,18,Yes,No,No,No internet service,No internet service,No internet service,No internet service,No internet service,No internet service,Month-to-month,No,Mailed check,23.29,444.72,No
C7002366,Male,0,Yes,Yes,24,No,No phone service,Fiber optic,Yes,Yes,Yes,No,No,No,One year,No,Mailed check,73.96,1759.21,No
C7002367,Male,0,Yes,Yes,17,Yes,Yes,DSL,Yes,Yes,No,Yes,Yes,Yes,Month-to-month,Yes,Credit card (automatic),80.32,1353.33,No
C7002368,Male,0,Yes,No,36,No,No phone service,Fiber optic,Yes,Yes,Yes,Yes,Yes,No,One year,No,Credit card (automatic),91.2,3307.06,Yes
C7002369,Female,0,No,No,65,Yes,No,DSL,No,No,Yes,Yes,No,No,Month-to-month,No,Credit card (automatic),61.0,3977.35,No
C7002370,Male,1,No,No,53,Yes,Yes,DSL,Yes,Yes,Yes,Yes,Yes,No,One year,Yes,Mailed check,75.73,4013.86,No
C7002371,Male,1,No,No,41,Yes,No,DSL,No,Yes,Yes,No,No,No,Month-to-month,No,Electronic check,54.11,2196.13,Yes
C7002372,Male,0,No,No,34,Yes,Yes,DSL,No,No,No,Yes,No,No,Two year,No,Credit card (automatic),62.06,2106.13,No
C7002373,Male,0,Yes,Yes,53,Yes,No,No,No internet service,No internet service,No internet service,No internet service,No internet service,No internet service,Month-to-month,Yes,Bank transfer (automatic),31.53,1666.71,No
C7002374,Male,0,Yes,No,34,Yes,Yes,No,No internet service,No internet service,No internet service,No internet service,No internet service,No internet service,One year,Yes,Mailed check,34.26,1156.54,No
C7002375,Male,0,No,No,64,Yes,Yes,DSL,No,No,No,No,No,Yes,One year,No,Credit card (automatic),59.91,3836.61,No
C7002376,Female,1,Yes,No,40,Yes,No,No,No internet service,No internet service,No internet service,No internet service,No internet service,No internet service,Two year,No,Electronic check,22.38,867.24,No
C7002377,Female,0,Yes,No,48,Yes,No,DSL,Yes,No,No,Yes,Yes,Yes,One year,Yes,Bank transfer (automatic),68.29,3279.7,No
C7002378,Male,0,Yes,No,49,Yes,Yes,Fiber optic,Yes,No,Yes,No,Yes,No,Month-to-month,Yes,Electronic check,91.51,4488.21,No
C7002379,Female,0,No,No,54,Yes,No,DSL,Yes,Yes,No,No,Yes,Yes,Month-to-month,Yes,Electronic check,68.28,3680.2,No
C7002380,Female,0,No,No,34,No,No phone service,DSL,No,No,No,No,No,No,Month-to-month,Yes,Credit card (automatic),43.94,1512.2,No
C7002381,Male,0,No,No,28,Yes,No,Fiber optic,Yes,No,No,No,Yes,No,Two year,Yes,Mailed check,79.81,2222.64,No
C7002382,Male,0,Yes,No,30,Yes,No,Fiber optic,No,No,No,No,Yes,No,One year,No,Mailed check,78.52,2362.93,No
C7002383,Male,0,Yes,No,68,Yes,Yes,Fiber optic,No,Yes,Yes,No,No,No,Month-to-month,No,Bank transfer (automatic),88.96,6069.34,No
C7002384,Male,0,Yes,Yes,8,Yes,Yes,No,No internet service,No internet service,No internet service,No internet service,No internet service,No internet service,Month-to-month,No,Credit card (automatic),34.36,284.31,No
C7002385,Female,0,No,Yes,51,Yes,Yes,DSL,No,No,No,Yes,Yes,No,Month-to-month,Yes,Mailed check,61.15,3098.42,No
C7002386,Female,0,Yes,Yes,70,Yes,No,Fiber optic,Yes,No,Yes,No,No,No,Month-to-month,Yes,Electronic check,79.17,5568.77,No
C7002387,Male,0,No,No,5,Yes,Yes,DSL,Yes,No,No,No,No,No,One year,No,Mailed check,61.21,304.45,No
C7002388,Female,0,No,Yes,45,Yes,Yes,DSL,Yes,Yes,Yes,Yes,No,No,Two year,Yes,Electronic check,73.34,3313.88,No
C7002389,Male,0,No,No,43,Yes,Yes,DSL,No,Yes,Yes,No,No,Yes,One year,No,Mailed check,68.23,2937.03,No
C7002390,Female,0,No,No,24,Yes,No,DSL,No,No,No,Yes,No,Yes,Month-to-month,No,Electronic check,64.65,1569.58,No
C7002391,Female,0,Yes,No,6,Yes,Yes,Fiber optic,Yes,No,No,No,Yes,No,Month-to-month,Yes,Bank transfer (automatic),92.12,566.48,No
C7002392,Male,0,No,No,49,Yes,No,Fiber optic,No,Yes,Yes,No,No,Yes,Two year,Yes,Bank transfer (automatic),82.29,4027.69,No
C7002393,Male,0,Yes,Yes,38,No,No phone service,Fiber optic,Yes,No,No,No,Yes,Yes,Two year,No,Bank transfer (automatic),77.48,2939.31,No
C7002394,Female,0,No,No,54,Yes,No,DSL,No,No,No,No,Yes,Yes,Month-to-month,Yes,Bank transfer (automatic),56.66,3067.88,No
C7002395,Female,0,No,No,6,Yes,No,DSL,Yes,No,No,No,Yes,Yes,Month-to-month,Yes,Credit card (automatic),64.08,378.85,Yes
C7002396,Male,0,No,No,68,Yes,Yes,Fiber optic,Yes,Yes,No,Yes,No,No,Month-to-month,Yes,Electronic check,95.16,6485.24,No
C7002397,Male,0,Yes,No,45,Yes,No,DSL,No,Yes,No,No,No,Yes,Two year,No,Mailed check,57.95,2629.79,No
C7002398,Male,1,No,No,32,Yes,No,DSL,No,No,No,No,No,No,One year,Yes,Electronic check,50.6,1625.49,No
C7002399,Female,0,No,No,33,Yes,Yes,DSL,No,Yes,Yes,No,No,Yes,Month-to-month,Yes,Electronic check,77.32,2546.13,Yes
C7002400,Female,0,No,No,69,Yes,No,No,No internet service,No internet service,No internet service,No internet service,No internet service,No internet service,One year,No,Bank transfer (automatic),26.22,1822.37,No
C7002401,Female,0,No,No,40,Yes,No,Fiber optic,No,Yes,No,Yes,No,No,One year,No,Credit card (automatic),82.88,3333.93,No
C7002402,Female,0,No,No,42,Yes,No,DSL,No,No,No,No,Yes,No,Month-to-month,No,Electronic check,53.38,2237.14,No
C7002403,Female,0,Yes,No,47,No,No phone service,Fiber optic,Yes,Yes,Yes,No,No,Yes,Two year,Yes,Electronic check,84.24,3946.63,No
C7002404,Female,0,Yes,No,22,Yes,No,No,No internet service,No internet service,No internet service,No internet service,No internet service,No internet service,Two year,Yes,Electronic check,26.91,576.15,No
C7002405,Male,0,Yes,No,18,Yes,Yes,DSL,Yes,Yes,Yes,Yes,Yes,No,One year,No,Electronic check,83.18,1483.55,No
C7002406,Female,0,No,No,54,Yes,No,DSL,No,No,Yes,No,Yes,Yes,Month-to-month,Yes,Mailed check,60.56,3273.16,No
C7002407,Male,1,No,Yes,23,Yes,Yes,No,No internet service,No internet service,No internet service,No internet service,No internet service,No internet service,Month-to-month,No,Electronic check,30.84,723.62,No
C7002408,Male,0,Yes,Yes,2,No,No phone service,No,No internet service,No internet service,No internet service,No internet service,No internet service,No internet service,Month-to-month,No,Electronic check,18.86,17.32,No
C7002409,Female,0,Yes,No,35,Yes,Yes,Fiber optic,Yes,Yes,No,No,No,Yes,Two year,Yes,Mailed check,85.11,2990.51,No
C7002410,Female,0,No,No,0,Yes,No,DSL,Yes,No,No,No,Yes,Yes,Two year,No,Bank transfer (automatic),63.54,0.0,No
C7002411,Female,0,No,No,41,Yes,No,DSL,No,Yes,No,No,Yes,Yes,Month-to-month,Yes,Electronic check,66.22,2740.93,No
C7002412,Male,0,No,Yes,47,Yes,Yes,No,No internet service,No internet service,No internet service,No internet service,No internet service,No internet service,Month-to-month,Yes,Electronic check,30.46,1425.75,No
C7002413,Female,0,Yes,No,67,Yes,No,Fiber optic,No,No,No,No,Yes,No,One year,Yes,Electronic check,77.93,5245.46,No
C7002414,Male,0,No,No,44,Yes,No,Fiber optic,Yes,No,Yes,No,Yes,Yes,One year,No,Electronic check,91.63,4034.74,No
C7002415,Male,0,Yes,No,25,Yes,Yes,DSL,Yes,No,Yes,Yes,No,No,Month-to-month,No,Electronic check,67.25,1676.3,No
C7002416,Male,1,Yes,No,46,Yes,Yes,DSL,No,Yes,No,No,No,No,Month-to-month,No,Credit card (automatic),57.83,2648.44,No
C7002417,Female,1,No,Yes,43,Yes,Yes,Fiber optic,Yes,No,No,No,Yes,No,Month-to-month,Yes,Electronic check,88.05,3784.07,Yes
C7002418,Male,0,Yes,No,54,Yes,Yes,Fiber optic,Yes,Yes,No,Yes,No,No,Month-to-month,Yes,Electronic check,92.07,4956.18,No
C7002419,Female,0,No,No,67,Yes,No,Fiber optic,Yes,No,No,No,No,No,Month-to-month,Yes,Mailed check,77.65,5198.19,No
C7002420,Male,0,Yes,No,7,No,No phone service,Fiber optic,Yes,Yes,No,No,Yes,Yes,Month-to-month,No,Mailed check,84.1,578.89,No
C7002421,Male,1,Yes,Yes,52,Yes,No,Fiber optic,No,Yes,No,No,No,No,Month-to-month,No,Bank transfer (automatic),79.88,4126.72,No
C7002422,Female,0,No,No,58,Yes,Yes,Fiber optic,No,No,Yes,No,No,Yes,Two year,Yes,Mailed check,85.02,4938.1,No
C7002423,Male,0,Yes,Yes,23,Yes,Yes,DSL,Yes,No,No,No,No,No,Month-to-month,Yes,Electronic check,68.19,1573.86,Yes
C7002424,Female,0,Yes,No,29,Yes,No,No,No internet service,No internet service,No internet service,No internet service,No internet service,No internet service,Two year,No,Mailed check,25.5,734.0,No
C7002425,Female,0,Yes,No,30,Yes,Yes,DSL,Yes,Yes,No,No,No,No,Month-to-month,Yes,Credit card (automatic),66.17,1992.43,No
C7002426,Male,0,Yes,No,27,Yes,No,Fiber optic,No,No,Yes,No,Yes,Yes,One year,No,Electronic check,89.29,2417.52,No
C7002427,Female,0,No,No,64,Yes,Yes,DSL,No,No,No,No,No,Yes,Month-to-month,Yes,Electronic check,57.39,3653.1,No
C7002428,Female,0,Yes,No,23,Yes,No,Fiber optic,No,No,No,Yes,No,No,Month-to-month,No,Credit card (automatic),75.15,1733.59,No
C7002429,Female,0,No,Yes,31,Yes,No,Fiber optic,No,Yes,No,Yes,No,Yes,Month-to-month,Yes,Bank transfer (automatic),82.39,2558.6,Yes
C7002430,Female,0,No,No,42,Yes,No,DSL,No,Yes,Yes,Yes,No,No,Month-to-month,No,Bank transfer (automatic),65.4,2742.51,No
C7002431,Female,0,No,Yes,18,Yes,No,Fiber optic,No,No,Yes,No,Yes,No,Month-to-month,Yes,Electronic check,75.63,1334.66,No
C7002432,Female,1,No,No,50,Yes,Yes,Fiber optic,Yes,No,No,Yes,No,No,Month-to-month,No,Electronic check,89.18,4506.37,No
C7002433,Male,0,No,No,38,Yes,No,Fiber optic,Yes,No,Yes,No,Yes,Yes,Month-to-month,No,Mailed check,92.51,3508.5,Yes
C7002434,Female,0,No,Yes,12,Yes,No,DSL,No,Yes,Yes,Yes,No,Yes,Month-to-month,Yes,Electronic check,69.24,822.9,No
C7002435,Female,0,Yes,No,13,Yes,No,DSL,Yes,Yes,No,No,Yes,Yes,Two year,No,Electronic check,71.61,934.79,No
C7002436,Female,0,No,Yes,1,Yes,Yes,No,No internet service,No internet service,No internet service,No internet service,No internet service,No internet service,Two year,Yes,Bank transfer (automatic),31.47,25.48,No
C7002437,Female,1,Yes,Yes,42,Yes,Yes,DSL,No,No,Yes,Yes,Yes,No,Month-to-month,No,Electronic check,72.21,3020.85,No
C7002438,Male,0,No,No,58,Yes,Yes,Fiber optic,No,Yes,Yes,Yes,Yes,Yes,One year,No,Credit card (automatic),97.27,5658.67,No
C7002439,Female,1,No,Yes,72,Yes,Yes,DSL,No,Yes,No,Yes,No,Yes,Month-to-month,Yes,Mailed check,71.74,5142.81,No
C7002440,Female,0,Yes,Yes,48,Yes,Yes,Fiber optic,No,No,No,No,Yes,No,Month-to-month,Yes,Electronic check,77.21,3692.71,Yes
C7002441,Male,0,Yes,No,70,Yes,Yes,Fiber optic,No,No,No,No,No,No,Month-to-month,Yes,Mailed check,78.12,5458.29,No
C7002442,Male,0,Yes,No,72,Yes,Yes,Fiber optic,No,No,No,Yes,No,No,One year,Yes,Mailed check,81.45,5869.71,No
C7002443,Female,0,Yes,No,44,Yes,Yes,Fiber optic,Yes,Yes,No,No,No,No,Month-to-month,No,Credit card (automatic),83.6,3698.96,No
C7002444,Male,0,No,No,27,Yes,Yes,Fiber optic,No,Yes,No,No,No,Yes,Month-to-month,Yes,Credit card (automatic),89.37,2395.77,No
C7002445,Female,1,Yes,Yes,64,Yes,No,No,No internet service,No internet service,No internet service,No internet service,No internet service,No internet service,Two year,Yes,Electronic check,29.26,1872.48,No
C7002446,Male,1,No,No,46,Yes,No,Fiber optic,No,Yes,Yes,No,Yes,No,Two year,Yes,Mailed check,83.09,3795.94,No
C7002447,Male,0,No,No,59,Yes,Yes,Fiber optic,Yes,No,No,Yes,Yes,Yes,Month-to-month,Yes,Electronic check,91.95,5411.78,No
C7002448,Female,1,Yes,Yes,16,Yes,Yes,Fiber optic,No,No,No,No,No,Yes,Month-to-month,No,Mailed check,77.31,1234.31,No
C7002449,Female,1,Yes,No,69,Yes,Yes,Fiber optic,No,No,No,No,No,Yes,Month-to-month,Yes,Bank transfer (automatic),80.53,5560.07,Yes
C7002450,Female,0,Yes,No,31,Yes,No,Fiber optic,Yes,No,No,Yes,No,Yes,Month-to-month,No,Credit card (automatic),83.3,2547.83,No
C7002451,Female,0,No,Yes,63,Yes,No,Fiber optic,No,No,No,No,No,No,Month-to-month,Yes,Credit card (automatic),70.61,4428.41,No
C7002452,Female,0,Yes,Yes,27,Yes,Yes,No,No internet service,No internet service,No internet service,No internet service,No internet service,No internet service,Two year,Yes,Mailed check,33.28,906.62,No
C7002453,Female,0,Yes,No,65,Yes,Yes,No,No internet service,No internet service,No internet service,No internet service,No internet service,No internet service,One year,No,Bank transfer (automatic),35.26,2302.41,No
C7002454,Female,0,No,No,49,Yes,Yes,Fiber optic,Yes,Yes,Yes,No,No,No,Two year,Yes,Credit card (automatic),85.52,4180.57,No
C7002455,Female,1,No,Yes,16,Yes,Yes,Fiber optic,Yes,Yes,No,Yes,No,No,One year,Yes,Bank transfer (automatic),82.87,1317.47,No
C7002456,Female,0,Yes,No,10,Yes,Yes,DSL,No,No,Yes,Yes,Yes,No,Two year,Yes,Mailed check,69.18,681.09,No
C7002457,Male,0,No,Yes,11,Yes,No,No,No internet service,No internet service,No internet service,No internet service,No internet service,No internet service,One year,Yes,Bank transfer (automatic),21.4,254.58,No
C7002458,Male,0,No,No,27,No,No phone service,Fiber optic,Yes,No,No,Yes,Yes,Yes,Month-to-month,Yes,Electronic check,83.05,2252.73,No
C7002459,Female,0,No,Yes,3,Yes,Yes,No,No internet service,No internet service,No internet service,No internet service,No internet service,No internet service,One year,No,Electronic check,29.48,111.79,No
C7002460,Female,0,Yes,No,40,No,No phone service,Fiber optic,No,No,Yes,Yes,Yes,No,Month-to-month,No,Electronic check,82.44,3316.75,No
C7002461,Female,0,No,No,48,Yes,No,Fiber optic,No,Yes,No,No,Yes,Yes,Month-to-month,No,Credit card (automatic),85.24,4089.98,No
C7002462,Male,0,Yes,No,54,Yes,Yes,DSL,Yes,No,Yes,Yes,Yes,Yes,Two year,Yes,Mailed check,78.23,4220.78,No
C7002463,Female,0,Yes,Yes,68,Yes,No,Fiber optic,No,Yes,No,No,No,No,Two year,Yes,Electronic check,75.7,5149.65,No
C7002464,Male,0,Yes,No,58,Yes,Yes,Fiber optic,Yes,No,No,No,No,No,Month-to-month,Yes,Bank transfer (automatic),79.84,4629.71,No
C7002465,Female,0,No,No,72,Yes,Yes,Fiber optic,Yes,No,No,No,No,No,Month-to-month,Yes,Electronic check,79.03,5699.68,No
C7002466,Female,0,No,Yes,44,Yes,Yes,DSL,No,Yes,No,Yes,Yes,No,Two year,No,Electronic check,67.02,2955.71,No
C7002467,Female,0,No,No,62,Yes,Yes,DSL,Yes,No,Yes,Yes,Yes,No,Month-to-month,Yes,Electronic check,73.82,4593.51,No
C7002468,Female,0,No,No,56,Yes,Yes,No,No internet service,No internet service,No internet service,No internet service,No internet service,No internet service,Two year,No,Bank transfer (automatic),31.71,1764.01,No
C7002469,Male,0,Yes,No,60,Yes,No,Fiber optic,No,No,No,No,No,No,Two year,Yes,Mailed check,71.76,4311.59,No
C7002470,Male,0,Yes,No,29,No,No phone service,DSL,No,No,Yes,Yes,No,No,Two year,Yes,Credit card (automatic),51.83,1496.17,No
C7002471,Female,0,No,No,37,Yes,Yes,Fiber optic,No,Yes,Yes,No,Yes,Yes,Two year,Yes,Electronic check,93.97,3491.6,No
C7002472,Female,1,Yes,No,66,Yes,Yes,DSL,No,No,No,No,Yes,Yes,One year,Yes,Credit card (automatic),62.18,4073.69,No
C7002473,Female,1,Yes,No,32,Yes,Yes,DSL,Yes,Yes,Yes,Yes,No,No,Two year,No,Mailed check,77.53,2490.86,No
C7002474,Male,0,No,Yes,44,Yes,Yes,DSL,Yes,No,No,No,No,No,Month-to-month,No,Mailed check,60.2,2633.45,No
C7002475,Male,0,Yes,No,46,Yes,No,DSL,No,Yes,No,No,Yes,No,Month-to-month,Yes,Electronic check,57.39,2639.02,Yes
C7002476,Male,0,Yes,Yes,13,Yes,Yes,No,No internet service,No internet service,No internet service,No internet service,No internet service,No internet service,One year,Yes,Credit card (automatic),28.68,375.2,No
C7002477,Male,1,No,No,1,Yes,No,Fiber optic,Yes,No,Yes,No,No,No,Month-to-month,No,Bank transfer (automatic),73.1,61.65,Yes
C7002478,Male,0,No,Yes,50,Yes,No,Fiber optic,No,No,No,Yes,Yes,No,One year,Yes,Electronic check,78.74,3929.77,No
C7002479,Female,0,No,No,57,Yes,No,Fiber optic,No,No,No,No,No,No,One year,Yes,Electronic check,71.19,4061.78,No
C7002480,Female,0,Yes,No,42,Yes,Yes,Fiber optic,Yes,Yes,No,Yes,Yes,No,One year,Yes,Credit card (automatic),96.33,4042.26,No
C7002481,Male,0,No,No,47,Yes,Yes,Fiber optic,Yes,No,Yes,Yes,No,No,Month-to-month,No,Bank transfer (automatic),88.25,4152.5,No
C7002482,Male,0,No,Yes,4,Yes,Yes,Fiber optic,No,No,Yes,Yes,Yes,No,Two year,Yes,Mailed check,89.77,373.72,No
C7002483,Male,0,Yes,No,12,Yes,No,Fiber optic,No,No,No,No,No,No,One year,Yes,Mailed check,71.45,854.38,No
C7002484,Female,0,No,No,53,No,No phone service,Fiber optic,Yes,No,No,No,No,No,Month-to-month,Yes,Credit card (automatic),72.85,3875.43,Yes
C7002485,Male,0,No,No,46,No,No phone service,DSL,No,No,Yes,Yes,Yes,No,One year,No,Electronic check,59.27,2711.44,No
C7002486,Female,0,No,No,14,Yes,Yes,DSL,No,No,Yes,No,No,Yes,Month-to-month,Yes,Electronic check,67.22,972.6,No
C7002487,Female,0,Yes,Yes,43,Yes,Yes,DSL,Yes,No,No,No,No,Yes,Two year,Yes,Electronic check,62.01,2647.08,Yes
C7002488,Male,0,No,No,2,No,No phone service,Fiber optic,No,Yes,No,No,No,No,Month-to-month,No,Mailed check,71.42,131.6,Yes
C7002489,Female,1,Yes,No,57,Yes,Yes,Fiber optic,No,No,Yes,Yes,No,No,Month-to-month,Yes,Credit card (automatic),85.78,4906.09,No
C7002490,Female,0,Yes,No,1,Yes,No,Fiber optic,No,No,No,No,No,No,Two year,Yes,Credit card (automatic),64.65,74.83,Yes
C7002491,Male,1,Yes,Yes,61,Yes,No,Fiber optic,No,No,No,Yes,No,Yes,Month-to-month,No,Mailed check,79.66,4865.67,No
C7002492,Male,0,Yes,Yes,16,Yes,Yes,Fiber optic,Yes,Yes,No,No,Yes,No,Two year,No,Credit card (automatic),93.86,1501.17,No
C7002493,Female,1,Yes,Yes,18,Yes,No,Fiber optic,No,No,No,No,Yes,Yes,Month-to-month,No,Mailed check,76.59,1366.77,Yes
C7002494,Female,0,No,No,67,Yes,Yes,DSL,No,No,No,Yes,No,Yes,One year,Yes,Electronic check,65.75,4384.44,No
C7002495,Female,0,No,No,59,Yes,No,No,No internet service,No internet service,No internet service,No internet service,No internet service,No internet service,Month-to-month,Yes,Electronic check,27.18,1611.94,No
C7002496,Female,0,Yes,No,24,Yes,No,DSL,No,No,No,Yes,Yes,Yes,Month-to-month,Yes,Mailed check,67.87,1639.46,No
C7002497,Male,1,No,Yes,13,Yes,Yes,Fiber optic,No,No,No,No,No,No,Two year,Yes,Mailed check,75.84,993.29,No
C7002498,Female,1,No,Yes,8,Yes,No,DSL,No,No,No,Yes,Yes,No,Month-to-month,No,Electronic check,58.67,466.37,No
C7002499,Male,0,Yes,No,28,Yes,Yes,Fiber optic,No,No,No,No,No,No,Two year,Yes,Electronic check,77.59,2198.16,No
C7002500,Male,0,No,Yes,42,Yes,Yes,Fiber optic,No,No,Yes,No,Yes,No,Two year,No,Mailed check,84.89,3573.16,No
C7002501,Female,0,No,No,35,No,No phone service,DSL,No,Yes,No,No,Yes,No,One year,No,Electronic check,51.26,1796.43,No
C7002502,Female,0,No,No,65,Yes,Yes,Fiber optic,No,Yes,No,No,Yes,No,Month-to-month,Yes,Electronic check,84.53,5499.63,No
C7002503,Female,0,No,No,58,Yes,Yes,Fiber optic,No,Yes,No,No,Yes,Yes,Month-to-month,Yes,Electronic check,84.71,4943.18,Yes
C7002504,Male,0,No,Yes,19,Yes,No,No,No internet service,No internet service,No internet service,No internet service,No internet service,No internet service,One year,Yes,Electronic check,25.39,470.67,No
C7002505,Male,0,No,Yes,65,Yes,Yes,Fiber optic,No,Yes,Yes,Yes,No,No,Two year,Yes,Mailed check,89.69,5818.65,No
C7002506,Female,0,Yes,No,33,Yes,No,DSL,No,Yes,Yes,No,Yes,No,Month-to-month,Yes,Bank transfer (automatic),61.5,2031.91,Yes
C7002507,Female,1,Yes,Yes,1,Yes,Yes,DSL,No,No,No,No,No,No,Two year,Yes,Electronic check,62.06,61.39,No
C7002508,Female,0,No,No,62,Yes,No,No,No internet service,No internet service,No internet service,No internet service,No internet service,No internet service,Month-to-month,No,Bank transfer (automatic),21.63,1352.58,No
C7002509,Female,0,Yes,No,53,Yes,No,DSL,Yes,Yes,Yes,No,Yes,Yes,Month-to-month,Yes,Credit card (automatic),76.01,4030.02,No
C7002510,Male,0,Yes,No,25,Yes,No,Fiber optic,Yes,No,Yes,Yes,Yes,Yes,Month-to-month,Yes,Electronic check,94.74,2379.82,Yes
C7002511,Male,0,Yes,Yes,64,Yes,No,DSL,Yes,No,Yes,Yes,Yes,Yes,Month-to-month,No,Electronic check,73.29,4708.3,No
C7002512,Male,0,No,No,66,Yes,No,Fiber optic,No,No,Yes,No,Yes,No,Month-to-month,No,Credit card (automatic),78.89,5204.77,No
C7002513,Male,0,No,No,69,Yes,No,Fiber optic,No,Yes,Yes,Yes,Yes,Yes,Two year,No,Credit card (automatic),92.81,6429.5,No
C7002514,Male,0,Yes,Yes,66,Yes,No,No,No internet service,No internet service,No internet service,No internet service,No internet service,No internet service,Two year,Yes,Bank transfer (automatic),26.12,1723.29,No
C7002515,Female,0,Yes,No,19,Yes,Yes,Fiber optic,No,Yes,No,No,No,Yes,Two year,Yes,Electronic check,89.63,1712.94,No
C7002516,Male,0,Yes,No,40,Yes,Yes,DSL,Yes,No,Yes,No,No,No,Month-to-month,Yes,Mailed check,70.55,2821.14,No
C7002517,Male,0,Yes,Yes,12,Yes,No,Fiber optic,No,Yes,No,No,No,Yes,Month-to-month,Yes,Electronic check,81.88,966.54,Yes
C7002518,Female,0,No,No,49,Yes,No,DSL,No,No,No,No,No,No,Month-to-month,No,Mailed check,47.84,2339.59,Yes
C7002519,Male,0,Yes,Yes,36,Yes,No,No,No internet service,No internet service,No internet service,No internet service,No internet service,No internet service,One year,No,Electronic check,26.36,974.18,No
C7002520,Male,0,No,Yes,64,Yes,No,Fiber optic,Yes,No,Yes,No,Yes,No,Month-to-month,Yes,Credit card (automatic),85.41,5444.46,No
C7002521,Female,0,Yes,Yes,65,Yes,No,No,No internet service,No internet service,No internet service,No internet service,No internet service,No internet service,One year,No,Mailed check,26.22,1722.69,No
C7002522,Male,0,Yes,No,23,Yes,Yes,No,No internet service,No internet service,No internet service,No internet service,No internet service,No internet service,Month-to-month,Yes,Credit card (automatic),25.9,569.2,No
C7002523,Female,0,No,No,23,Yes,Yes,DSL,No,No,Yes,Yes,No,Yes,One year,No,Electronic check,65.04,1499.5,No
C7002524,Female,0,Yes,No,2,No,No phone service,No,No internet service,No internet service,No internet service,No internet service,No internet service,No internet service,Month-to-month,No,Mailed check,23.7,65.74,Yes
C7002525,Male,0,Yes,No,36,Yes,Yes,No,No internet service,No internet service,No internet service,No internet service,No internet service,No internet service,Two year,No,Bank transfer (automatic),29.71,1046.53,No
C7002526,Female,0,Yes,Yes,28,No,No phone service,No,No internet service,No internet service,No internet service,No internet service,No internet service,No internet service,Month-to-month,No,Credit card (automatic),18.85,516.31,No
C7002527,Female,0,No,No,72,Yes,No,Fiber optic,Yes,No,No,No,Yes,No,Month-to-month,No,Electronic check,80.58,5821.62,No
C7002528,Female,0,Yes,No,59,Yes,No,Fiber optic,No,No,Yes,No,No,No,Month-to-month,Yes,Electronic check,70.62,4158.28,No
C7002529,Female,0,No,No,33,Yes,No,DSL,Yes,Yes,Yes,No,Yes,Yes,Month-to-month,Yes,Bank transfer (automatic),79.63,2624.68,No
C7002530,Female,0,No,No,41,No,No phone service,No,No internet service,No internet service,No internet service,No internet service,No internet service,No internet service,One year,Yes,Mailed check,18.0,733.58,Yes
C7002531,Female,0,No,No,45,Yes,Yes,DSL,No,Yes,No,No,No,Yes,Month-to-month,No,Bank transfer (automatic),60.03,2682.25,No
C7002532,Female,0,No,No,65,Yes,No,Fiber optic,No,No,No,No,No,Yes,Month-to-month,Yes,Electronic check,78.87,5130.38,No
C7002533,Male,0,No,No,72,Yes,No,No,No internet service,No internet service,No internet service,No internet service,No internet service,No internet service,One year,No,Bank transfer (automatic),33.47,2430.04,No
C7002534,Female,0,No,No,30,Yes,No,No,No internet service,No internet service,No internet service,No internet service,No internet service,No internet service,One year,Yes,Electronic check,21.69,653.77,No
C7002535,Female,0,Yes,Yes,26,Yes,Yes,No,No internet service,No internet service,No internet service,No internet service,No internet service,No internet service,One year,Yes,Mailed check,31.32,833.28,No
C7002536,Female,0,No,No,52,Yes,No,No,No internet service,No internet service,No internet service,No internet service,No internet service,No internet service,Month-to-month,No,Bank transfer (automatic),34.18,1773.32,No
C7002537,Male,0,No,No,19,Yes,Yes,Fiber optic,Yes,No,No,No,No,No,Month-to-month,Yes,Electronic check,74.91,1427.5,Yes
C7002538,Male,0,Yes,No,10,Yes,Yes,Fiber optic,No,Yes,No,No,No,No,Month-to-month,Yes,Mailed check,80.33,817.93,No
C7002539,Female,0,No,No,20,Yes,No,DSL,No,Yes,No,No,No,Yes,Month-to-month,Yes,Electronic check,63.17,1266.27,Yes
C7002540,Female,0,Yes,No,23,Yes,No,No,No internet service,No internet service,No internet service,No internet service,No internet service,No internet service,Month-to-month,Yes,Mailed check,23.41,522.85,Yes
C7002541,Male,0,No,Yes,45,Yes,Yes,Fiber optic,No,Yes,No,Yes,No,No,Month-to-month,No,Bank transfer (automatic),88.97,3992.64,Yes
C7002542,Male,1,Yes,Yes,53,Yes,Yes,No,No internet service,No internet service,No internet service,No internet service,No internet service,No internet service,Two year,Yes,Mailed check,31.87,1690.33,No
C7002543,Male,0,Yes,No,11,Yes,No,Fiber optic,Yes,No,Yes,No,No,No,Month-to-month,Yes,Bank transfer (automatic),76.77,857.11,No
C7002544,Female,0,Yes,No,3,Yes,No,Fiber optic,No,Yes,Yes,No,Yes,No,Two year,Yes,Mailed check,81.16,241.04,No
C7002545,Male,0,Yes,No,12,Yes,Yes,Fiber optic,No,No,No,No,Yes,No,One year,Yes,Electronic check,78.04,951.35,No
C7002546,Female,0,Yes,No,66,No,No phone service,No,No internet service,No internet service,No internet service,No internet service,No internet service,No internet service,Month-to-month,Yes,Bank transfer (automatic),18.6,1255.6,No
C7002547,Male,0,Yes,No,18,Yes,No,DSL,Yes,No,Yes,No,No,No,One year,Yes,Mailed check,60.15,1099.88,No
C7002548,Male,0,No,Yes,38,Yes,Yes,Fiber optic,Yes,Yes,Yes,Yes,No,No,One year,Yes,Electronic check,100.82,3824.64,No
C7002549,Male,1,Yes,Yes,39,Yes,No,DSL,No,Yes,Yes,Yes,No,Yes,One year,No,Mailed check,68.38,2662.33,No
C7002550,Female,0,No,Yes,20,Yes,Yes,Fiber optic,Yes,Yes,No,No,No,No,Month-to-month,Yes,Mailed check,85.36,1727.59,Yes
C7002551,Male,0,No,No,61,Yes,No,Fiber optic,No,No,No,No,No,No,Month-to-month,No,Electronic check,75.41,4604.18,No
C7002552,Female,0,Yes,Yes,4,Yes,Yes,DSL,No,No,No,Yes,Yes,Yes,Two year,Yes,Bank transfer (automatic),72.95,292.43,No
C7002553,Female,0,Yes,No,38,Yes,No,Fiber optic,No,No,Yes,Yes,No,No,One year,No,Electronic check,80.14,3042.67,No
C7002554,Male,0,Yes,No,30,Yes,No,No,No internet service,No internet service,No internet service,No internet service,No internet service,No internet service,One year,No,Electronic check,24.26,715.11,No
C7002555,Female,0,Yes,No,57,Yes,Yes,No,No internet service,No internet service,No internet service,No internet service,No internet service,No internet service,Two year,No,Credit card (automatic),25.2,1422.08,No
C7002556,Male,0,No,Yes,14,Yes,No,Fiber optic,No,No,No,No,Yes,No,One year,Yes,Credit card (automatic),74.27,1033.12,No
C7002557,Male,0,No,No,69,Yes,Yes,DSL,No,Yes,No,Yes,No,Yes,One year,Yes,Credit card (automatic),76.95,5302.81,No
C7002558,Male,0,No,No,57,Yes,Yes,Fiber optic,No,Yes,No,No,Yes,Yes,Two year,Yes,Mailed check,87.9,5019.38,No
C7002559,Male,0,Yes,No,54,Yes,No,Fiber optic,No,No,No,No,No,No,Month-to-month,Yes,Mailed check,73.18,3946.74,Yes
C7002560,Female,0,No,No,36,Yes,No,Fiber optic,Yes,No,No,Yes,Yes,Yes,Month-to-month,Yes,Electronic check,87.93,3165.75,No
C7002561,Female,0,Yes,No,46,Yes,No,Fiber optic,No,No,Yes,Yes,Yes,No,Month-to-month,Yes,Bank transfer (automatic),87.48,4017.72,No
C7002562,Female,1,No,No,15,Yes,No,Fiber optic,No,No,Yes,No,Yes,Yes,Month-to-month,No,Electronic check,88.09,1316.41,Yes
C7002563,Female,0,No,No,0,Yes,Yes,Fiber optic,No,Yes,Yes,Yes,Yes,Yes,Two year,No,Mailed check,98.4,0.0,No
C7002564,Female,0,Yes,Yes,54,Yes,No,No,No internet service,No internet service,No internet service,No internet service,No internet service,No internet service,One year,No,Credit card (automatic),23.07,1204.89,No
C7002565,Male,1,No,No,32,Yes,No,Fiber optic,Yes,Yes,Yes,No,No,No,One year,No,Electronic check,86.9,2800.89,No
C7002566,Male,0,No,No,25,Yes,No,DSL,No,Yes,Yes,No,Yes,Yes,Month-to-month,No,Electronic check,72.17,1801.93,No
C7002567,Male,1,No,No,19,No,No phone service,No,No internet service,No internet service,No internet service,No internet service,No internet service,No internet service,Month-to-month,No,Mailed check,22.61,414.9,Yes
C7002568,Female,0,Yes,No,45,Yes,Yes,Fiber optic,Yes,No,No,No,Yes,Yes,One year,No,Mailed check,90.08,4036.45,No
C7002569,Female,0,No,No,37,Yes,No,Fiber optic,No,No,No,No,No,Yes,Month-to-month,No,Mailed check,71.78,2656.91,Yes
C7002570,Male,0,Yes,No,49,Yes,Yes,DSL,Yes,Yes,No,No,No,No,Month-to-month,Yes,Electronic check,64.71,3127.2,Yes
C7002571,Female,0,Yes,No,69,Yes,No,DSL,No,Yes,No,No,No,No,Month-to-month,Yes,Electronic check,51.72,3587.65,No
C7002572,Female,0,No,Yes,60,Yes,Yes,No,No internet service,No internet service,No internet service,No internet service,No internet service,No internet service,Two year,No,Mailed check,31.69,1889.23,No
C7002573,Female,0,Yes,No,23,Yes,No,DSL,Yes,No,No,No,Yes,Yes,One year,No,Electronic check,61.77,1440.18,No
C7002574,Female,0,Yes,Yes,17,Yes,Yes,Fiber optic,Yes,Yes,Yes,No,Yes,Yes,One year,Yes,Mailed check,97.6,1667.98,No
C7002575,Female,0,No,Yes,11,No,No phone service,Fiber optic,Yes,No,No,No,No,Yes,Month-to-month,No,Bank transfer (automatic),74.47,817.74,No
C7002576,Female,0,Yes,No,41,Yes,No,DSL,No,No,No,Yes,No,No,Month-to-month,Yes,Electronic check,59.08,2433.77,No
C7002577,Female,0,No,Yes,60,Yes,No,Fiber optic,No,No,No,No,No,No,Month-to-month,No,Credit card (automatic),66.35,3971.46,Yes
C7002578,Male,0,No,Yes,18,No,No phone service,DSL,No,No,No,Yes,Yes,Yes,Two year,Yes,Electronic check,57.96,1038.84,No
C7002579,Female,1,Yes,No,72,Yes,Yes,DSL,Yes,No,No,No,No,Yes,Month-to-month,Yes,Bank transfer (automatic),63.48,4597.81,No
C7002580,Male,0,No,No,31,Yes,Yes,No,No internet service,No internet service,No internet service,No internet service,No internet service,No internet service,Month-to-month,No,Electronic check,31.3,979.7,No
C7002581,Female,0,No,No,56,Yes,No,Fiber optic,No,Yes,No,No,Yes,Yes,One year,Yes,Electronic check,82.24,4618.1,No
C7002582,Male,0,No,No,21,Yes,Yes,No,No internet service,No internet service,No internet service,No internet service,No internet service,No internet service,One year,Yes,Electronic check,26.28,551.45,No
C7002583,Male,0,No,No,10,Yes,Yes,Fiber optic,No,No,Yes,Yes,Yes,Yes,Two year,Yes,Credit card (automatic),92.61,912.58,No
C7002584,Male,0,No,No,37,Yes,No,No,No internet service,No internet service,No internet service,No internet service,No internet service,No internet service,Two year,No,Mailed check,26.05,961.45,No
C7002585,Male,1,No,Yes,40,Yes,Yes,DSL,No,No,No,No,Yes,Yes,Two year,Yes,Credit card (automatic),60.13,2387.42,No
C7002586,Male,0,Yes,Yes,34,No,No phone service,DSL,Yes,No,Yes,Yes,No,Yes,One year,Yes,Mailed check,68.13,2293.99,No
C7002587,Male,0,Yes,Yes,29,Yes,No,DSL,No,No,No,Yes,Yes,Yes,Month-to-month,No,Credit card (automatic),67.17,1948.65,No
C7002588,Male,1,No,No,47,Yes,Yes,DSL,No,No,No,Yes,No,No,Month-to-month,Yes,Electronic check,62.0,2902.59,Yes
C7002589,Male,0,No,Yes,46,Yes,Yes,No,No internet service,No internet service,No internet service,No internet service,No internet service,No internet service,Month-to-month,No,Electronic check,31.25,1444.15,No
C7002590,Female,0,No,No,11,Yes,Yes,Fiber optic,Yes,Yes,No,Yes,No,No,Month-to-month,No,Electronic check,90.26,983.61,No
C7002591,Female,0,Yes,No,48,No,No phone service,Fiber optic,No,No,No,Yes,Yes,Yes,Two year,Yes,Mailed check,77.55,3695.51,No
C7002592,Female,0,No,No,24,Yes,Yes,Fiber optic,No,No,Yes,No,Yes,Yes,Month-to-month,No,Electronic check,88.63,2137.51,Yes
C7002593,Male,0,Yes,No,58,Yes,No,DSL,No,No,No,Yes,No,Yes,Month-to-month,Yes,Mailed check,58.53,3404.24,No
C7002594,Male,0,Yes,No,36,Yes,Yes,No,No internet service,No internet service,No internet service,No internet service,No internet service,No internet service,Two year,No,Mailed check,25.6,929.27,No
C7002595,Female,0,No,No,17,Yes,Yes,Fiber optic,No,No,Yes,Yes,Yes,Yes,Month-to-month,No,Electronic check,99.31,1682.16,Yes
C7002596,Male,0,Yes,Yes,13,Yes,No,DSL,No,No,No,No,No,No,Month-to-month,No,Credit card (automatic),46.27,618.98,No
C7002597,Male,0,No,No,70,Yes,Yes,Fiber optic,No,No,No,Yes,Yes,Yes,Month-to-month,Yes,Mailed check,88.53,6195.22,No
C7002598,Female,0,Yes,Yes,52,Yes,No,DSL,No,Yes,Yes,No,No,No,Month-to-month,No,Mailed check,59.01,3069.96,No
C7002599,Female,1,No,Yes,15,Yes,No,Fiber optic,Yes,No,No,Yes,Yes,Yes,Month-to-month,Yes,Mailed check,90.94,1371.66,Yes
C7002600,Male,0,No,Yes,36,No,No phone service,Fiber optic,No,No,No,No,Yes,Yes,Month-to-month,Yes,Credit card (automatic),73.66,2633.02,No
C7002601,Female,1,Yes,No,9,Yes,No,No,No internet service,No internet service,No internet service,No internet service,No internet service,No internet service,Two year,Yes,Bank transfer (automatic),22.83,205.39,No
C7002602,Male,0,No,Yes,60,Yes,No,No,No internet service,No internet service,No internet service,No internet service,No internet service,No internet service,Month-to-month,No,Electronic check,27.89,1672.04,No
C7002603,Female,0,No,No,60,No,No phone service,DSL,No,No,No,No,Yes,No,One year,Yes,Bank transfer (automatic),59.82,3596.98,No
C7002604,Male,0,Yes,No,58,Yes,No,DSL,Yes,Yes,No,No,No,Yes,Month-to-month,Yes,Electronic check,71.36,4144.55,No
C7002605,Male,0,No,No,33,Yes,Yes,No,No internet service,No internet service,No internet service,No internet service,No internet service,No internet service,Month-to-month,Yes,Credit card (automatic),30.23,1015.52,No
C7002606,Female,0,No,No,12,Yes,No,Fiber optic,No,Yes,No,No,Yes,No,Month-to-month,Yes,Bank transfer (automatic),74.94,922.88,No
C7002607,Male,1,Yes,No,35,No,No phone service,Fiber optic,No,No,Yes,Yes,Yes,Yes,Month-to-month,Yes,Electronic check,79.78,2787.63,Yes
C7002608,Female,0,No,No,37,No,No phone service,Fiber optic,No,No,No,Yes,No,Yes,Month-to-month,Yes,Credit card (automatic),77.89,2853.15,Yes
C7002609,Male,0,Yes,Yes,23,Yes,Yes,Fiber optic,No,Yes,Yes,No,Yes,No,Month-to-month,No,Bank transfer (automatic),90.14,2041.62,Yes
C7002610,Female,0,Yes,Yes,27,Yes,No,Fiber optic,No,Yes,No,No,No,Yes,Month-to-month,Yes,Electronic check,80.47,2189.28,No
C7002611,Female,1,Yes,No,3,Yes,Yes,No,No internet service,No internet service,No internet service,No internet service,No internet service,No internet service,Month-to-month,Yes,Electronic check,30.89,77.15,No
C7002612,Male,0,No,No,38,Yes,No,Fiber optic,Yes,Yes,Yes,No,No,Yes,Two year,Yes,Mailed check,87.91,3335.69,No
C7002613,Female,0,No,No,14,Yes,Yes,DSL,Yes,No,Yes,No,Yes,No,Month-to-month,No,Bank transfer (automatic),69.96,994.83,No
C7002614,Male,0,Yes,Yes,61,Yes,No,DSL,No,No,Yes,No,No,No,Month-to-month,Yes,Credit card (automatic),56.6,3455.89,No
C7002615,Male,1,Yes,No,55,Yes,No,No,No internet service,No internet service,No internet service,No internet service,No internet service,No internet service,Month-to-month,Yes,Credit card (automatic),29.85,1674.88,No
C7002616,Male,0,Yes,No,44,Yes,No,Fiber optic,No,No,Yes,No,Yes,Yes,Two year,Yes,Electronic check,89.98,3972.71,No
C7002617,Female,0,No,No,16,Yes,No,Fiber optic,No,No,No,Yes,No,No,Month-to-month,No,Electronic check,77.17,1226.31,Yes
C7002618,Female,0,Yes,Yes,48,Yes,No,DSL,No,No,Yes,No,No,Yes,Two year,No,Credit card (automatic),58.6,2803.28,No
C7002619,Female,0,Yes,No,72,Yes,No,No,No internet service,No internet service,No internet service,No internet service,No internet service,No internet service,One year,Yes,Bank transfer (automatic),25.61,1857.89,No
C7002620,Female,0,Yes,No,46,Yes,Yes,Fiber optic,No,No,No,Yes,No,No,Month-to-month,No,Electronic check,83.69,3844.85,No
C7002621,Female,0,Yes,No,57,Yes,No,No,No internet service,No internet service,No internet service,No internet service,No internet service,No internet service,One year,No,Credit card (automatic),30.63,1756.42,No
C7002622,Male,0,No,Yes,65,No,No phone service,DSL,No,No,Yes,Yes,Yes,No,One year,No,Credit card (automatic),63.92,4181.78,No
C7002623,Female,1,No,No,61,Yes,No,DSL,Yes,No,No,No,No,Yes,One year,No,Mailed check,58.44,3546.46,No
C7002624,Female,1,Yes,No,11,Yes,No,DSL,No,No,Yes,No,No,Yes,Month-to-month,No,Electronic check,63.53,683.4,Yes
C7002625,Male,1,No,No,63,Yes,No,Fiber optic,Yes,Yes,Yes,No,No,No,Two year,No,Electronic check,83.24,5222.18,No
C7002626,Female,1,Yes,No,55,Yes,Yes,No,No internet service,No internet service,No internet service,No internet service,No internet service,No internet service,Two year,Yes,Credit card (automatic),33.25,1808.0,No
C7002627,Male,0,No,No,52,Yes,Yes,Fiber optic,No,Yes,Yes,No,Yes,Yes,Month-to-month,Yes,Electronic check,98.89,5130.92,No
C7002628,Male,1,Yes,Yes,16,Yes,Yes,No,No internet service,No internet service,No internet service,No internet service,No internet service,No internet service,Month-to-month,No,Credit card (automatic),32.48,515.14,Yes
C7002629,Male,1,Yes,Yes,34,Yes,No,Fiber optic,No,Yes,Yes,Yes,No,Yes,Month-to-month,No,Electronic check,88.31,2995.08,Yes
C7002630,Male,0,No,No,65,Yes,Yes,DSL,No,No,No,No,No,Yes,Two year,Yes,Electronic check,56.83,3696.72,No
C7002631,Male,0,Yes,No,66,Yes,No,Fiber optic,No,No,Yes,No,Yes,Yes,Month-to-month,No,Credit card (automatic),84.07,5544.47,No
C7002632,Female,0,No,No,8,Yes,No,No,No internet service,No internet service,No internet service,No internet service,No internet service,No internet service,Month-to-month,Yes,Bank transfer (automatic),26.82,228.54,No
C7002633,Female,0,Yes,No,31,Yes,No,Fiber optic,No,No,No,No,Yes,No,Month-to-month,Yes,Electronic check,72.56,2295.53,Yes
C7002634,Female,0,Yes,Yes,44,Yes,No,DSL,No,No,No,No,No,No,One year,Yes,Credit card (automatic),44.66,1962.67,No
C7002635,Male,0,No,Yes,6,Yes,Yes,No,No internet service,No internet service,No internet service,No internet service,No internet service,No internet service,Two year,No,Credit card (automatic),34.35,198.74,No
C7002636,Male,0,Yes,No,17,No,No phone service,Fiber optic,Yes,Yes,No,No,No,No,Two year,No,Electronic check,71.19,1197.9,No
C7002637,Male,0,Yes,No,43,No,No phone service,No,No internet service,No internet service,No internet service,No internet service,No internet service,No internet service,One year,Yes,Electronic check,20.63,862.51,No
C7002638,Female,0,No,Yes,47,Yes,Yes,Fiber optic,No,Yes,Yes,No,No,Yes,One year,No,Credit card (automatic),91.13,4273.91,No
C7002639,Male,1,Yes,No,7,Yes,Yes,Fiber optic,No,No,No,Yes,Yes,No,One year,No,Mailed check,82.64,580.29,Yes
C7002640,Female,0,No,No,30,Yes,Yes,Fiber optic,Yes,No,No,Yes,No,No,Two year,No,Electronic check,84.47,2532.54,No
C7002641,Female,0,Yes,Yes,47,Yes,Yes,No,No internet service,No internet service,No internet service,No internet service,No internet service,No internet service,Month-to-month,Yes,Electronic check,34.7,1656.84,No
C7002642,Female,0,No,Yes,72,No,No phone service,No,No internet service,No internet service,No internet service,No internet service,No internet service,No internet service,Month-to-month,No,Electronic check,18.0,1302.93,No
C7002643,Female,1,No,No,72,Yes,No,Fiber optic,No,Yes,No,No,Yes,Yes,Month-to-month,No,Electronic check,88.28,6374.13,No
C7002644,Male,1,Yes,Yes,22,Yes,Yes,DSL,No,No,Yes,No,Yes,Yes,One year,Yes,Bank transfer (automatic),70.11,1536.1,No
C7002645,Female,0,No,Yes,49,Yes,No,DSL,No,Yes,No,Yes,No,Yes,Two year,Yes,Mailed check,62.57,3042.49,No
C7002646,Female,0,No,Yes,40,Yes,No,DSL,Yes,No,No,No,Yes,No,One year,Yes,Electronic check,61.14,2457.59,No
C7002647,Female,0,No,Yes,15,Yes,No,Fiber optic,No,Yes,No,No,Yes,Yes,One year,No,Electronic check,83.71,1268.88,No
C7002648,Female,0,Yes,No,37,Yes,No,Fiber optic,No,Yes,No,No,Yes,Yes,Month-to-month,Yes,Electronic check,85.42,3145.15,Yes
C7002649,Female,0,No,Yes,10,Yes,No,DSL,No,Yes,Yes,No,No,Yes,Two year,Yes,Mailed check,67.35,644.23,No
C7002650,Female,0,No,No,8,Yes,Yes,Fiber optic,No,Yes,No,No,Yes,Yes,Month-to-month,No,Electronic check,92.6,715.29,No
C7002651,Male,0,No,No,26,Yes,No,No,No internet service,No internet service,No internet service,No internet service,No internet service,No internet service,Month-to-month,No,Electronic check,23.73,631.83,No
C7002652,Female,0,No,Yes,19,Yes,Yes,DSL,Yes,No,No,No,No,No,Month-to-month,Yes,Bank transfer (automatic),62.37,1186.76,No
C7002653,Female,0,No,Yes,10,Yes,Yes,Fiber optic,Yes,Yes,No,Yes,Yes,No,Month-to-month,No,Electronic check,101.03,1008.41,No
C7002654,Male,0,No,No,3,Yes,Yes,DSL,Yes,Yes,Yes,No,No,No,Month-to-month,No,Mailed check,66.4,210.02,Yes
C7002655,Female,0,No,No,41,Yes,No,Fiber optic,No,Yes,No,No,Yes,Yes,Month-to-month,Yes,Credit card (automatic),82.54,3380.3,No
C7002656,Male,0,No,No,0,Yes,No,No,No internet service,No internet service,No internet service,No internet service,No internet service,No internet service,Two year,No,Bank transfer (automatic),20.56,0.0,No
C7002657,Female,0,No,No,57,Yes,Yes,DSL,No,Yes,Yes,No,Yes,No,Month-to-month,No,Bank transfer (automatic),75.29,4282.43,No
C7002658,Male,0,Yes,No,5,Yes,No,No,No internet service,No internet service,No internet service,No internet service,No internet service,No internet service,Month-to-month,No,Electronic check,25.05,168.01,No
C7002659,Male,1,No,Yes,48,Yes,Yes,DSL,No,No,No,No,No,No,Month-to-month,No,Electronic check,54.43,2631.19,Yes
C7002660,Female,0,Yes,Yes,10,No,No phone service,Fiber optic,Yes,Yes,Yes,No,No,Yes,One year,Yes,Mailed check,86.74,872.78,No
C7002661,Male,0,No,No,45,Yes,Yes,DSL,No,No,Yes,No,Yes,No,One year,No,Credit card (automatic),67.74,3037.55,No
C7002662,Male,0,No,Yes,10,Yes,No,Fiber optic,No,No,Yes,No,Yes,Yes,Month-to-month,No,Bank transfer (automatic),85.61,862.97,No
C7002663,Male,0,No,No,31,No,No phone service,DSL,No,No,No,No,No,Yes,One year,Yes,Electronic check,54.16,1695.13,No
C7002664,Male,1,Yes,Yes,48,Yes,Yes,Fiber optic,Yes,Yes,No,Yes,Yes,Yes,Month-to-month,No,Electronic check,99.64,4788.96,No
C7002665,Female,0,No,No,12,Yes,No,DSL,Yes,No,No,No,Yes,Yes,Two year,Yes,Electronic check,61.4,736.87,No
C7002666,Female,0,Yes,No,9,Yes,Yes,No,No internet service,No internet service,No internet service,No internet service,No internet service,No internet service,Two year,No,Credit card (automatic),34.48,305.02,No
C7002667,Male,0,No,No,46,Yes,No,DSL,Yes,Yes,No,No,No,No,Month-to-month,No,Electronic check,59.42,2750.36,No
C7002668,Female,0,No,No,46,Yes,Yes,DSL,No,No,Yes,No,No,Yes,Month-to-month,Yes,Electronic check,59.98,2759.48,Yes
C7002669,Male,1,No,Yes,30,Yes,Yes,Fiber optic,Yes,No,No,Yes,Yes,Yes,Two year,Yes,Mailed check,86.04,2578.2,No
C7002670,Female,0,Yes,Yes,8,Yes,Yes,Fiber optic,No,No,No,Yes,Yes,Yes,Month-to-month,Yes,Credit card (automatic),85.48,681.29,Yes
C7002671,Male,0,No,No,22,No,No phone service,No,No internet service,No internet service,No internet service,No internet service,No internet service,No internet service,Month-to-month,No,Electronic check,18.02,387.76,No
C7002672,Male,0,Yes,Yes,15,Yes,No,No,No internet service,No internet service,No internet service,No internet service,No internet service,No internet service,Month-to-month,Yes,Electronic check,25.01,378.14,No
C7002673,Male,0,No,No,48,Yes,No,Fiber optic,Yes,No,No,No,No,Yes,Month-to-month,Yes,Credit card (automatic),80.87,3855.38,No
C7002674,Female,0,No,No,21,Yes,Yes,No,No internet service,No internet service,No internet service,No internet service,No internet service,No internet service,Month-to-month,Yes,Bank transfer (automatic),25.4,524.62,Yes
C7002675,Male,1,No,No,27,Yes,Yes,DSL,No,No,Yes,No,Yes,Yes,One year,Yes,Electronic check,68.96,1850.65,No
C7002676,Male,0,Yes,No,19,Yes,No,No,No internet service,No internet service,No internet service,No internet service,No internet service,No internet service,Month-to-month,Yes,Mailed check,22.99,447.75,No
C7002677,Female,0,Yes,No,12,Yes,Yes,Fiber optic,No,No,Yes,Yes,Yes,No,One year,Yes,Electronic check,91.16,1099.78,No
C7002678,Female,1,No,No,59,Yes,Yes,DSL,No,Yes,Yes,No,Yes,Yes,Two year,Yes,Credit card (automatic),77.45,4605.97,No
C7002679,Male,0,No,Yes,35,No,No phone service,Fiber optic,No,Yes,Yes,No,Yes,Yes,Two year,No,Bank transfer (automatic),89.72,3136.58,No
C7002680,Female,0,Yes,No,41,Yes,No,Fiber optic,No,No,Yes,Yes,Yes,No,One year,Yes,Mailed check,89.08,3663.52,Yes
C7002681,Female,0,No,Yes,21,Yes,No,Fiber optic,No,Yes,No,No,Yes,No,Month-to-month,No,Credit card (automatic),75.87,1563.52,Yes
C7002682,Male,0,Yes,No,6,Yes,Yes,DSL,No,Yes,No,Yes,No,Yes,Month-to-month,No,Electronic check,70.48,422.53,Yes
C7002683,Female,0,Yes,Yes,53,Yes,No,Fiber optic,No,No,Yes,No,No,Yes,Month-to-month,No,Bank transfer (automatic),79.18,4187.19,No
C7002684,Male,0,No,No,52,Yes,No,Fiber optic,No,Yes,No,No,No,No,Two year,No,Electronic check,74.48,3854.2,No
C7002685,Female,0,No,No,3,Yes,No,Fiber optic,Yes,No,No,No,No,Yes,Month-to-month,Yes,Electronic check,79.72,242.33,Yes
C7002686,Male,1,No,Yes,64,Yes,No,No,No internet service,No internet service,No internet service,No internet service,No internet service,No internet service,Month-to-month,No,Electronic check,29.77,1931.28,No
C7002687,Female,0,Yes,No,62,Yes,No,No,No internet service,No internet service,No internet service,No internet service,No internet service,No internet service,Month-to-month,No,Credit card (automatic),27.09,1684.96,No
C7002688,Male,0,No,Yes,61,Yes,No,Fiber optic,No,No,Yes,Yes,Yes,Yes,Month-to-month,Yes,Electronic check,90.13,5476.31,Yes
C7002689,Female,1,No,No,33,Yes,Yes,Fiber optic,No,Yes,Yes,No,Yes,No,Month-to-month,No,Bank transfer (automatic),90.42,2953.61,No
C7002690,Female,0,No,No,50,Yes,Yes,Fiber optic,No,Yes,Yes,No,No,Yes,Two year,No,Bank transfer (automatic),86.32,4318.77,No
C7002691,Male,0,Yes,No,1,Yes,No,No,No internet service,No internet service,No internet service,No internet service,No internet service,No internet service,Month-to-month,Yes,Bank transfer (automatic),26.9,17.8,Yes
C7002692,Female,0,No,No,43,Yes,No,Fiber optic,No,No,No,Yes,Yes,No,One year,Yes,Mailed check,79.21,3386.28,No
C7002693,Female,0,Yes,No,9,Yes,Yes,Fiber optic,Yes,Yes,Yes,No,No,No,Two year,Yes,Mailed check,87.6,798.0,No
C7002694,Female,0,No,Yes,66,Yes,No,Fiber optic,No,No,Yes,No,Yes,Yes,Two year,Yes,Mailed check,81.08,5370.75,No
C7002695,Male,0,No,No,69,Yes,No,No,No internet service,No internet service,No internet service,No internet service,No internet service,No internet service,Month-to-month,Yes,Electronic check,30.73,2096.5,No
C7002696,Female,0,Yes,No,10,Yes,Yes,Fiber optic,No,No,No,No,Yes,No,One year,No,Electronic check,78.52,800.0,No
C7002697,Male,0,Yes,No,39,Yes,No,DSL,No,Yes,Yes,Yes,No,Yes,One year,Yes,Mailed check,72.63,2822.11,No
C7002698,Male,0,No,No,43,Yes,No,Fiber optic,No,No,No,No,Yes,No,Month-to-month,Yes,Mailed check,75.97,3265.08,No
C7002699,Female,0,No,No,56,Yes,No,DSL,No,No,No,No,No,Yes,Two year,Yes,Electronic check,58.72,3303.96,No
C7002700,Female,0,Yes,Yes,35,Yes,No,DSL,Yes,Yes,Yes,No,Yes,Yes,Month-to-month,Yes,Mailed check,70.15,2442.67,No
C7002701,Female,0,Yes,Yes,64,No,No phone service,Fiber optic,Yes,No,No,No,No,Yes,Month-to-month,No,Electronic check,78.92,5049.26,No
C7002702,Male,0,No,No,25,Yes,No,Fiber optic,No,Yes,Yes,No,Yes,No,Month-to-month,Yes,Electronic check,89.53,2223.58,Yes
C7002703,Female,0,Yes,Yes,23,Yes,Yes,No,No internet service,No internet service,No internet service,No internet service,No internet service,No internet service,One year,Yes,Electronic check,27.08,627.72,No
C7002704,Female,1,No,Yes,53,Yes,No,No,No internet service,No internet service,No internet service,No internet service,No internet service,No internet service,Month-to-month,No,Mailed check,27.35,1456.26,Yes
C7002705,Male,0,No,No,39,Yes,No,Fiber optic,Yes,Yes,No,No,Yes,No,Two year,Yes,Bank transfer (automatic),82.13,3181.17,No
C7002706,Female,0,Yes,No,5,Yes,No,DSL,No,Yes,Yes,No,Yes,Yes,Two year,No,Electronic check,68.98,332.46,No
C7002707,Male,1,No,No,47,Yes,No,DSL,No,Yes,No,Yes,Yes,No,One year,Yes,Electronic check,61.95,2932.76,No
C7002708,Male,1,No,No,20,Yes,No,No,No internet service,No internet service,No internet service,No internet service,No internet service,No internet service,One year,No,Electronic check,26.6,540.93,No
C7002709,Female,0,No,No,61,No,No phone service,Fiber optic,No,No,Yes,No,No,No,Month-to-month,No,Electronic check,69.03,4213.7,No
C7002710,Female,0,No,Yes,61,Yes,No,Fiber optic,No,Yes,No,No,Yes,No,One year,No,Credit card (automatic),79.92,4889.83,No
C7002711,Male,0,Yes,No,30,Yes,No,Fiber optic,No,Yes,No,No,Yes,Yes,Month-to-month,Yes,Credit card (automatic),81.9,2444.9,No
C7002712,Male,0,Yes,No,62,Yes,Yes,DSL,No,No,Yes,No,Yes,No,One year,Yes,Credit card (automatic),67.69,4191.28,No
C7002713,Male,0,No,No,69,Yes,Yes,Fiber optic,Yes,No,No,Yes,No,Yes,Month-to-month,No,Mailed check,89.24,6143.93,No
C7002714,Female,0,Yes,No,53,Yes,No,No,No internet service,No internet service,No internet service,No internet service,No internet service,No internet service,One year,Yes,Bank transfer (automatic),25.31,1318.45,No
C7002715,Male,0,Yes,Yes,44,Yes,No,Fiber optic,No,Yes,No,Yes,Yes,Yes,One year,Yes,Mailed check,88.32,3874.9,No
C7002716,Male,0,Yes,No,68,Yes,No,Fiber optic,Yes,No,No,No,Yes,No,Two year,No,Bank transfer (automatic),74.8,5085.45,No
C7002717,Female,1,No,Yes,63,Yes,No,DSL,Yes,Yes,No,No,Yes,No,Month-to-month,No,Credit card (automatic),62.17,3925.24,Yes
C7002718,Male,0,Yes,Yes,34,Yes,No,DSL,No,No,Yes,Yes,Yes,No,Two year,No,Electronic check,64.26,2202.98,No
C7002719,Female,0,No,No,6,Yes,No,DSL,No,No,Yes,Yes,No,Yes,One year,No,Electronic check,64.45,387.98,No
C7002720,Female,0,No,Yes,43,No,No phone service,Fiber optic,Yes,No,Yes,No,Yes,No,Month-to-month,Yes,Mailed check,84.48,3641.75,No
C7002721,Female,0,Yes,Yes,33,Yes,Yes,DSL,No,No,Yes,No,No,No,Month-to-month,No,Electronic check,64.61,2145.69,No
C7002722,Male,0,No,No,26,Yes,Yes,Fiber optic,Yes,No,No,Yes,No,Yes,Two year,Yes,Credit card (automatic),92.02,2406.88,No
C7002723,Male,0,Yes,No,13,Yes,No,Fiber optic,No,No,No,No,Yes,No,Month-to-month,Yes,Bank transfer (automatic),80.91,1042.57,No
C7002724,Male,0,No,No,52,Yes,No,Fiber optic,Yes,No,Yes,No,Yes,Yes,Two year,Yes,Mailed check,88.52,4592.74,No
C7002725,Female,0,No,Yes,66,Yes,Yes,DSL,No,No,No,No,Yes,Yes,One year,No,Bank transfer (automatic),67.04,4424.92,No
C7002726,Female,0,No,No,43,Yes,No,Fiber optic,No,Yes,Yes,Yes,No,Yes,Month-to-month,No,Electronic check,91.04,3945.72,Yes
C7002727,Male,0,No,No,17,Yes,No,Fiber optic,Yes,No,No,Yes,No,Yes,Month-to-month,No,Bank transfer (automatic),86.27,1480.39,No
C7002728,Male,0,No,No,0,Yes,Yes,DSL,No,Yes,No,No,Yes,No,Month-to-month,Yes,Mailed check,62.19,0.0,No
C7002729,Female,0,No,No,52,Yes,No,Fiber optic,No,Yes,No,No,Yes,Yes,One year,Yes,Credit card (automatic),85.24,4432.74,No
C7002730,Male,0,No,No,11,Yes,No,Fiber optic,No,No,No,Yes,No,Yes,Two year,Yes,Electronic check,78.74,870.32,No
C7002731,Male,0,Yes,Yes,4,Yes,Yes,Fiber optic,Yes,No,Yes,No,Yes,Yes,Month-to-month,Yes,Bank transfer (automatic),91.73,348.61,No
C7002732,Female,0,No,No,14,Yes,No,No,No internet service,No internet service,No internet service,No internet service,No internet service,No internet service,One year,Yes,Bank transfer (automatic),26.53,360.01,No
C7002733,Male,0,No,No,14,Yes,Yes,No,No internet service,No internet service,No internet service,No internet service,No internet service,No internet service,One year,Yes,Electronic check,24.84,354.59,Yes
C7002734,Male,0,Yes,No,24,Yes,No,Fiber optic,No,No,No,No,No,No,Two year,Yes,Electronic check,73.73,1780.37,No
C7002735,Male,0,No,No,23,Yes,Yes,No,No internet service,No internet service,No internet service,No internet service,No internet service,No internet service,Month-to-month,No,Mailed check,30.18,691.99,No
C7002736,Male,0,No,No,14,Yes,No,No,No internet service,No internet service,No internet service,No internet service,No internet service,No internet service,Month-to-month,Yes,Electronic check,21.57,295.14,No
C7002737,Female,0,No,No,57,Yes,Yes,No,No internet service,No internet service,No internet service,No internet service,No internet service,No internet service,Month-to-month,Yes,Electronic check,29.02,1659.72,No
C7002738,Female,0,Yes,Yes,60,Yes,Yes,Fiber optic,No,Yes,Yes,No,Yes,Yes,Month-to-month,Yes,Electronic check,94.91,5679.7,No
C7002739,Female,0,No,Yes,18,Yes,Yes,No,No internet service,No internet service,No internet service,No internet service,No internet service,No internet service,One year,No,Electronic check,33.22,584.33,No
C7002740,Male,0,No,No,26,Yes,Yes,DSL,No,Yes,Yes,No,Yes,Yes,Two year,Yes,Electronic check,79.06,2099.22,No
C7002741,Female,0,Yes,No,59,Yes,No,No,No internet service,No internet service,No internet service,No internet service,No internet service,No internet service,Month-to-month,Yes,Electronic check,24.44,1430.3,No
C7002742,Male,0,No,No,69,Yes,Yes,DSL,No,No,No,No,No,Yes,One year,Yes,Credit card (automatic),59.76,4136.53,No
C7002743,Female,0,No,No,57,Yes,Yes,DSL,No,Yes,Yes,Yes,No,No,One year,Yes,Electronic check,75.67,4307.45,No
C7002744,Male,0,Yes,Yes,40,Yes,Yes,DSL,No,Yes,No,Yes,No,Yes,Month-to-month,No,Credit card (automatic),65.21,2617.64,No
C7002745,Female,0,No,No,72,Yes,No,Fiber optic,No,No,No,No,No,No,Month-to-month,Yes,Bank transfer (automatic),65.62,4738.71,No
C7002746,Male,1,Yes,No,53,Yes,Yes,Fiber optic,No,Yes,No,No,No,Yes,Month-to-month,Yes,Credit card (automatic),89.33,4711.04,Yes
C7002747,Male,0,No,No,49,No,No phone service,Fiber optic,No,Yes,No,Yes,No,No,Month-to-month,Yes,Credit card (automatic),74.35,3641.85,No
C7002748,Male,0,No,No,2,Yes,No,Fiber optic,No,Yes,Yes,No,No,Yes,Two year,Yes,Credit card (automatic),87.03,156.17,Yes
C7002749,Male,0,No,No,46,Yes,Yes,Fiber optic,Yes,Yes,No,No,Yes,Yes,Two year,No,Bank transfer (automatic),99.27,4552.53,No
C7002750,Male,0,No,No,21,Yes,Yes,No,No internet service,No internet service,No internet service,No internet service,No internet service,No internet service,One year,Yes,Bank transfer (automatic),24.27,530.23,No
C7002751,Female,0,Yes,No,43,Yes,Yes,Fiber optic,Yes,No,Yes,No,Yes,Yes,Two year,Yes,Electronic check,98.89,4240.27,No
C7002752,Female,0,Yes,Yes,41,Yes,No,Fiber optic,No,Yes,No,No,No,Yes,Month-to-month,No,Credit card (automatic),82.25,3361.45,Yes
C7002753,Male,0,No,Yes,8,Yes,Yes,No,No internet service,No internet service,No internet service,No internet service,No internet service,No internet service,Month-to-month,Yes,Electronic check,25.57,214.09,No
C7002754,Female,0,Yes,No,33,Yes,No,DSL,No,No,Yes,Yes,Yes,Yes,Month-to-month,No,Bank transfer (automatic),68.43,2301.66,No
C7002755,Female,0,Yes,No,37,Yes,No,Fiber optic,No,Yes,No,No,Yes,No,Month-to-month,Yes,Electronic check,80.12,2957.92,Yes
C7002756,Female,0,Yes,No,3,Yes,Yes,DSL,No,Yes,No,Yes,Yes,Yes,One year,Yes,Electronic check,76.96,219.27,No
C7002757,Female,0,No,No,62,Yes,Yes,Fiber optic,Yes,No,Yes,No,No,Yes,One year,Yes,Bank transfer (automatic),86.89,5384.55,No
C7002758,Female,0,No,No,68,Yes,No,No,No internet service,No internet service,No internet service,No internet service,No internet service,No internet service,Month-to-month,No,Mailed check,27.33,1869.13,No
C7002759,Female,0,Yes,No,1,Yes,No,DSL,No,No,No,No,Yes,Yes,Two year,No,Bank transfer (automatic),60.27,75.79,No
C7002760,Female,0,Yes,Yes,8,Yes,Yes,DSL,No,No,No,No,No,No,Month-to-month,Yes,Credit card (automatic),52.47,400.53,No
C7002761,Female,0,Yes,No,9,Yes,No,Fiber optic,No,Yes,Yes,No,No,Yes,Month-to-month,No,Electronic check,83.39,776.99,Yes
C7002762,Male,1,Yes,Yes,32,Yes,No,Fiber optic,No,No,No,Yes,Yes,No,Month-to-month,No,Credit card (automatic),81.47,2615.69,No
C7002763,Male,0,Yes,No,43,Yes,Yes,Fiber optic,Yes,Yes,No,No,Yes,No,Month-to-month,Yes,Electronic check,88.15,3778.42,No
C7002764,Male,0,No,No,17,Yes,No,Fiber optic,No,Yes,No,No,Yes,No,One year,Yes,Credit card (automatic),78.98,1339.18,No
C7002765,Female,0,No,No,61,Yes,No,DSL,No,Yes,Yes,No,Yes,No,One year,Yes,Bank transfer (automatic),63.92,3906.16,No
C7002766,Male,0,Yes,No,22,Yes,No,DSL,No,Yes,Yes,Yes,No,Yes,One year,No,Mailed check,65.08,1431.83,No
C7002767,Female,0,No,No,22,No,No phone service,Fiber optic,No,No,Yes,No,Yes,No,Month-to-month,Yes,Mailed check,73.4,1612.58,No
C7002768,Female,0,No,No,42,No,No phone service,Fiber optic,No,Yes,Yes,No,No,No,Month-to-month,Yes,Electronic check,74.29,3151.32,Yes
C7002769,Female,0,Yes,Yes,63,Yes,No,No,No internet service,No internet service,No internet service,No internet service,No internet service,No internet service,Month-to-month,No,Mailed check,25.03,1584.86,No
C7002770,Male,0,Yes,Yes,18,Yes,Yes,Fiber optic,No,Yes,Yes,No,Yes,Yes,Two year,Yes,Electronic check,97.1,1740.98,No
C7002771,Female,1,No,Yes,24,Yes,No,DSL,Yes,No,Yes,Yes,No,No,Month-to-month,Yes,Bank transfer (automatic),62.23,1488.23,Yes
C7002772,Female,0,Yes,Yes,24,Yes,Yes,DSL,Yes,No,Yes,No,Yes,No,Month-to-month,Yes,Bank transfer (automatic),72.78,1772.61,No
C7002773,Male,0,No,Yes,33,No,No phone service,No,No internet service,No internet service,No internet service,No internet service,No internet service,No internet service,Two year,No,Credit card (automatic),18.84,627.1,No
C7002774,Female,0,No,No,31,No,No phone service,Fiber optic,No,No,No,Yes,No,Yes,Month-to-month,Yes,Bank transfer (automatic),74.76,2301.53,No
C7002775,Male,0,No,No,69,Yes,No,Fiber optic,Yes,No,Yes,No,No,No,Two year,Yes,Credit card (automatic),75.15,5181.86,No
C7002776,Female,1,Yes,Yes,10,Yes,No,Fiber optic,Yes,Yes,No,No,No,Yes,Two year,No,Electronic check,81.82,817.82,No
C7002777,Female,0,Yes,No,30,Yes,Yes,DSL,Yes,Yes,No,No,No,Yes,Two year,Yes,Bank transfer (automatic),72.76,2167.37,No
C7002778,Male,1,No,No,18,Yes,No,No,No internet service,No internet service,No internet service,No internet service,No internet service,No internet service,Month-to-month,No,Electronic check,22.13,422.97,No
C7002779,Male,0,Yes,No,43,Yes,Yes,Fiber optic,Yes,No,Yes,Yes,No,Yes,Two year,No,Electronic check,91.9,3932.94,No
C7002780,Male,0,Yes,No,57,Yes,Yes,DSL,Yes,Yes,No,Yes,Yes,Yes,One year,Yes,Mailed check,80.17,4594.43,No
C7002781,Male,0,No,No,68,Yes,Yes,Fiber optic,No,Yes,Yes,No,Yes,No,Two year,No,Mailed check,92.02,6239.72,No
C7002782,Female,0,Yes,No,31,Yes,Yes,Fiber optic,No,Yes,Yes,Yes,No,No,Month-to-month,Yes,Credit card (automatic),89.55,2780.56,No
C7002783,Male,1,No,No,19,Yes,No,Fiber optic,No,No,Yes,No,No,Yes,Month-to-month,No,Bank transfer (automatic),74.14,1427.31,No
C7002784,Male,0,No,No,70,Yes,No,Fiber optic,No,Yes,Yes,No,Yes,No,One year,Yes,Mailed check,80.82,5655.25,No
C7002785,Female,0,No,Yes,6,Yes,No,Fiber optic,No,No,Yes,Yes,Yes,Yes,Month-to-month,Yes,Bank transfer (automatic),94.01,551.72,No
C7002786,Female,0,Yes,No,9,Yes,Yes,No,No internet service,No internet service,No internet service,No internet service,No internet service,No internet service,One year,Yes,Electronic check,31.9,289.38,No
C7002787,Female,0,No,Yes,69,Yes,Yes,No,No internet service,No internet service,No internet service,No internet service,No internet service,No internet service,Two year,Yes,Credit card (automatic),25.14,1740.63,No
C7002788,Female,0,No,No,64,Yes,Yes,Fiber optic,No,No,No,No,Yes,No,Two year,Yes,Electronic check,79.15,5085.93,No
C7002789,Male,0,Yes,Yes,40,No,No phone service,DSL,No,Yes,No,No,No,Yes,Month-to-month,Yes,Electronic check,60.39,2397.69,Yes
C7002790,Female,0,No,No,23,Yes,Yes,Fiber optic,No,Yes,Yes,No,No,No,Month-to-month,No,Mailed check,84.98,1940.75,No
C7002791,Male,1,Yes,Yes,70,Yes,No,No,No internet service,No internet service,No internet service,No internet service,No internet service,No internet service,One year,No,Mailed check,22.82,1628.17,No
C7002792,Female,0,Yes,No,69,Yes,Yes,DSL,No,No,Yes,No,Yes,No,Month-to-month,No,Bank transfer (automatic),60.67,4189.55,No
C7002793,Female,0,No,No,63,Yes,No,DSL,No,Yes,No,Yes,Yes,No,Month-to-month,Yes,Bank transfer (automatic),63.69,4018.69,No
C7002794,Female,0,Yes,No,56,Yes,No,No,No internet service,No internet service,No internet service,No internet service,No internet service,No internet service,Month-to-month,No,Electronic check,27.37,1543.77,No
C7002795,Female,1,Yes,No,43,Yes,Yes,No,No internet service,No internet service,No internet service,No internet service,No internet service,No internet service,Month-to-month,No,Bank transfer (automatic),36.23,1559.74,No
C7002796,Female,1,No,No,27,Yes,No,No,No internet service,No internet service,No internet service,No internet service,No internet service,No internet service,Month-to-month,No,Electronic check,28.9,799.02,No
C7002797,Male,0,Yes,No,34,Yes,No,Fiber optic,No,Yes,No,No,Yes,No,Month-to-month,No,Bank transfer (automatic),81.36,2776.19,No
C7002798,Female,0,No,No,39,Yes,Yes,DSL,Yes,No,No,Yes,No,Yes,Two year,Yes,Mailed check,69.68,2718.41,No
C7002799,Female,0,Yes,No,35,Yes,Yes,DSL,Yes,No,No,No,No,No,Two year,No,Electronic check,56.67,1960.99,No
C7002800,Female,0,No,No,62,Yes,No,Fiber optic,No,No,No,No,No,No,Month-to-month,Yes,Electronic check,69.26,4309.49,No
C7002801,Male,0,No,No,12,Yes,No,No,No internet service,No internet service,No internet service,No internet service,No internet service,No internet service,One year,Yes,Credit card (automatic),19.67,264.23,No
C7002802,Male,0,Yes,No,6,Yes,No,Fiber optic,Yes,No,Yes,Yes,No,No,Two year,No,Credit card (automatic),87.58,543.69,No
C7002803,Female,0,No,No,33,Yes,Yes,Fiber optic,Yes,Yes,Yes,No,No,No,Month-to-month,Yes,Credit card (automatic),90.55,2954.97,No
C7002804,Male,0,Yes,No,15,Yes,No,No,No internet service,No internet service,No internet service,No internet service,No internet service,No internet service,Month-to-month,Yes,Bank transfer (automatic),24.66,388.56,No
C7002805,Male,0,Yes,No,59,Yes,No,DSL,No,Yes,No,Yes,Yes,Yes,Month-to-month,No,Electronic check,65.74,3888.79,No
C7002806,Male,0,Yes,No,61,Yes,No,DSL,No,No,No,Yes,Yes,No,One year,Yes,Electronic check,60.97,3720.06,No
C7002807,Female,0,Yes,No,72,No,No phone service,No,No internet service,No internet service,No internet service,No internet service,No internet service,No internet service,Month-to-month,No,Mailed check,19.23,1364.86,No
C7002808,Male,0,Yes,No,28,Yes,No,Fiber optic,Yes,Yes,No,No,Yes,No,Month-to-month,Yes,Mailed check,86.32,2405.51,Yes
C7002809,Male,0,No,No,70,Yes,No,Fiber optic,No,Yes,No,Yes,Yes,Yes,Month-to-month,Yes,Credit card (automatic),89.88,6298.52,No
C7002810,Male,0,No,No,7,Yes,No,No,No internet service,No internet service,No internet service,No internet service,No internet service,No internet service,Two year,No,Electronic check,28.04,189.73,No
C7002811,Female,0,No,No,70,Yes,Yes,No,No internet service,No internet service,No internet service,No internet service,No internet service,No internet service,Two year,Yes,Mailed check,23.19,1654.18,No
C7002812,Female,0,No,No,17,Yes,Yes,Fiber optic,No,Yes,Yes,No,No,Yes,One year,Yes,Mailed check,90.72,1518.26,No
C7002813,Male,0,Yes,Yes,1,Yes,Yes,Fiber optic,Yes,Yes,No,Yes,No,Yes,Month-to-month,No,Mailed check,97.6,96.19,Yes
C7002814,Male,0,Yes,Yes,60,Yes,No,Fiber optic,No,No,No,Yes,No,No,One year,Yes,Mailed check,75.61,4512.3,No
C7002815,Female,0,Yes,No,37,Yes,No,No,No internet service,No internet service,No internet service,No internet service,No internet service,No internet service,One year,Yes,Credit card (automatic),24.92,897.42,No
C7002816,Male,0,No,Yes,30,No,No phone service,DSL,No,Yes,No,No,Yes,No,One year,No,Mailed check,59.1,1755.98,No
C7002817,Female,0,No,Yes,14,Yes,Yes,Fiber optic,No,No,No,Yes,Yes,Yes,Month-to-month,Yes,Credit card (automatic),86.45,1183.61,Yes
C7002818,Male,0,Yes,No,30,Yes,No,No,No internet service,No internet service,No internet service,No internet service,No internet service,No internet service,Month-to-month,Yes,Electronic check,21.28,646.69,No
C7002819,Female,0,Yes,Yes,44,No,No phone service,Fiber optic,No,No,No,Yes,No,No,One year,No,Mailed check,70.0,3067.98,No
C7002820,Male,1,Yes,No,10,Yes,Yes,Fiber optic,Yes,No,Yes,Yes,No,Yes,Month-to-month,Yes,Mailed check,97.33,956.88,Yes
C7002821,Female,0,No,Yes,69,Yes,Yes,DSL,Yes,Yes,Yes,Yes,Yes,No,Month-to-month,Yes,Electronic check,80.89,5580.89,No
C7002822,Male,0,Yes,Yes,52,No,No phone service,DSL,No,No,Yes,Yes,No,No,Two year,No,Credit card (automatic),58.73,3050.81,No
C7002823,Female,0,No,No,63,Yes,No,DSL,Yes,Yes,No,No,No,Yes,One year,Yes,Bank transfer (automatic),69.98,4404.98,No
C7002824,Female,0,Yes,No,3,Yes,Yes,Fiber optic,No,Yes,Yes,No,No,No,Two year,Yes,Mailed check,83.62,244.65,No
C7002825,Female,0,Yes,No,63,Yes,No,DSL,No,No,No,Yes,No,Yes,Month-to-month,Yes,Electronic check,61.92,3906.54,No
C7002826,Male,1,Yes,No,63,Yes,Yes,Fiber optic,No,No,Yes,No,Yes,No,Month-to-month,Yes,Credit card (automatic),87.09,5495.89,Yes
C7002827,Male,0,No,No,26,No,No phone service,Fiber optic,No,No,No,No,Yes,No,Month-to-month,No,Mailed check,71.87,1853.13,No
C7002828,Female,0,No,No,41,Yes,No,DSL,No,No,No,No,No,No,Month-to-month,Yes,Electronic check,48.49,2012.73,Yes
C7002829,Female,0,Yes,No,36,Yes,Yes,DSL,No,Yes,Yes,No,Yes,Yes,Month-to-month,Yes,Electronic check,73.58,2648.65,No
C7002830,Male,0,Yes,Yes,60,Yes,Yes,Fiber optic,Yes,No,Yes,Yes,Yes,Yes,Two year,Yes,Credit card (automatic),99.7,5999.38,No
C7002831,Male,0,Yes,Yes,20,Yes,No,Fiber optic,No,Yes,No,Yes,No,No,Two year,Yes,Mailed check,83.06,1662.7,Yes
C7002832,Male,0,Yes,No,67,Yes,No,Fiber optic,No,Yes,Yes,Yes,Yes,No,Month-to-month,Yes,Bank transfer (automatic),85.16,5718.1,No
C7002833,Female,0,Yes,No,40,No,No phone service,No,No internet service,No internet service,No internet service,No internet service,No internet service,No internet service,Month-to-month,Yes,Mailed check,21.64,843.0,No
C7002834,Female,1,Yes,No,0,Yes,Yes,No,No internet service,No internet service,No internet service,No internet service,No internet service,No internet service,Month-to-month,No,Credit card (automatic),27.22,0.0,Yes
C7002835,Female,0,No,No,22,Yes,No,Fiber optic,No,Yes,No,Yes,Yes,No,Two year,Yes,Electronic check,86.84,1901.35,No
C7002836,Female,0,No,No,10,Yes,No,Fiber optic,No,No,No,No,Yes,Yes,One year,Yes,Credit card (automatic),78.86,769.33,No
C7002837,Male,0,No,No,59,Yes,No,Fiber optic,No,Yes,Yes,No,Yes,No,Two year,No,Bank transfer (automatic),87.0,5137.07,No
C7002838,Male,0,No,No,29,Yes,Yes,Fiber optic,No,No,Yes,Yes,Yes,No,Two year,Yes,Credit card (automatic),93.28,2704.77,Yes
C7002839,Male,0,No,No,33,No,No phone service,DSL,Yes,No,No,Yes,Yes,No,Month-to-month,No,Mailed check,51.92,1698.24,No
C7002840,Female,0,No,Yes,25,No,No phone service,No,No internet service,No internet service,No internet service,No internet service,No internet service,No internet service,Month-to-month,Yes,Electronic check,18.0,458.03,No
C7002841,Male,0,Yes,No,51,Yes,Yes,No,No internet service,No internet service,No internet service,No internet service,No internet service,No internet service,Month-to-month,Yes,Mailed check,30.0,1541.77,No
C7002842,Male,1,Yes,No,72,Yes,Yes,Fiber optic,Yes,Yes,Yes,No,Yes,Yes,Month-to-month,Yes,Bank transfer (automatic),98.44,7056.25,Yes
C7002843,Male,0,Yes,No,63,No,No phone service,Fiber optic,No,No,Yes,No,Yes,Yes,Two year,Yes,Mailed check,74.96,4737.85,No
C7002844,Male,0,No,No,72,Yes,No,Fiber optic,No,Yes,Yes,No,Yes,No,One year,No,Credit card (automatic),85.3,6151.05,No
C7002845,Female,0,Yes,No,21,Yes,Yes,DSL,Yes,Yes,Yes,No,No,No,Month-to-month,Yes,Credit card (automatic),65.85,1359.04,No
C7002846,Male,1,Yes,Yes,48,Yes,No,DSL,Yes,No,Yes,No,Yes,Yes,Month-to-month,No,Credit card (automatic),73.78,3530.91,No
C7002847,Male,0,No,No,45,Yes,No,DSL,Yes,No,Yes,No,Yes,No,Two year,Yes,Mailed check,63.52,2848.34,No
C7002848,Female,0,No,Yes,22,No,No phone service,No,No internet service,No internet service,No internet service,No internet service,No internet service,No internet service,Month-to-month,No,Mailed check,18.56,393.78,No
C7002849,Male,0,No,Yes,61,Yes,No,Fiber optic,No,Yes,Yes,No,No,No,Month-to-month,No,Mailed check,83.34,5106.58,No
C7002850,Male,1,No,No,67,Yes,Yes,Fiber optic,Yes,Yes,No,Yes,No,No,Two year,Yes,Mailed check,86.2,5767.64,No
C7002851,Male,0,No,Yes,69,Yes,No,DSL,Yes,Yes,No,No,No,No,Month-to-month,Yes,Electronic check,56.3,3850.07,No
C7002852,Female,0,No,No,72,Yes,Yes,No,No internet service,No internet service,No internet service,No internet service,No internet service,No internet service,Month-to-month,Yes,Electronic check,29.72,2135.15,No
C7002853,Male,0,Yes,No,11,No,No phone service,No,No internet service,No internet service,No internet service,No internet service,No internet service,No internet service,Two year,No,Mailed check,21.27,224.79,No
C7002854,Female,0,No,No,10,Yes,Yes,No,No internet service,No internet service,No internet service,No internet service,No internet service,No internet service,Two year,No,Bank transfer (automatic),27.73,266.49,No
C7002855,Female,0,No,No,49,Yes,No,Fiber optic,No,Yes,Yes,No,Yes,No,Two year,No,Credit card (automatic),79.38,3894.39,No
C7002856,Female,1,Yes,No,52,No,No phone service,Fiber optic,No,Yes,Yes,Yes,No,Yes,Month-to-month,Yes,Bank transfer (automatic),84.67,4381.55,Yes
C7002857,Male,0,No,No,31,Yes,Yes,Fiber optic,No,No,No,No,Yes,No,Two year,No,Mailed check,79.58,2493.62,No
C7002858,Female,0,No,Yes,11,Yes,Yes,DSL,No,No,Yes,No,No,Yes,One year,Yes,Electronic check,63.75,699.33,No
C7002859,Male,0,No,No,20,Yes,No,Fiber optic,Yes,No,Yes,Yes,Yes,No,Month-to-month,Yes,Credit card (automatic),90.01,1800.68,No
C7002860,Male,0,No,No,9,Yes,Yes,Fiber optic,No,No,Yes,No,Yes,Yes,Month-to-month,No,Electronic check,92.73,827.89,Yes
C7002861,Female,0,Yes,No,11,Yes,Yes,Fiber optic,Yes,No,Yes,No,Yes,Yes,Two year,Yes,Credit card (automatic),94.86,1066.79,No
C7002862,Male,0,Yes,No,13,Yes,Yes,Fiber optic,No,Yes,Yes,No,No,Yes,Month-to-month,Yes,Electronic check,91.0,1172.62,No
C7002863,Male,0,Yes,No,42,Yes,Yes,DSL,No,No,No,No,Yes,Yes,Month-to-month,No,Mailed check,66.01,2775.58,No
C7002864,Male,0,No,No,37,Yes,Yes,Fiber optic,Yes,No,Yes,No,No,No,Month-to-month,No,Bank transfer (automatic),85.61,3172.86,Yes
C7002865,Male,0,No,No,24,No,No phone service,Fiber optic,No,No,No,Yes,No,No,Month-to-month,Yes,Electronic check,68.76,1646.86,Yes
C7002866,Male,1,No,Yes,39,Yes,Yes,Fiber optic,No,No,Yes,No,Yes,No,Month-to-month,Yes,Electronic check,85.59,3346.5,Yes
C7002867,Female,0,No,No,48,Yes,No,No,No internet service,No internet service,No internet service,No internet service,No internet service,No internet service,Month-to-month,No,Electronic check,28.16,1364.73,No
C7002868,Female,0,No,No,7,Yes,No,DSL,No,Yes,No,No,No,Yes,Month-to-month,No,Credit card (automatic),57.86,415.99,No
C7002869,Male,1,Yes,No,20,Yes,Yes,Fiber optic,Yes,Yes,Yes,Yes,Yes,Yes,Month-to-month,No,Mailed check,100.7,2012.44,Yes
C7002870,Female,0,Yes,No,14,Yes,No,Fiber optic,No,No,No,Yes,Yes,Yes,Two year,No,Electronic check,86.91,1212.84,No
C7002871,Male,0,Yes,No,0,Yes,Yes,Fiber optic,Yes,Yes,No,Yes,Yes,Yes,One year,Yes,Mailed check,97.88,0.0,No
C7002872,Male,0,No,No,8,Yes,No,No,No internet service,No internet service,No internet service,No internet service,No internet service,No internet service,Month-to-month,Yes,Credit card (automatic),26.62,206.88,No
C7002873,Male,0,Yes,Yes,56,Yes,Yes,Fiber optic,Yes,No,Yes,No,Yes,No,One year,Yes,Electronic check,85.38,4765.5,No
C7002874,Male,0,No,Yes,63,Yes,Yes,No,No internet service,No internet service,No internet service,No internet service,No internet service,No internet service,Two year,Yes,Electronic check,27.88,1758.79,No
C7002875,Male,0,No,No,11,Yes,No,DSL,No,No,Yes,No,Yes,No,Month-to-month,Yes,Mailed check,60.78,690.66,Yes
C7002876,Male,1,Yes,No,56,Yes,No,No,No internet service,No internet service,No internet service,No internet service,No internet service,No internet service,One year,No,Bank transfer (automatic),23.84,1342.65,No
C7002877,Male,0,No,Yes,18,Yes,No,No,No internet service,No internet service,No internet service,No internet service,No internet service,No internet service,Month-to-month,No,Electronic check,26.2,451.66,No
C7002878,Female,0,No,No,10,Yes,Yes,DSL,No,No,Yes,No,No,Yes,One year,No,Electronic check,67.25,673.81,No
C7002879,Male,0,No,Yes,17,Yes,Yes,Fiber optic,No,Yes,No,No,Yes,No,One year,No,Bank transfer (automatic),84.35,1447.71,No
C7002880,Male,0,Yes,No,67,Yes,Yes,Fiber optic,No,No,Yes,Yes,No,No,Month-to-month,No,Credit card (automatic),84.33,5647.55,No
C7002881,Male,0,Yes,No,24,Yes,Yes,No,No internet service,No internet service,No internet service,No internet service,No internet service,No internet service,One year,Yes,Electronic check,28.97,697.94,No
C7002882,Female,1,Yes,No,54,Yes,No,DSL,Yes,Yes,Yes,No,Yes,Yes,Month-to-month,Yes,Mailed check,73.95,4046.62,No
C7002883,Male,0,No,No,35,Yes,Yes,Fiber optic,Yes,No,No,No,No,Yes,Two year,Yes,Electronic check,87.47,3089.5,No
C7002884,Female,0,No,Yes,31,Yes,No,Fiber optic,No,Yes,Yes,Yes,No,No,Month-to-month,Yes,Credit card (automatic),86.24,2673.63,No
C7002885,Male,0,No,No,59,Yes,Yes,DSL,Yes,Yes,No,Yes,No,Yes,Month-to-month,Yes,Electronic check,73.35,4338.75,No
C7002886,Male,0,No,No,72,Yes,No,No,No internet service,No internet service,No internet service,No internet service,No internet service,No internet service,Two year,No,Mailed check,29.13,2094.23,No
C7002887,Female,0,Yes,No,47,No,No phone service,Fiber optic,No,Yes,Yes,No,Yes,No,Month-to-month,Yes,Electronic check,84.67,3975.31,Yes
C7002888,Male,0,No,Yes,62,Yes,Yes,Fiber optic,Yes,Yes,Yes,Yes,Yes,Yes,One year,Yes,Mailed check,104.92,6519.87,No
C7002889,Male,0,Yes,Yes,10,Yes,No,No,No internet service,No internet service,No internet service,No internet service,No internet service,No internet service,Month-to-month,Yes,Credit card (automatic),21.63,230.8,No
C7002890,Male,0,Yes,Yes,65,Yes,No,No,No internet service,No internet service,No internet service,No internet service,No internet service,No internet service,Month-to-month,No,Bank transfer (automatic),23.35,1528.2,No
C7002891,Female,1,No,No,13,Yes,No,No,No internet service,No internet service,No internet service,No internet service,No internet service,No internet service,Two year,No,Electronic check,24.28,312.88,No
C7002892,Female,0,No,Yes,13,Yes,Yes,DSL,No,No,No,Yes,Yes,Yes,Month-to-month,Yes,Credit card (automatic),70.75,947.92,Yes
C7002893,Female,0,No,No,61,Yes,No,No,No internet service,No internet service,No internet service,No internet service,No internet service,No internet service,Month-to-month,Yes,Mailed check,29.68,1794.59,No
C7002894,Female,0,No,No,35,Yes,Yes,DSL,No,No,No,Yes,No,No,Two year,Yes,Bank transfer (automatic),64.47,2258.54,No
C7002895,Male,0,Yes,No,18,Yes,No,Fiber optic,Yes,No,Yes,Yes,Yes,Yes,One year,No,Mailed check,95.83,1708.28,No
C7002896,Female,0,Yes,No,1,Yes,Yes,No,No internet service,No internet service,No internet service,No internet service,No internet service,No internet service,Month-to-month,No,Electronic check,21.63,23.95,No
C7002897,Male,1,Yes,No,15,No,No phone service,DSL,No,Yes,No,Yes,Yes,No,Month-to-month,No,Credit card (automatic),56.22,839.53,Yes
C7002898,Female,0,No,No,60,Yes,No,DSL,No,No,No,No,No,No,Month-to-month,Yes,Credit card (automatic),45.91,2775.73,No
C7002899,Male,0,No,No,0,Yes,Yes,No,No internet service,No internet service,No internet service,No internet service,No internet service,No internet service,Month-to-month,Yes,Electronic check,33.7,0.0,No
C7002900,Male,0,Yes,No,67,Yes,Yes,DSL,No,No,No,Yes,Yes,Yes,Month-to-month,Yes,Electronic check,66.66,4487.83,No
C7002901,Female,0,Yes,No,56,Yes,No,DSL,Yes,No,No,No,No,Yes,Month-to-month,No,Mailed check,54.47,3048.24,No
C7002902,Male,0,No,No,14,Yes,No,DSL,Yes,Yes,Yes,No,Yes,Yes,Month-to-month,Yes,Credit card (automatic),80.33,1118.01,No
C7002903,Female,0,No,No,53,Yes,No,Fiber optic,No,Yes,No,Yes,No,Yes,Two year,Yes,Electronic check,83.57,4436.29,No
C7002904,Male,0,Yes,No,37,Yes,Yes,Fiber optic,Yes,No,No,Yes,No,No,Two year,Yes,Bank transfer (automatic),85.4,3128.96,No
C7002905,Female,0,Yes,No,25,Yes,Yes,Fiber optic,No,Yes,No,No,No,Yes,Month-to-month,Yes,Electronic check,85.9,2143.1,Yes
C7002906,Female,0,No,Yes,36,Yes,Yes,No,No internet service,No internet service,No internet service,No internet service,No internet service,No internet service,Month-to-month,No,Credit card (automatic),32.01,1156.35,No
C7002907,Male,0,No,Yes,0,No,No phone service,Fiber optic,No,No,No,No,Yes,No,One year,Yes,Bank transfer (automatic),65.06,0.0,No
C7002908,Female,1,Yes,No,64,Yes,No,Fiber optic,Yes,No,No,No,No,Yes,Month-to-month,Yes,Mailed check,75.97,4872.42,No
C7002909,Female,0,Yes,No,57,Yes,Yes,Fiber optic,No,Yes,No,Yes,Yes,Yes,Month-to-month,No,Mailed check,99.3,5633.77,No
C7002910,Female,0,No,Yes,13,Yes,Yes,No,No internet service,No internet service,No internet service,No internet service,No internet service,No internet service,Month-to-month,No,Bank transfer (automatic),26.76,338.46,No
C7002911,Male,0,No,No,7,Yes,Yes,DSL,Yes,No,Yes,Yes,No,Yes,Two year,Yes,Electronic check,74.48,505.21,No
C7002912,Female,0,Yes,No,30,Yes,No,No,No internet service,No internet service,No internet service,No internet service,No internet service,No internet service,Month-to-month,No,Credit card (automatic),30.23,914.51,No
C7002913,Female,0,No,No,33,Yes,Yes,DSL,Yes,No,Yes,No,Yes,Yes,Month-to-month,Yes,Bank transfer (automatic),79.86,2650.1,Yes
C7002914,Male,0,No,Yes,56,Yes,No,No,No internet service,No internet service,No internet service,No internet service,No internet service,No internet service,Month-to-month,No,Mailed check,26.54,1464.57,No
C7002915,Male,0,Yes,No,61,Yes,No,No,No internet service,No internet service,No internet service,No internet service,No internet service,No internet service,Month-to-month,Yes,Credit card (automatic),23.2,1433.3,No
C7002916,Male,0,Yes,Yes,4,Yes,Yes,DSL,No,No,No,No,Yes,No,One year,No,Bank transfer (automatic),61.0,231.23,No
C7002917,Female,0,No,No,17,Yes,No,DSL,No,No,No,Yes,Yes,Yes,Month-to-month,No,Credit card (automatic),61.82,1038.48,No
C7002918,Male,0,No,Yes,42,Yes,No,DSL,No,Yes,No,No,Yes,No,One year,No,Electronic check,62.03,2587.83,No
C7002919,Female,0,Yes,No,27,Yes,No,Fiber optic,No,Yes,No,No,No,No,Two year,No,Electronic check,76.99,2070.82,No
C7002920,Female,1,No,Yes,72,Yes,Yes,Fiber optic,No,No,No,Yes,No,Yes,Two year,No,Electronic check,81.22,5848.86,No
C7002921,Male,0,Yes,Yes,48,No,No phone service,DSL,Yes,Yes,Yes,No,Yes,No,One year,Yes,Credit card (automatic),73.86,3563.87,No
C7002922,Male,0,No,No,23,Yes,Yes,DSL,Yes,No,No,No,No,Yes,Month-to-month,No,Bank transfer (automatic),67.02,1522.85,No
C7002923,Female,0,Yes,No,49,Yes,Yes,Fiber optic,No,Yes,No,No,Yes,Yes,Two year,No,Credit card (automatic),88.0,4294.11,No
C7002924,Male,0,Yes,Yes,31,Yes,Yes,DSL,Yes,No,No,No,Yes,Yes,Two year,Yes,Electronic check,74.59,2326.44,Yes
C7002925,Female,0,Yes,No,33,Yes,No,Fiber optic,Yes,Yes,Yes,No,No,No,Month-to-month,Yes,Mailed check,85.14,2805.37,No
C7002926,Female,0,No,Yes,52,Yes,Yes,DSL,Yes,Yes,Yes,Yes,Yes,Yes,One year,No,Electronic check,84.71,4395.36,No
C7002927,Female,0,No,Yes,31,Yes,Yes,DSL,Yes,Yes,No,No,Yes,Yes,Month-to-month,Yes,Credit card (automatic),73.14,2271.42,No
C7002928,Male,0,No,Yes,50,Yes,No,DSL,No,Yes,No,No,Yes,No,One year,No,Credit card (automatic),62.76,3130.36,No
C7002929,Female,1,Yes,No,30,Yes,No,DSL,Yes,No,No,Yes,Yes,No,Two year,Yes,Credit card (automatic),69.51,2071.89,No
C7002930,Female,0,No,No,43,Yes,Yes,DSL,Yes,Yes,Yes,No,Yes,No,Month-to-month,Yes,Electronic check,74.5,3199.54,No
C7002931,Male,0,No,Yes,35,Yes,No,DSL,No,Yes,No,Yes,No,No,Month-to-month,Yes,Mailed check,60.46,2120.19,No
C7002932,Female,0,No,No,41,Yes,Yes,DSL,Yes,No,No,No,No,Yes,Month-to-month,No,Credit card (automatic),62.73,2555.73,No
C7002933,Female,0,Yes,Yes,25,Yes,No,Fiber optic,Yes,No,No,No,No,Yes,Month-to-month,Yes,Bank transfer (automatic),79.07,1992.35,Yes
C7002934,Female,1,No,Yes,8,Yes,Yes,Fiber optic,No,No,No,Yes,No,Yes,Month-to-month,Yes,Electronic check,87.03,694.31,Yes
C7002935,Male,0,Yes,No,18,Yes,No,Fiber optic,No,Yes,Yes,No,No,No,Two year,Yes,Credit card (automatic),82.97,1491.13,No
C7002936,Male,0,Yes,No,25,Yes,No,No,No internet service,No internet service,No internet service,No internet service,No internet service,No internet service,Month-to-month,Yes,Mailed check,24.56,605.6,No
C7002937,Male,0,No,No,23,Yes,No,Fiber optic,Yes,No,Yes,No,Yes,No,Month-to-month,No,Electronic check,84.43,1936.08,Yes
C7002938,Male,0,Yes,Yes,30,No,No phone service,DSL,No,Yes,Yes,Yes,No,No,Month-to-month,Yes,Mailed check,59.9,1785.92,No
C7002939,Male,1,Yes,Yes,34,Yes,No,Fiber optic,No,No,Yes,No,No,No,Month-to-month,Yes,Electronic check,73.2,2506.06,No
C7002940,Female,0,No,No,18,Yes,No,Fiber optic,No,No,No,Yes,Yes,No,Month-to-month,Yes,Electronic check,82.43,1486.32,Yes
C7002941,Male,0,Yes,No,27,Yes,No,Fiber optic,No,No,Yes,Yes,No,Yes,Two year,No,Mailed check,85.9,2312.22,No
C7002942,Female,1,No,No,20,Yes,Yes,DSL,Yes,No,No,No,No,No,Month-to-month,No,Credit card (automatic),61.48,1217.05,Yes
C7002943,Male,0,No,Yes,42,Yes,No,No,No internet service,No internet service,No internet service,No internet service,No internet service,No internet service,Month-to-month,Yes,Electronic check,21.87,911.67,Yes
C7002944,Male,0,No,No,34,No,No phone service,DSL,No,Yes,Yes,No,No,Yes,Two year,No,Mailed check,62.97,2148.41,No
C7002945,Male,0,Yes,Yes,46,Yes,No,Fiber optic,No,No,No,No,Yes,Yes,Two year,Yes,Bank transfer (automatic),77.95,3580.43,No
C7002946,Male,0,No,No,31,Yes,Yes,Fiber optic,No,Yes,No,No,No,No,One year,No,Credit card (automatic),78.84,2440.75,No
C7002947,Female,0,No,No,72,Yes,No,No,No internet service,No internet service,No internet service,No internet service,No internet service,No internet service,Month-to-month,No,Bank transfer (automatic),22.38,1613.22,No
C7002948,Female,0,Yes,Yes,35,Yes,Yes,No,No internet service,No internet service,No internet service,No internet service,No internet service,No internet service,Two year,No,Mailed check,28.22,979.35,No
C7002949,Female,0,No,No,44,Yes,Yes,No,No internet service,No internet service,No internet service,No internet service,No internet service,No internet service,Month-to-month,Yes,Mailed check,29.56,1299.13,No
C7002950,Male,0,No,No,32,No,No phone service,Fiber optic,Yes,Yes,No,No,No,Yes,Month-to-month,Yes,Mailed check,79.22,2565.9,No
C7002951,Female,0,Yes,No,53,Yes,Yes,Fiber optic,No,Yes,No,No,No,Yes,Two year,Yes,Bank transfer (automatic),83.29,4417.17,No
C7002952,Male,0,Yes,No,40,Yes,Yes,DSL,Yes,Yes,No,Yes,Yes,Yes,One year,Yes,Credit card (automatic),84.24,3372.94,No
C7002953,Female,0,No,No,7,Yes,No,Fiber optic,Yes,No,No,Yes,Yes,Yes,Month-to-month,No,Mailed check,92.49,636.41,No
C7002954,Female,0,Yes,Yes,53,Yes,No,No,No internet service,No internet service,No internet service,No internet service,No internet service,No internet service,Month-to-month,No,Electronic check,26.82,1434.48,No
C7002955,Male,0,No,No,55,Yes,Yes,DSL,No,No,No,No,Yes,No,Month-to-month,No,Mailed check,63.52,3483.94,No
C7002956,Male,0,Yes,No,29,No,No phone service,DSL,No,No,No,Yes,Yes,No,Two year,Yes,Bank transfer (automatic),53.81,1565.43,No
C7002957,Male,0,Yes,No,37,Yes,No,No,No internet service,No internet service,No internet service,No internet service,No internet service,No internet service,Two year,Yes,Electronic check,25.76,922.05,No
C7002958,Male,0,No,No,0,Yes,No,DSL,No,No,No,Yes,No,Yes,Two year,No,Bank transfer (automatic),60.03,0.0,No
C7002959,Female,0,No,Yes,63,Yes,No,DSL,No,Yes,Yes,No,Yes,Yes,Month-to-month,Yes,Credit card (automatic),64.3,4042.56,No
C7002960,Female,0,Yes,Yes,56,Yes,No,No,No internet service,No internet service,No internet service,No internet service,No internet service,No internet service,Two year,No,Bank transfer (automatic),27.22,1519.72,No
C7002961,Female,0,No,Yes,70,Yes,No,Fiber optic,Yes,No,No,Yes,No,No,Month-to-month,Yes,Credit card (automatic),78.94,5519.6,No
C7002962,Male,0,Yes,No,43,Yes,No,No,No internet service,No internet service,No internet service,No internet service,No internet service,No internet service,Month-to-month,Yes,Electronic check,25.33,1107.39,No
C7002963,Female,0,Yes,No,16,No,No phone service,DSL,No,Yes,No,No,Yes,Yes,Two year,Yes,Mailed check,58.04,927.64,No
C7002964,Male,1,No,No,21,Yes,No,DSL,No,Yes,No,No,Yes,No,Two year,Yes,Electronic check,59.83,1274.76,No
C7002965,Female,0,Yes,No,67,Yes,No,DSL,No,Yes,No,Yes,Yes,Yes,Two year,No,Bank transfer (automatic),77.53,5180.46,No
C7002966,Male,0,No,No,3,Yes,Yes,DSL,Yes,Yes,No,No,Yes,Yes,Month-to-month,No,Bank transfer (automatic),67.55,184.4,No
C7002967,Male,0,Yes,No,49,Yes,Yes,Fiber optic,No,Yes,Yes,No,No,No,Two year,Yes,Electronic check,87.76,4322.68,Yes
C7002968,Female,0,No,No,4,Yes,No,Fiber optic,Yes,Yes,No,No,Yes,No,One year,Yes,Electronic check,91.11,350.87,No
C7002969,Male,0,Yes,No,53,Yes,Yes,Fiber optic,No,No,No,No,Yes,No,One year,No,Credit card (automatic),74.29,3941.63,No
C7002970,Male,0,No,No,42,Yes,No,Fiber optic,No,No,No,Yes,No,No,Month-to-month,Yes,Credit card (automatic),73.01,3062.53,Yes
C7002971,Female,1,No,No,34,Yes,Yes,DSL,No,No,No,No,No,Yes,Month-to-month,Yes,Electronic check,61.71,2081.12,Yes
C7002972,Male,0,Yes,No,51,Yes,Yes,Fiber optic,No,No,Yes,Yes,No,Yes,Month-to-month,Yes,Mailed check,88.77,4506.74,No
C7002973,Female,0,Yes,No,25,Yes,Yes,DSL,Yes,No,No,Yes,Yes,Yes,One year,Yes,Electronic check,73.14,1816.14,No
C7002974,Female,0,No,No,41,Yes,No,DSL,No,Yes,Yes,No,Yes,No,Two year,No,Electronic check,67.08,2743.72,No
C7002975,Female,0,Yes,No,58,Yes,No,No,No internet service,No internet service,No internet service,No internet service,No internet service,No internet service,One year,Yes,Electronic check,18.0,1050.19,No
C7002976,Female,0,No,No,33,Yes,No,No,No internet service,No internet service,No internet service,No internet service,No internet service,No internet service,One year,No,Mailed check,27.28,901.29,No
C7002977,Female,0,No,Yes,1,Yes,Yes,DSL,Yes,No,No,No,Yes,No,Month-to-month,Yes,Electronic check,67.41,62.3,Yes
C7002978,Female,0,No,No,72,Yes,No,DSL,Yes,Yes,Yes,Yes,No,No,Month-to-month,No,Credit card (automatic),73.33,5295.27,No
C7002979,Female,0,Yes,No,39,Yes,Yes,Fiber optic,Yes,Yes,No,Yes,No,Yes,Two year,Yes,Electronic check,96.55,3785.29,No
C7002980,Female,1,Yes,Yes,31,Yes,Yes,Fiber optic,Yes,No,No,No,No,No,Month-to-month,Yes,Bank transfer (automatic),82.62,2563.58,Yes
C7002981,Male,0,Yes,No,5,Yes,Yes,No,No internet service,No internet service,No internet service,No internet service,No internet service,No internet service,One year,Yes,Electronic check,30.03,142.97,No
C7002982,Male,0,Yes,Yes,6,No,No phone service,Fiber optic,Yes,Yes,No,No,Yes,Yes,Month-to-month,Yes,Credit card (automatic),79.72,478.08,No
C7002983,Female,1,Yes,No,18,Yes,No,DSL,No,Yes,Yes,No,Yes,No,One year,Yes,Electronic check,63.57,1148.1,No
C7002984,Male,0,No,Yes,67,Yes,No,Fiber optic,Yes,No,No,Yes,Yes,No,Month-to-month,No,Credit card (automatic),84.34,5628.93,No
C7002985,Male,1,Yes,Yes,52,Yes,Yes,DSL,No,Yes,Yes,No,Yes,Yes,Month-to-month,Yes,Electronic check,74.25,3859.98,No
C7002986,Male,0,Yes,No,30,Yes,No,Fiber optic,No,No,No,Yes,Yes,Yes,Month-to-month,No,Credit card (automatic),82.82,2485.12,No
C7002987,Female,0,Yes,Yes,55,Yes,Yes,Fiber optic,No,Yes,Yes,Yes,No,No,Two year,No,Mailed check,88.51,4853.04,No
C7002988,Male,0,Yes,No,28,Yes,Yes,No,No internet service,No internet service,No internet service,No internet service,No internet service,No internet service,Month-to-month,Yes,Electronic check,31.98,887.09,No
C7002989,Female,0,No,No,64,Yes,No,DSL,Yes,No,Yes,Yes,No,No,Two year,No,Electronic check,65.76,4197.37,No
C7002990,Female,0,Yes,No,23,Yes,No,Fiber optic,Yes,No,Yes,Yes,No,Yes,Month-to-month,No,Bank transfer (automatic),87.38,2027.88,No
C7002991,Female,1,No,Yes,52,Yes,No,DSL,Yes,No,No,Yes,Yes,No,Two year,Yes,Mailed check,66.89,3459.87,No
C7002992,Male,1,No,Yes,31,Yes,Yes,No,No internet service,No internet service,No internet service,No internet service,No internet service,No internet service,Month-to-month,No,Credit card (automatic),30.52,951.8,Yes
C7002993,Female,1,Yes,Yes,49,Yes,Yes,DSL,No,No,No,Yes,Yes,Yes,Two year,Yes,Mailed check,65.47,3232.43,No
C7002994,Female,0,No,No,13,Yes,No,DSL,No,No,No,Yes,No,Yes,Month-to-month,Yes,Credit card (automatic),60.38,783.53,No
C7002995,Male,0,Yes,No,68,Yes,No,DSL,No,Yes,Yes,Yes,No,Yes,Month-to-month,Yes,Electronic check,71.65,4893.03,No
C7002996,Female,0,Yes,Yes,20,Yes,No,No,No internet service,No internet service,No internet service,No internet service,No internet service,No internet service,One year,Yes,Electronic check,22.39,449.32,No
C7002997,Male,0,No,Yes,39,Yes,Yes,DSL,Yes,No,No,No,No,No,Two year,No,Mailed check,60.39,2362.5,No
C7002998,Female,0,No,Yes,50,Yes,Yes,Fiber optic,No,No,No,Yes,Yes,No,Two year,Yes,Electronic check,81.93,4075.78,No
C7002999,Male,0,Yes,Yes,47,Yes,No,DSL,Yes,Yes,No,No,No,No,Two year,Yes,Electronic check,57.93,2741.95,No
C7003000,Female,0,No,Yes,40,Yes,No,Fiber optic,No,No,No,Yes,No,Yes,Two year,Yes,Electronic check,80.95,3233.5,No
C7003001,Female,0,Yes,No,63,Yes,No,No,No internet service,No internet service,No internet service,No internet service,No internet service,No internet service,Two year,No,Credit card (automatic),29.26,1842.3,No
C7003002,Male,0,No,Yes,70,Yes,No,DSL,No,Yes,No,Yes,Yes,No,One year,Yes,Bank transfer (automatic),66.47,4647.59,No
C7003003,Female,0,No,No,55,Yes,No,Fiber optic,No,No,No,Yes,No,Yes,Month-to-month,No,Electronic check,77.6,4256.62,No
C7003004,Male,0,Yes,Yes,13,Yes,No,Fiber optic,No,Yes,Yes,Yes,Yes,Yes,Month-to-month,No,Electronic check,96.66,1268.78,Yes
C7003005,Female,1,No,No,56,Yes,Yes,Fiber optic,No,No,Yes,No,Yes,No,Month-to-month,Yes,Credit card (automatic),84.57,4730.31,Yes
C7003006,Female,0,No,No,36,No,No phone service,DSL,No,No,Yes,Yes,Yes,Yes,Two year,No,Mailed check,68.13,2440.74,No
C7003007,Male,0,Yes,Yes,39,No,No phone service,DSL,Yes,No,No,No,No,No,Month-to-month,Yes,Electronic check,50.75,1968.17,Yes
C7003008,Male,0,No,No,68,Yes,No,No,No internet service,No internet service,No internet service,No internet service,No internet service,No internet service,Two year,No,Mailed check,21.58,1453.17,No
C7003009,Female,0,No,Yes,38,Yes,Yes,Fiber optic,No,No,Yes,Yes,No,No,Two year,Yes,Credit card (automatic),85.0,3252.47,No
C7003010,Male,0,Yes,No,62,Yes,Yes,DSL,Yes,No,No,Yes,No,Yes,Month-to-month,No,Bank transfer (automatic),69.88,4334.48,No
C7003011,Female,0,No,No,47,Yes,No,DSL,No,No,No,Yes,No,No,Month-to-month,Yes,Bank transfer (automatic),49.35,2307.48,Yes
C7003012,Female,0,No,No,6,Yes,No,Fiber optic,Yes,No,No,No,No,Yes,One year,No,Bank transfer (automatic),80.97,473.51,No
C7003013,Female,0,No,No,51,Yes,Yes,No,No internet service,No internet service,No internet service,No internet service,No internet service,No internet service,Month-to-month,Yes,Credit card (automatic),37.11,1908.12,No
C7003014,Male,0,Yes,Yes,36,Yes,Yes,No,No internet service,No internet service,No internet service,No internet service,No internet service,No internet service,One year,Yes,Bank transfer (automatic),28.37,1025.34,No
C7003015,Female,0,No,No,39,Yes,No,Fiber optic,No,Yes,No,Yes,No,No,Month-to-month,Yes,Bank transfer (automatic),71.43,2763.38,No
C7003016,Female,1,No,No,22,Yes,No,No,No internet service,No internet service,No internet service,No internet service,No internet service,No internet service,Month-to-month,No,Mailed check,23.58,473.88,No
C7003017,Male,1,No,No,13,No,No phone service,Fiber optic,Yes,No,Yes,Yes,Yes,No,Month-to-month,Yes,Bank transfer (automatic),92.05,1198.78,No
C7003018,Male,0,Yes,No,54,Yes,No,Fiber optic,No,Yes,No,No,Yes,No,Two year,No,Bank transfer (automatic),76.8,4167.74,No
C7003019,Male,0,No,Yes,18,Yes,No,Fiber optic,No,No,Yes,No,No,Yes,Two year,No,Mailed check,83.62,1493.46,No
C7003020,Male,0,No,No,6,Yes,No,No,No internet service,No internet service,No internet service,No internet service,No internet service,No internet service,Month-to-month,Yes,Credit card (automatic),22.78,145.84,Yes
C7003021,Female,0,Yes,No,35,Yes,No,DSL,Yes,No,No,Yes,Yes,No,Month-to-month,No,Electronic check,65.91,2333.54,No
C7003022,Male,1,Yes,Yes,51,No,No phone service,Fiber optic,No,Yes,Yes,Yes,No,Yes,One year,Yes,Credit card (automatic),84.8,4305.19,No
C7003023,Female,0,No,No,14,Yes,Yes,Fiber optic,Yes,No,Yes,No,No,Yes,Two year,Yes,Electronic check,87.17,1205.87,Yes
C7003024,Male,1,No,No,26,Yes,Yes,DSL,No,Yes,No,No,Yes,Yes,Two year,No,Credit card (automatic),67.11,1739.59,No
C7003025,Male,0,No,No,30,Yes,No,No,No internet service,No internet service,No internet service,No internet service,No internet service,No internet service,Two year,Yes,Mailed check,28.34,855.92,No
C7003026,Male,0,Yes,Yes,67,Yes,Yes,No,No internet service,No internet service,No internet service,No internet service,No internet service,No internet service,Month-to-month,Yes,Bank transfer (automatic),33.99,2282.45,No
C7003027,Female,0,No,No,10,Yes,No,Fiber optic,No,No,No,No,No,No,Month-to-month,Yes,Electronic check,71.02,708.36,No
C7003028,Female,1,Yes,Yes,67,Yes,Yes,No,No internet service,No internet service,No internet service,No internet service,No internet service,No internet service,Month-to-month,No,Mailed check,27.34,1870.43,No
C7003029,Male,0,No,No,10,Yes,No,DSL,Yes,No,Yes,No,Yes,No,Month-to-month,Yes,Mailed check,64.7,659.32,No
C7003030,Female,0,Yes,No,42,Yes,Yes,No,No internet service,No internet service,No internet service,No internet service,No internet service,No internet service,Month-to-month,No,Credit card (automatic),29.36,1228.05,No
C7003031,Male,0,Yes,Yes,61,Yes,Yes,DSL,Yes,No,Yes,Yes,Yes,Yes,Month-to-month,Yes,Bank transfer (automatic),81.36,4960.13,No
C7003032,Male,0,No,Yes,66,Yes,Yes,DSL,No,Yes,No,No,No,Yes,Two year,No,Mailed check,64.71,4265.28,No
C7003033,Male,0,No,Yes,39,Yes,No,Fiber optic,No,Yes,Yes,Yes,No,Yes,One year,No,Credit card (automatic),88.39,3465.98,No
C7003034,Female,0,Yes,No,35,Yes,Yes,Fiber optic,No,No,Yes,No,No,No,Two year,No,Bank transfer (automatic),78.45,2723.0,Yes
C7003035,Female,0,Yes,No,56,Yes,Yes,Fiber optic,Yes,No,No,No,No,Yes,Two year,No,Credit card (automatic),84.54,4730.68,No
C7003036,Female,0,No,Yes,66,Yes,No,Fiber optic,No,Yes,Yes,No,Yes,Yes,Month-to-month,Yes,Electronic check,94.42,6203.41,Yes
C7003037,Male,0,No,No,0,Yes,No,No,No internet service,No internet service,No internet service,No internet service,No internet service,No internet service,Month-to-month,Yes,Mailed check,30.36,0.0,No
C7003038,Male,0,Yes,No,19,Yes,No,Fiber optic,Yes,Yes,Yes,No,No,Yes,Month-to-month,No,Bank transfer (automatic),91.44,1745.02,Yes
C7003039,Female,0,No,Yes,20,Yes,No,No,No internet service,No internet service,No internet service,No internet service,No internet service,No internet service,Two year,Yes,Credit card (automatic),25.76,493.78,No
C7003040,Male,1,Yes,No,60,Yes,No,DSL,Yes,No,No,Yes,No,Yes,Month-to-month,No,Bank transfer (automatic),62.58,3730.82,No
C7003041,Female,0,No,No,1,Yes,Yes,No,No internet service,No internet service,No internet service,No internet service,No internet service,No internet service,One year,Yes,Mailed check,29.16,29.5,No
C7003042,Female,0,Yes,No,9,Yes,Yes,No,No internet service,No internet service,No internet service,No internet service,No internet service,No internet service,Month-to-month,No,Electronic check,30.1,276.17,No
C7003043,Male,0,Yes,No,0,Yes,Yes,No,No internet service,No internet service,No internet service,No internet service,No internet service,No internet service,Month-to-month,Yes,Bank transfer (automatic),32.91,0.0,No
C7003044,Female,0,No,Yes,69,Yes,Yes,Fiber optic,No,No,No,Yes,No,No,Two year,No,Bank transfer (automatic),79.34,5470.39,No
C7003045,Female,0,Yes,Yes,2,Yes,No,No,No internet service,No internet service,No internet service,No internet service,No internet service,No internet service,Month-to-month,Yes,Credit card (automatic),22.94,55.81,No
C7003046,Male,0,No,Yes,19,No,No phone service,DSL,No,No,No,Yes,Yes,No,One year,No,Mailed check,54.65,1045.58,No
C7003047,Female,0,Yes,Yes,38,Yes,No,DSL,No,No,No,Yes,No,Yes,Month-to-month,No,Electronic check,62.99,2387.38,No
C7003048,Female,0,Yes,No,25,Yes,Yes,Fiber optic,No,No,No,No,No,No,Month-to-month,Yes,Electronic check,77.05,1915.85,Yes
C7003049,Male,0,No,No,6,Yes,No,No,No internet service,No internet service,No internet service,No internet service,No internet service,No internet service,One year,Yes,Credit card (automatic),25.98,118.72,No
C7003050,Female,0,No,No,30,Yes,Yes,No,No internet service,No internet service,No internet service,No internet service,No internet service,No internet service,Month-to-month,No,Electronic check,30.07,890.59,No
C7003051,Male,1,Yes,No,58,Yes,Yes,Fiber optic,No,Yes,No,Yes,No,Yes,Month-to-month,No,Mailed check,88.13,5116.45,No
C7003052,Female,0,No,No,21,Yes,Yes,Fiber optic,Yes,Yes,Yes,No,Yes,Yes,One year,No,Mailed check,99.4,2086.74,No
C7003053,Female,0,Yes,Yes,37,Yes,No,Fiber optic,No,Yes,Yes,Yes,No,Yes,Two year,No,Electronic check,88.55,3287.6,No
C7003054,Female,1,No,No,34,Yes,No,DSL,No,Yes,No,No,No,No,Month-to-month,Yes,Credit card (automatic),52.63,1817.59,No
C7003055,Male,0,Yes,Yes,17,Yes,No,Fiber optic,No,Yes,Yes,No,Yes,No,Month-to-month,No,Electronic check,83.01,1411.17,No
C7003056,Female,0,No,Yes,0,No,No phone service,DSL,No,Yes,Yes,No,No,No,One year,Yes,Mailed check,54.5,0.0,No
C7003057,Male,1,Yes,No,61,Yes,No,Fiber optic,No,No,Yes,Yes,No,No,Two year,Yes,Mailed check,81.39,4957.23,No
C7003058,Male,0,No,No,72,Yes,Yes,DSL,Yes,No,No,No,No,Yes,One year,No,Electronic check,65.22,4713.14,No
C7003059,Male,1,No,No,37,Yes,No,DSL,Yes,Yes,No,No,No,No,Month-to-month,No,Bank transfer (automatic),59.66,2225.66,Yes
C7003060,Female,0,No,Yes,60,No,No phone service,Fiber optic,No,No,No,No,Yes,No,Month-to-month,Yes,Mailed check,71.09,4240.56,Yes
C7003061,Male,0,Yes,No,25,Yes,Yes,Fiber optic,No,Yes,No,No,No,No,Month-to-month,Yes,Electronic check,76.63,1902.77,Yes
C7003062,Male,0,Yes,Yes,68,Yes,No,No,No internet service,No internet service,No internet service,No internet service,No internet service,No internet service,Two year,Yes,Bank transfer (automatic),18.94,1284.74,No
C7003063,Female,0,Yes,No,41,Yes,Yes,Fiber optic,No,No,Yes,No,No,Yes,Month-to-month,Yes,Electronic check,80.79,3326.07,No
C7003064,Male,1,No,No,58,Yes,No,DSL,Yes,Yes,No,No,No,Yes,One year,Yes,Credit card (automatic),66.65,3852.26,No
C7003065,Male,1,Yes,No,49,Yes,Yes,Fiber optic,No,Yes,Yes,No,No,No,One year,No,Electronic check,90.19,4428.08,No
C7003066,Male,0,No,No,67,Yes,Yes,DSL,Yes,Yes,Yes,Yes,Yes,Yes,Two year,Yes,Mailed check,84.07,5591.54,No
C7003067,Male,0,Yes,No,40,Yes,Yes,Fiber optic,No,No,Yes,No,Yes,Yes,Month-to-month,No,Electronic check,91.65,3663.64,Yes
C7003068,Female,0,No,No,61,Yes,No,Fiber optic,No,No,No,No,No,No,One year,No,Bank transfer (automatic),65.52,3978.78,No
C7003069,Male,0,No,Yes,68,Yes,Yes,DSL,Yes,No,No,Yes,No,Yes,One year,No,Credit card (automatic),65.7,4463.23,No
C7003070,Male,1,No,Yes,55,Yes,No,Fiber optic,No,Yes,Yes,No,No,No,Two year,Yes,Electronic check,79.95,4374.12,No
C7003071,Female,0,No,No,25,Yes,Yes,No,No internet service,No internet service,No internet service,No internet service,No internet service,No internet service,Two year,Yes,Electronic check,34.46,861.84,No
C7003072,Female,0,No,No,6,Yes,Yes,DSL,No,Yes,No,Yes,Yes,Yes,One year,No,Mailed check,75.16,459.25,Yes
C7003073,Female,1,No,No,29,No,No phone service,No,No internet service,No internet service,No internet service,No internet service,No internet service,No internet service,One year,Yes,Electronic check,18.0,525.19,No
C7003074,Female,0,No,Yes,50,Yes,No,Fiber optic,No,No,Yes,Yes,No,No,Month-to-month,Yes,Electronic check,78.57,3945.25,Yes
C7003075,Female,0,No,Yes,62,Yes,Yes,DSL,No,Yes,No,Yes,Yes,Yes,Month-to-month,Yes,Bank transfer (automatic),71.09,4409.39,No
C7003076,Male,0,Yes,No,56,Yes,Yes,Fiber optic,No,Yes,Yes,Yes,No,Yes,One year,Yes,Bank transfer (automatic),95.97,5376.72,No
C7003077,Female,0,Yes,No,46,Yes,Yes,Fiber optic,No,Yes,No,Yes,No,Yes,Two year,No,Bank transfer (automatic),87.17,4000.92,No
C7003078,Female,0,No,No,39,Yes,No,Fiber optic,No,No,Yes,No,No,Yes,Month-to-month,No,Bank transfer (automatic),83.21,3251.37,No
C7003079,Male,0,No,Yes,70,Yes,Yes,DSL,No,No,No,Yes,Yes,No,Month-to-month,Yes,Credit card (automatic),62.1,4339.08,No
C7003080,Male,0,Yes,Yes,17,No,No phone service,No,No internet service,No internet service,No internet service,No internet service,No internet service,No internet service,Two year,Yes,Bank transfer (automatic),18.0,301.15,No
C7003081,Male,0,Yes,No,57,No,No phone service,No,No internet service,No internet service,No internet service,No internet service,No internet service,No internet service,Month-to-month,No,Bank transfer (automatic),24.94,1437.67,No
C7003082,Female,0,No,No,40,Yes,No,Fiber optic,No,Yes,No,No,Yes,Yes,One year,Yes,Credit card (automatic),80.71,3253.99,No
C7003083,Female,0,Yes,Yes,37,Yes,Yes,Fiber optic,No,Yes,No,No,No,Yes,Month-to-month,Yes,Credit card (automatic),88.58,3272.42,No
C7003084,Female,1,No,No,29,Yes,Yes,Fiber optic,No,No,No,No,No,Yes,Two year,Yes,Credit card (automatic),77.29,2247.35,No
C7003085,Male,0,No,No,46,Yes,Yes,Fiber optic,Yes,No,No,No,No,No,Two year,Yes,Bank transfer (automatic),76.92,3526.9,No
C7003086,Male,0,Yes,Yes,72,Yes,No,Fiber optic,No,No,No,No,No,Yes,One year,No,Electronic check,77.66,5581.74,Yes
C7003087,Male,1,Yes,No,29,No,No phone service,DSL,Yes,Yes,Yes,Yes,No,No,Month-to-month,No,Mailed check,65.1,1850.91,No
C7003088,Female,0,Yes,No,8,Yes,Yes,Fiber optic,Yes,No,No,Yes,No,No,One year,No,Mailed check,81.81,662.92,No
C7003089,Female,0,Yes,Yes,9,Yes,No,DSL,No,Yes,No,Yes,No,Yes,Month-to-month,Yes,Bank transfer (automatic),63.28,562.68,Yes
C7003090,Female,1,No,No,12,Yes,Yes,No,No internet service,No internet service,No internet service,No internet service,No internet service,No internet service,Month-to-month,No,Bank transfer (automatic),25.19,327.29,No
C7003091,Female,0,No,Yes,29,Yes,Yes,DSL,No,Yes,Yes,No,Yes,Yes,One year,No,Mailed check,70.51,2033.74,No
C7003092,Female,0,No,No,0,Yes,No,Fiber optic,No,Yes,Yes,No,Yes,Yes,Month-to-month,No,Electronic check,90.85,0.0,Yes
C7003093,Female,0,Yes,No,20,Yes,Yes,DSL,No,No,No,Yes,No,No,Month-to-month,No,Electronic check,57.56,1162.25,No
C7003094,Male,0,No,No,50,Yes,Yes,No,No internet service,No internet service,No internet service,No internet service,No internet service,No internet service,Month-to-month,Yes,Electronic check,34.17,1746.0,No
C7003095,Male,0,Yes,No,49,Yes,No,Fiber optic,No,Yes,Yes,No,No,Yes,Two year,Yes,Credit card (automatic),82.59,4033.96,No
C7003096,Male,0,No,No,48,Yes,No,Fiber optic,No,No,Yes,Yes,No,Yes,One year,No,Electronic check,81.51,3905.35,No
C7003097,Male,0,Yes,No,48,Yes,Yes,DSL,No,No,No,No,Yes,No,Month-to-month,No,Mailed check,59.31,2849.3,No
C7003098,Male,0,No,No,5,No,No phone service,Fiber optic,Yes,No,Yes,Yes,No,No,Month-to-month,Yes,Electronic check,78.27,386.58,Yes
C7003099,Male,0,No,Yes,68,Yes,No,Fiber optic,No,Yes,Yes,No,No,Yes,Month-to-month,Yes,Mailed check,83.59,5694.52,No
C7003100,Female,0,Yes,No,21,Yes,No,No,No internet service,No internet service,No internet service,No internet service,No internet service,No internet service,Two year,Yes,Electronic check,22.1,466.57,No
C7003101,Male,0,No,Yes,5,Yes,Yes,No,No internet service,No internet service,No internet service,No internet service,No internet service,No internet service,Month-to-month,Yes,Mailed check,30.4,170.83,No
C7003102,Female,1,Yes,No,59,Yes,Yes,Fiber optic,No,Yes,No,Yes,No,No,One year,No,Bank transfer (automatic),84.17,4962.24,No
C7003103,Female,0,Yes,No,34,Yes,No,DSL,Yes,Yes,No,No,No,No,Two year,Yes,Bank transfer (automatic),63.31,2165.35,No
C7003104,Female,0,No,No,25,Yes,No,DSL,Yes,No,Yes,No,No,No,Month-to-month,No,Electronic check,66.2,1654.57,No
C7003105,Female,0,No,No,29,Yes,Yes,Fiber optic,Yes,Yes,Yes,Yes,No,Yes,Two year,Yes,Credit card (automatic),97.97,2849.66,No
C7003106,Male,0,Yes,No,42,Yes,No,Fiber optic,No,No,Yes,No,Yes,Yes,One year,Yes,Electronic check,84.49,3552.02,No
C7003107,Female,0,Yes,No,38,Yes,Yes,Fiber optic,Yes,No,No,Yes,Yes,Yes,One year,Yes,Electronic check,102.23,3883.74,No
C7003108,Male,1,Yes,No,1,Yes,No,Fiber optic,Yes,Yes,No,No,No,Yes,Month-to-month,Yes,Bank transfer (automatic),79.83,68.79,Yes
C7003109,Female,0,No,No,8,Yes,No,Fiber optic,Yes,Yes,Yes,No,Yes,No,Month-to-month,Yes,Credit card (automatic),94.53,768.97,No
C7003110,Male,0,No,Yes,69,Yes,No,Fiber optic,No,Yes,No,No,Yes,No,Month-to-month,Yes,Mailed check,82.05,5645.76,Yes
C7003111,Male,0,Yes,No,35,No,No phone service,Fiber optic,Yes,No,No,Yes,Yes,No,Month-to-month,No,Credit card (automatic),74.71,2624.46,Yes
C7003112,Female,0,Yes,Yes,72,Yes,No,No,No internet service,No internet service,No internet service,No internet service,No internet service,No internet service,One year,Yes,Electronic check,23.27,1684.66,No
C7003113,Female,0,No,Yes,47,Yes,Yes,DSL,Yes,Yes,Yes,Yes,Yes,No,One year,No,Electronic check,85.68,4060.04,No
C7003114,Male,0,No,Yes,53,Yes,Yes,DSL,Yes,Yes,No,No,Yes,No,One year,Yes,Mailed check,71.25,3788.98,No
C7003115,Female,0,Yes,No,22,Yes,Yes,DSL,No,No,No,No,No,Yes,Month-to-month,No,Mailed check,58.1,1250.15,No
C7003116,Male,0,No,No,61,Yes,No,DSL,No,Yes,No,No,Yes,Yes,Month-to-month,No,Bank transfer (automatic),61.86,3759.11,No
C7003117,Female,0,Yes,No,47,Yes,No,Fiber optic,No,Yes,No,No,Yes,No,Two year,Yes,Mailed check,74.76,3513.39,No
C7003118,Male,0,Yes,No,54,Yes,Yes,No,No internet service,No internet service,No internet service,No internet service,No internet service,No internet service,Month-to-month,No,Credit card (automatic),30.78,1655.97,No
C7003119,Male,0,No,No,19,Yes,Yes,Fiber optic,No,No,No,No,Yes,No,Month-to-month,Yes,Electronic check,83.4,1589.95,Yes
C7003120,Male,0,No,Yes,42,Yes,No,No,No internet service,No internet service,No internet service,No internet service,No internet service,No internet service,Month-to-month,Yes,Electronic check,26.71,1103.01,No
C7003121,Male,0,Yes,No,26,Yes,No,DSL,Yes,Yes,No,No,No,No,One year,Yes,Bank transfer (automatic),59.74,1526.4,No
C7003122,Male,1,No,No,66,Yes,No,DSL,Yes,No,No,Yes,Yes,No,Month-to-month,No,Mailed check,66.02,4343.08,No
C7003123,Male,1,No,No,66,Yes,No,DSL,No,No,Yes,No,No,No,Month-to-month,Yes,Mailed check,54.17,3607.41,No
C7003124,Male,0,No,No,25,Yes,Yes,Fiber optic,No,Yes,No,Yes,Yes,No,One year,Yes,Bank transfer (automatic),91.65,2307.53,No
C7003125,Male,1,No,No,1,Yes,No,Fiber optic,No,No,Yes,Yes,Yes,Yes,Month-to-month,No,Electronic check,85.17,76.74,Yes
C7003126,Female,0,No,No,18,Yes,Yes,DSL,No,Yes,Yes,Yes,No,No,Month-to-month,No,Credit card (automatic),66.09,1192.28,Yes
C7003127,Male,0,No,No,19,Yes,Yes,DSL,No,Yes,No,Yes,No,No,One year,Yes,Electronic check,62.82,1178.7,No
C7003128,Female,0,Yes,No,1,Yes,Yes,No,No internet service,No internet service,No internet service,No internet service,No internet service,No internet service,Month-to-month,No,Electronic check,25.56,38.27,No
C7003129,Female,1,No,Yes,68,Yes,No,DSL,Yes,Yes,No,No,No,No,Month-to-month,No,Mailed check,64.72,4385.16,No
C7003130,Male,0,Yes,Yes,34,Yes,Yes,DSL,Yes,No,No,No,No,Yes,Month-to-month,Yes,Electronic check,63.75,2161.63,No
C7003131,Female,0,No,No,10,Yes,Yes,Fiber optic,Yes,No,No,Yes,No,Yes,Two year,Yes,Mailed check,89.72,885.76,No
C7003132,Male,0,Yes,No,44,Yes,No,Fiber optic,No,No,Yes,No,Yes,No,Month-to-month,No,Electronic check,82.62,3631.66,No
C7003133,Male,0,Yes,No,29,Yes,Yes,Fiber optic,No,Yes,Yes,No,Yes,No,Month-to-month,No,Electronic check,87.87,2552.55,Yes
C7003134,Female,0,No,No,12,Yes,No,Fiber optic,No,Yes,No,No,No,Yes,Month-to-month,Yes,Electronic check,75.31,903.41,No
C7003135,Female,0,Yes,No,33,Yes,No,No,No internet service,No internet service,No internet service,No internet service,No internet service,No internet service,Month-to-month,Yes,Electronic check,22.4,754.06,No
C7003136,Female,0,Yes,No,43,Yes,No,No,No internet service,No internet service,No internet service,No internet service,No internet service,No internet service,Month-to-month,Yes,Bank transfer (automatic),23.3,986.94,No
C7003137,Male,1,Yes,No,47,Yes,Yes,Fiber optic,No,No,Yes,No,No,Yes,Month-to-month,No,Electronic check,85.69,3990.06,No
C7003138,Female,0,No,No,16,Yes,Yes,No,No internet service,No internet service,No internet service,No internet service,No internet service,No internet service,One year,Yes,Electronic check,27.06,435.52,No
C7003139,Male,0,Yes,No,44,Yes,Yes,Fiber optic,No,No,No,Yes,Yes,No,Two year,Yes,Credit card (automatic),84.51,3742.77,No
C7003140,Male,0,Yes,No,57,Yes,No,No,No internet service,No internet service,No internet service,No internet service,No internet service,No internet service,Two year,No,Credit card (automatic),25.13,1417.14,No
C7003141,Male,0,No,No,45,Yes,Yes,Fiber optic,Yes,Yes,No,No,No,Yes,Two year,Yes,Electronic check,89.18,4021.77,No
C7003142,Female,0,No,Yes,69,Yes,No,DSL,Yes,No,No,No,No,No,Month-to-month,No,Electronic check,59.72,4113.83,No
C7003143,Male,0,No,Yes,68,Yes,No,Fiber optic,No,No,No,No,Yes,Yes,One year,Yes,Credit card (automatic),81.06,5500.23,No
C7003144,Female,0,Yes,No,36,Yes,No,No,No internet service,No internet service,No internet service,No internet service,No internet service,No internet service,Month-to-month,No,Bank transfer (automatic),25.44,903.98,Yes
C7003145,Female,0,No,No,28,No,No phone service,No,No internet service,No internet service,No internet service,No internet service,No internet service,No internet service,Month-to-month,No,Electronic check,23.41,662.97,No
C7003146,Female,0,No,No,33,Yes,No,DSL,No,No,Yes,No,Yes,No,One year,Yes,Bank transfer (automatic),61.36,2045.11,No
C7003147,Female,1,No,No,35,Yes,Yes,Fiber optic,No,No,No,Yes,Yes,Yes,Month-to-month,Yes,Credit card (automatic),82.78,2915.16,Yes
C7003148,Female,0,No,No,12,Yes,No,No,No internet service,No internet service,No internet service,No internet service,No internet service,No internet service,Two year,Yes,Electronic check,28.88,359.47,No
C7003149,Male,0,Yes,No,70,Yes,Yes,Fiber optic,No,No,No,No,No,No,One year,Yes,Mailed check,71.8,5028.09,No
C7003150,Male,0,No,Yes,41,Yes,No,Fiber optic,Yes,Yes,No,Yes,Yes,Yes,One year,Yes,Mailed check,95.12,3890.26,No
C7003151,Female,0,No,Yes,9,Yes,Yes,No,No internet service,No internet service,No internet service,No internet service,No internet service,No internet service,Two year,No,Electronic check,26.94,256.45,No
C7003152,Male,1,Yes,No,65,Yes,No,Fiber optic,Yes,No,Yes,No,Yes,No,Month-to-month,Yes,Mailed check,85.83,5599.0,No
C7003153,Male,0,Yes,No,69,Yes,Yes,DSL,Yes,Yes,Yes,No,Yes,Yes,Two year,Yes,Electronic check,77.08,5312.13,No
C7003154,Male,0,Yes,Yes,40,Yes,Yes,DSL,Yes,Yes,No,Yes,Yes,No,Month-to-month,No,Electronic check,74.98,2992.55,No
C7003155,Male,0,No,Yes,69,Yes,Yes,Fiber optic,No,No,No,Yes,No,Yes,Month-to-month,No,Electronic check,87.53,6045.91,No
C7003156,Male,0,Yes,No,70,Yes,Yes,Fiber optic,Yes,Yes,No,No,Yes,Yes,Two year,No,Bank transfer (automatic),91.34,6378.6,No
C7003157,Male,0,No,No,69,Yes,Yes,No,No internet service,No internet service,No internet service,No internet service,No internet service,No internet service,Two year,Yes,Credit card (automatic),27.1,1873.29,No
C7003158,Female,0,No,No,70,Yes,No,No,No internet service,No internet service,No internet service,No internet service,No internet service,No internet service,One year,Yes,Electronic check,20.54,1407.98,No
C7003159,Male,0,Yes,No,4,Yes,Yes,DSL,No,No,No,No,No,Yes,Month-to-month,No,Electronic check,64.61,273.89,No
C7003160,Female,0,Yes,Yes,2,Yes,No,No,No internet service,No internet service,No internet service,No internet service,No internet service,No internet service,Two year,Yes,Mailed check,24.26,50.37,No
C7003161,Female,0,Yes,No,42,No,No phone service,DSL,Yes,No,No,No,No,No,Two year,Yes,Mailed check,49.18,2067.52,No
C7003162,Male,0,Yes,Yes,54,Yes,No,DSL,No,No,No,No,No,No,Month-to-month,Yes,Mailed check,47.09,2550.77,No
C7003163,Female,0,No,Yes,61,Yes,No,Fiber optic,Yes,No,No,No,Yes,Yes,Month-to-month,Yes,Mailed check,82.95,5052.77,Yes
C7003164,Female,0,No,No,46,Yes,Yes,Fiber optic,No,Yes,Yes,Yes,Yes,No,Month-to-month,No,Mailed check,88.91,4104.28,No
C7003165,Female,0,No,No,22,Yes,No,DSL,No,Yes,No,No,Yes,Yes,Two year,Yes,Credit card (automatic),66.59,1482.75,No
C7003166,Male,0,No,No,68,Yes,No,Fiber optic,Yes,Yes,No,No,No,Yes,Two year,No,Credit card (automatic),82.07,5591.99,No
C7003167,Male,0,Yes,No,43,No,No phone service,No,No internet service,No internet service,No internet service,No internet service,No internet service,No internet service,Month-to-month,No,Bank transfer (automatic),19.9,867.11,No
C7003168,Male,0,No,No,49,Yes,Yes,Fiber optic,Yes,Yes,No,Yes,No,No,One year,No,Electronic check,90.96,4504.88,No
C7003169,Female,0,Yes,Yes,18,Yes,No,Fiber optic,No,No,Yes,No,No,Yes,Month-to-month,Yes,Electronic check,86.74,1585.42,No
C7003170,Female,0,No,No,55,Yes,No,No,No internet service,No internet service,No internet service,No internet service,No internet service,No internet service,Month-to-month,Yes,Bank transfer (automatic),20.89,1139.67,No
C7003171,Female,0,Yes,No,9,Yes,Yes,DSL,No,Yes,No,No,Yes,Yes,Month-to-month,Yes,Mailed check,70.21,634.6,Yes
C7003172,Female,0,Yes,Yes,63,Yes,Yes,DSL,Yes,No,No,No,Yes,No,Month-to-month,No,Electronic check,63.66,3985.2,No
C7003173,Female,0,No,No,62,Yes,Yes,DSL,No,No,No,No,No,No,Month-to-month,Yes,Bank transfer (automatic),48.81,3037.06,No
C7003174,Female,0,No,Yes,49,Yes,Yes,DSL,No,No,No,Yes,No,No,Month-to-month,Yes,Mailed check,67.52,3300.26,No
C7003175,Male,0,Yes,Yes,71,Yes,Yes,DSL,No,No,No,Yes,Yes,Yes,One year,No,Electronic check,66.83,4771.54,No
C7003176,Female,0,Yes,Yes,66,Yes,No,DSL,No,Yes,No,Yes,No,Yes,Month-to-month,Yes,Bank transfer (automatic),65.13,4308.93,No
C7003177,Male,0,No,Yes,5,Yes,No,Fiber optic,Yes,Yes,No,Yes,Yes,Yes,Month-to-month,Yes,Bank transfer (automatic),94.83,467.01,Yes
C7003178,Male,0,No,No,16,Yes,Yes,DSL,No,No,No,No,Yes,Yes,Two year,Yes,Mailed check,65.83,1054.6,No
C7003179,Female,0,No,No,8,Yes,Yes,DSL,No,No,No,Yes,No,Yes,Month-to-month,Yes,Credit card (automatic),76.39,627.5,Yes
C7003180,Female,0,Yes,No,23,Yes,No,Fiber optic,No,No,No,Yes,No,Yes,Month-to-month,Yes,Bank transfer (automatic),80.72,1868.58,No
C7003181,Male,0,Yes,No,42,Yes,No,Fiber optic,Yes,Yes,Yes,Yes,Yes,No,Month-to-month,No,Credit card (automatic),94.24,3947.62,Yes
C7003182,Male,0,No,No,10,Yes,No,Fiber optic,Yes,Yes,No,Yes,No,No,Two year,Yes,Mailed check,86.05,881.62,No
C7003183,Male,0,No,No,6,Yes,No,DSL,Yes,No,Yes,No,Yes,Yes,Month-to-month,Yes,Mailed check,70.12,387.4,Yes
C7003184,Male,0,Yes,No,47,Yes,No,Fiber optic,No,No,Yes,Yes,Yes,No,One year,Yes,Mailed check,87.97,4113.79,No
C7003185,Male,0,Yes,No,46,Yes,No,No,No internet service,No internet service,No internet service,No internet service,No internet service,No internet service,Two year,Yes,Electronic check,28.14,1293.57,No
C7003186,Female,0,Yes,No,26,Yes,Yes,DSL,Yes,Yes,No,No,Yes,No,Month-to-month,Yes,Credit card (automatic),70.02,1814.42,No
C7003187,Female,0,No,No,52,Yes,No,Fiber optic,No,Yes,No,No,No,Yes,Month-to-month,Yes,Bank transfer (automatic),81.76,4255.76,Yes
C7003188,Male,0,Yes,Yes,43,Yes,No,Fiber optic,Yes,Yes,Yes,No,Yes,Yes,One year,No,Electronic check,99.23,4249.78,No
C7003189,Male,0,No,No,30,Yes,No,Fiber optic,Yes,No,Yes,No,Yes,Yes,Month-to-month,No,Electronic check,89.94,2687.21,No
C7003190,Male,0,No,Yes,4,Yes,No,DSL,No,Yes,No,No,No,Yes,Month-to-month,Yes,Electronic check,62.88,235.29,Yes
C7003191,Male,0,Yes,Yes,55,Yes,Yes,DSL,Yes,Yes,No,Yes,Yes,Yes,Month-to-month,Yes,Credit card (automatic),79.03,4329.3,No
C7003192,Female,0,Yes,No,45,Yes,Yes,Fiber optic,No,Yes,No,Yes,Yes,Yes,Two year,No,Mailed check,96.23,4328.93,No
C7003193,Female,0,Yes,No,8,Yes,No,Fiber optic,No,No,No,No,No,No,Month-to-month,Yes,Credit card (automatic),66.39,515.25,No
C7003194,Female,0,Yes,Yes,13,No,No phone service,No,No internet service,No internet service,No internet service,No internet service,No internet service,No internet service,Two year,Yes,Electronic check,18.0,226.81,No
C7003195,Male,0,No,No,21,Yes,Yes,DSL,No,Yes,No,No,No,Yes,Month-to-month,Yes,Electronic check,69.56,1454.11,Yes
C7003196,Female,0,No,No,13,Yes,No,DSL,Yes,Yes,No,Yes,No,No,Month-to-month,Yes,Credit card (automatic),65.51,851.36,Yes
C7003197,Male,0,Yes,Yes,58,Yes,Yes,Fiber optic,No,No,Yes,Yes,No,Yes,Month-to-month,Yes,Bank transfer (automatic),89.65,5174.14,No
C7003198,Male,0,No,No,68,Yes,No,Fiber optic,Yes,Yes,Yes,Yes,Yes,No,One year,Yes,Credit card (automatic),98.87,6729.23,No
C7003199,Female,0,Yes,No,6,Yes,No,Fiber optic,Yes,No,Yes,No,No,No,One year,No,Bank transfer (automatic),81.94,481.93,No
C7003200,Female,0,No,No,17,Yes,No,DSL,Yes,No,No,Yes,No,No,One year,Yes,Mailed check,59.62,1018.02,No
C7003201,Female,0,No,Yes,20,Yes,No,Fiber optic,No,Yes,No,No,Yes,No,Month-to-month,No,Bank transfer (automatic),78.7,1571.55,No
C7003202,Female,0,Yes,No,72,Yes,Yes,No,No internet service,No internet service,No internet service,No internet service,No internet service,No internet service,Month-to-month,Yes,Credit card (automatic),31.81,2295.02,No
C7003203,Female,0,No,No,45,Yes,No,No,No internet service,No internet service,No internet service,No internet service,No internet service,No internet service,Two year,Yes,Credit card (automatic),26.82,1209.92,No
C7003204,Female,0,No,Yes,69,Yes,No,No,No internet service,No internet service,No internet service,No internet service,No internet service,No internet service,Month-to-month,Yes,Mailed check,25.91,1813.97,No
C7003205,Male,0,Yes,No,18,Yes,No,Fiber optic,Yes,No,No,Yes,Yes,Yes,One year,Yes,Credit card (automatic),96.4,1712.93,Yes
C7003206,Male,1,No,No,4,Yes,No,No,No internet service,No internet service,No internet service,No internet service,No internet service,No internet service,One year,Yes,Electronic check,22.68,116.51,Yes
C7003207,Male,0,Yes,Yes,35,Yes,Yes,Fiber optic,Yes,Yes,No,Yes,Yes,No,Two year,No,Bank transfer (automatic),96.16,3383.91,No
C7003208,Male,1,Yes,No,59,Yes,No,DSL,No,No,Yes,Yes,No,Yes,One year,Yes,Bank transfer (automatic),64.21,3783.16,No
C7003209,Male,1,No,No,61,Yes,Yes,No,No internet service,No internet service,No internet service,No internet service,No internet service,No internet service,Month-to-month,Yes,Electronic check,28.32,1739.06,No
C7003210,Male,0,Yes,No,34,Yes,No,DSL,No,No,No,No,Yes,Yes,Month-to-month,Yes,Bank transfer (automatic),58.85,2033.75,Yes
C7003211,Female,0,Yes,No,19,Yes,Yes,DSL,No,No,Yes,Yes,Yes,No,Two year,No,Mailed check,70.93,1326.57,No
C7003212,Female,0,Yes,Yes,3,Yes,Yes,DSL,No,No,No,No,No,Yes,Month-to-month,Yes,Mailed check,57.75,176.6,Yes
C7003213,Female,1,Yes,No,31,Yes,No,Fiber optic,Yes,Yes,Yes,Yes,Yes,No,Month-to-month,Yes,Bank transfer (automatic),92.69,2856.45,No
C7003214,Male,0,Yes,No,39,Yes,No,Fiber optic,No,Yes,Yes,No,Yes,Yes,Two year,Yes,Bank transfer (automatic),83.5,3262.06,No
C7003215,Female,0,Yes,Yes,1,Yes,No,Fiber optic,Yes,No,Yes,No,No,Yes,One year,No,Bank transfer (automatic),88.17,102.89,No
C7003216,Male,1,No,No,68,Yes,Yes,DSL,No,No,No,No,No,Yes,Month-to-month,No,Mailed check,60.97,4131.12,Yes
C7003217,Male,0,Yes,No,51,Yes,No,DSL,No,Yes,Yes,Yes,Yes,Yes,One year,Yes,Electronic check,77.42,3940.1,No
C7003218,Male,1,No,No,23,Yes,No,DSL,Yes,Yes,Yes,No,Yes,No,Two year,No,Bank transfer (automatic),66.89,1537.94,No
C7003219,Male,0,No,Yes,25,Yes,Yes,DSL,Yes,No,No,Yes,No,No,Month-to-month,No,Credit card (automatic),65.81,1659.3,No
C7003220,Male,0,Yes,No,26,Yes,Yes,DSL,Yes,Yes,No,No,Yes,No,Month-to-month,No,Bank transfer (automatic),70.7,1854.52,No
C7003221,Female,0,No,No,62,Yes,No,DSL,No,No,No,No,No,No,Two year,Yes,Electronic check,50.61,3145.74,No
C7003222,Female,0,No,No,52,Yes,Yes,No,No internet service,No internet service,No internet service,No internet service,No internet service,No internet service,One year,No,Mailed check,28.66,1495.17,No
C7003223,Female,0,No,No,6,Yes,No,No,No internet service,No internet service,No internet service,No internet service,No internet service,No internet service,Two year,Yes,Mailed check,22.33,134.76,No
C7003224,Male,0,No,No,22,Yes,No,Fiber optic,No,Yes,Yes,No,Yes,Yes,Month-to-month,No,Credit card (automatic),91.2,2020.78,Yes
C7003225,Female,0,Yes,No,57,Yes,No,Fiber optic,No,No,Yes,No,No,Yes,Two year,Yes,Credit card (automatic),79.35,4531.51,No
C7003226,Female,0,Yes,Yes,26,Yes,Yes,No,No internet service,No internet service,No internet service,No internet service,No internet service,No internet service,One year,Yes,Electronic check,29.34,774.7,No
C7003227,Male,0,No,No,59,Yes,No,Fiber optic,No,No,Yes,Yes,Yes,Yes,One year,Yes,Electronic check,87.12,5143.86,No
C7003228,Female,1,No,No,37,Yes,No,No,No internet service,No internet service,No internet service,No internet service,No internet service,No internet service,Month-to-month,Yes,Credit card (automatic),24.25,878.7,No
C7003229,Male,0,No,No,56,Yes,No,No,No internet service,No internet service,No internet service,No internet service,No internet service,No internet service,Month-to-month,Yes,Bank transfer (automatic),28.72,1591.56,No
C7003230,Male,0,No,Yes,38,Yes,No,DSL,Yes,Yes,Yes,No,Yes,Yes,Month-to-month,Yes,Credit card (automatic),77.45,2950.98,Yes
C7003231,Male,0,Yes,No,53,Yes,No,DSL,No,Yes,No,No,No,No,Two year,No,Electronic check,55.46,2932.76,No
C7003232,Female,0,Yes,No,31,Yes,Yes,DSL,Yes,Yes,No,No,Yes,No,Month-to-month,No,Bank transfer (automatic),71.23,2215.74,No
C7003233,Male,0,No,No,17,Yes,Yes,Fiber optic,No,No,No,Yes,No,Yes,Two year,Yes,Credit card (automatic),80.48,1361.97,No
C7003234,Male,0,Yes,Yes,64,Yes,No,No,No internet service,No internet service,No internet service,No internet service,No internet service,No internet service,Month-to-month,Yes,Mailed check,30.77,1958.03,No
C7003235,Male,0,No,No,30,Yes,Yes,DSL,No,Yes,No,No,Yes,Yes,Month-to-month,Yes,Bank transfer (automatic),76.42,2303.65,Yes
C7003236,Female,1,No,Yes,0,Yes,Yes,No,No internet service,No internet service,No internet service,No internet service,No internet service,No internet service,Month-to-month,No,Electronic check,26.82,0.0,Yes
C7003237,Male,0,Yes,Yes,28,Yes,Yes,Fiber optic,No,No,No,Yes,No,No,Month-to-month,Yes,Credit card (automatic),79.09,2223.54,No
C7003238,Male,1,Yes,No,29,Yes,No,Fiber optic,No,Yes,Yes,Yes,Yes,Yes,One year,Yes,Electronic check,96.02,2779.33,Yes
C7003239,Male,0,No,No,17,Yes,No,Fiber optic,Yes,No,No,Yes,Yes,No,Two year,No,Mailed check,86.34,1456.72,No
C7003240,Female,1,No,No,64,Yes,No,Fiber optic,No,No,Yes,No,No,Yes,One year,No,Electronic check,78.25,5002.23,No
C7003241,Female,0,No,Yes,35,Yes,Yes,Fiber optic,Yes,No,No,No,No,No,Month-to-month,No,Credit card (automatic),80.49,2819.49,Yes
C7003242,Female,0,Yes,Yes,27,No,No phone service,No,No internet service,No internet service,No internet service,No internet service,No internet service,No internet service,Month-to-month,No,Bank transfer (automatic),21.47,606.33,No
C7003243,Male,1,Yes,No,50,Yes,Yes,Fiber optic,Yes,No,No,No,Yes,Yes,One year,Yes,Credit card (automatic),86.79,4347.03,No
C7003244,Male,1,Yes,Yes,46,Yes,No,DSL,No,Yes,Yes,No,Yes,No,One year,No,Bank transfer (automatic),64.05,2963.01,No
C7003245,Female,0,Yes,No,34,Yes,No,Fiber optic,No,Yes,Yes,Yes,Yes,No,Month-to-month,Yes,Mailed check,92.73,3163.8,No
C7003246,Male,0,Yes,Yes,71,Yes,Yes,Fiber optic,No,No,No,No,No,No,Month-to-month,No,Credit card (automatic),78.54,5579.55,No
C7003247,Female,0,No,Yes,71,Yes,Yes,No,No internet service,No internet service,No internet service,No internet service,No internet service,No internet service,Two year,No,Electronic check,32.01,2266.79,No
C7003248,Female,0,Yes,No,34,Yes,Yes,DSL,No,No,No,No,Yes,Yes,One year,Yes,Credit card (automatic),67.04,2273.4,No
C7003249,Male,1,No,Yes,51,Yes,No,DSL,No,No,Yes,No,No,Yes,Month-to-month,No,Electronic check,59.35,3024.18,Yes
C7003250,Female,0,No,No,3,No,No phone service,Fiber optic,Yes,No,No,Yes,No,Yes,Month-to-month,Yes,Mailed check,79.29,253.8,Yes
C7003251,Female,0,No,No,32,Yes,No,No,No internet service,No internet service,No internet service,No internet service,No internet service,No internet service,Month-to-month,Yes,Credit card (automatic),25.49,850.72,No
C7003252,Male,0,No,Yes,32,Yes,No,Fiber optic,No,No,Yes,No,Yes,Yes,One year,Yes,Bank transfer (automatic),82.54,2636.51,No
C7003253,Male,0,Yes,No,29,Yes,Yes,DSL,Yes,No,No,No,Yes,No,One year,No,Credit card (automatic),64.33,1869.01,Yes
C7003254,Male,0,No,No,61,Yes,No,Fiber optic,No,Yes,Yes,No,No,Yes,Month-to-month,Yes,Bank transfer (automatic),85.23,5200.47,No
C7003255,Female,0,Yes,No,42,Yes,No,Fiber optic,Yes,No,Yes,Yes,Yes,No,Two year,Yes,Mailed check,94.47,3961.84,No
C7003256,Male,1,Yes,Yes,34,Yes,Yes,Fiber optic,No,Yes,No,No,Yes,No,One year,Yes,Credit card (automatic),90.94,3062.53,No
C7003257,Male,0,No,No,31,Yes,No,Fiber optic,No,No,Yes,No,No,Yes,Month-to-month,Yes,Mailed check,85.79,2680.92,Yes
C7003258,Female,0,Yes,No,45,Yes,No,Fiber optic,No,No,No,Yes,No,Yes,Two year,Yes,Bank transfer (automatic),76.55,3453.09,No
C7003259,Male,0,Yes,Yes,16,Yes,No,DSL,No,Yes,Yes,No,No,No,One year,No,Electronic check,64.26,1037.22,No
C7003260,Male,0,No,Yes,17,Yes,No,DSL,No,No,Yes,No,Yes,No,Month-to-month,Yes,Electronic check,60.69,1024.26,No
C7003261,Female,1,Yes,Yes,38,Yes,No,Fiber optic,No,Yes,No,No,No,Yes,Month-to-month,Yes,Credit card (automatic),78.3,2985.49,No
C7003262,Male,0,Yes,Yes,23,Yes,Yes,DSL,No,No,Yes,No,No,Yes,Month-to-month,Yes,Mailed check,64.17,1458.98,No
C7003263,Male,0,Yes,Yes,49,Yes,Yes,DSL,Yes,Yes,No,Yes,Yes,No,Two year,Yes,Bank transfer (automatic),70.95,3481.4,No
C7003264,Male,0,Yes,No,65,Yes,No,Fiber optic,No,No,No,No,No,Yes,Two year,No,Electronic check,74.95,4856.67,No
C7003265,Male,0,No,No,26,Yes,Yes,Fiber optic,No,No,Yes,No,Yes,Yes,Month-to-month,Yes,Electronic check,92.42,2388.46,No
C7003266,Male,0,No,No,42,Yes,No,Fiber optic,No,Yes,No,No,No,Yes,One year,No,Mailed check,76.56,3214.89,No
C7003267,Female,0,Yes,Yes,20,No,No phone service,No,No internet service,No internet service,No internet service,No internet service,No internet service,No internet service,Month-to-month,Yes,Electronic check,18.0,355.43,No
C7003268,Female,0,No,Yes,57,Yes,Yes,DSL,Yes,No,No,No,No,Yes,Two year,No,Mailed check,64.22,3684.93,No
C7003269,Male,0,No,No,15,Yes,No,DSL,No,Yes,No,Yes,No,No,Month-to-month,Yes,Mailed check,64.75,945.83,No
C7003270,Female,1,No,No,38,Yes,No,No,No internet service,No internet service,No internet service,No internet service,No internet service,No internet service,One year,No,Bank transfer (automatic),18.31,703.86,No
C7003271,Female,0,No,No,26,Yes,Yes,DSL,Yes,No,Yes,No,No,No,Two year,No,Bank transfer (automatic),66.7,1750.35,No
C7003272,Female,1,No,Yes,55,No,No phone service,No,No internet service,No internet service,No internet service,No internet service,No internet service,No internet service,One year,Yes,Mailed check,20.98,1143.89,No
C7003273,Female,0,No,Yes,17,Yes,Yes,DSL,No,No,No,Yes,Yes,Yes,Month-to-month,No,Bank transfer (automatic),71.59,1212.9,No
C7003274,Female,0,No,No,14,Yes,No,Fiber optic,No,No,Yes,No,Yes,No,One year,Yes,Electronic check,73.5,1039.9,No
C7003275,Female,1,Yes,No,55,Yes,No,Fiber optic,No,Yes,No,Yes,Yes,No,Month-to-month,No,Electronic check,82.62,4530.39,Yes
C7003276,Male,0,Yes,Yes,40,No,No phone service,Fiber optic,No,No,Yes,No,Yes,No,One year,Yes,Credit card (automatic),73.38,2935.59,Yes
C7003277,Female,0,Yes,No,46,No,No phone service,Fiber optic,Yes,Yes,Yes,Yes,No,Yes,Month-to-month,Yes,Credit card (automatic),85.31,3922.4,No
C7003278,Male,0,No,Yes,57,Yes,No,DSL,Yes,No,Yes,No,No,Yes,Month-to-month,Yes,Electronic check,70.66,4033.37,No
C7003279,Male,0,Yes,No,20,Yes,No,DSL,No,No,Yes,Yes,No,No,Two year,Yes,Credit card (automatic),61.98,1242.11,No
C7003280,Female,0,No,No,17,Yes,Yes,Fiber optic,No,No,Yes,No,No,Yes,Month-to-month,Yes,Credit card (automatic),87.87,1492.38,Yes
C7003281,Male,0,Yes,No,72,Yes,Yes,No,No internet service,No internet service,No internet service,No internet service,No internet service,No internet service,Two year,Yes,Credit card (automatic),32.24,2320.75,No
C7003282,Male,0,No,No,8,Yes,Yes,Fiber optic,No,No,No,No,Yes,Yes,Month-to-month,No,Electronic check,80.19,634.98,No
C7003283,Male,0,Yes,No,47,Yes,No,Fiber optic,Yes,No,Yes,Yes,No,No,Month-to-month,Yes,Electronic check,80.16,3779.51,No
C7003284,Male,0,Yes,No,28,Yes,Yes,No,No internet service,No internet service,No internet service,No internet service,No internet service,No internet service,Two year,Yes,Mailed check,33.3,935.51,No
C7003285,Female,0,Yes,No,10,Yes,Yes,Fiber optic,Yes,Yes,No,Yes,Yes,Yes,One year,No,Electronic check,96.54,967.42,No
C7003286,Female,1,No,No,69,Yes,No,Fiber optic,No,No,No,No,Yes,Yes,Month-to-month,Yes,Bank transfer (automatic),81.13,5621.1,No
C7003287,Male,0,No,No,60,Yes,Yes,DSL,Yes,No,Yes,No,No,No,One year,No,Mailed check,61.82,3721.57,No
C7003288,Male,1,Yes,Yes,16,No,No phone service,No,No internet service,No internet service,No internet service,No internet service,No internet service,No internet service,Month-to-month,Yes,Mailed check,18.0,280.25,No
C7003289,Male,0,No,No,55,Yes,Yes,DSL,No,Yes,Yes,No,Yes,Yes,Two year,No,Bank transfer (automatic),74.66,4139.19,No
C7003290,Male,0,No,No,56,Yes,Yes,DSL,Yes,Yes,No,No,Yes,No,Month-to-month,No,Mailed check,66.38,3711.55,No
C7003291,Female,0,No,No,36,Yes,Yes,DSL,No,No,No,No,Yes,Yes,Month-to-month,No,Electronic check,57.91,2123.91,No
C7003292,Female,1,No,No,69,Yes,No,DSL,No,No,No,No,Yes,Yes,Two year,Yes,Electronic check,60.2,4102.37,No
C7003293,Male,0,No,No,17,Yes,Yes,Fiber optic,Yes,Yes,No,Yes,Yes,Yes,Month-to-month,No,Bank transfer (automatic),107.38,1818.13,Yes
C7003294,Male,1,No,No,5,Yes,Yes,DSL,No,Yes,No,Yes,No,No,Two year,Yes,Electronic check,67.05,333.73,No
C7003295,Female,0,No,Yes,59,No,No phone service,Fiber optic,No,Yes,Yes,Yes,No,No,Month-to-month,Yes,Credit card (automatic),76.35,4502.13,No
C7003296,Female,0,No,No,26,Yes,Yes,Fiber optic,No,Yes,Yes,Yes,No,No,Month-to-month,Yes,Mailed check,88.01,2284.04,Yes
C7003297,Male,0,No,Yes,9,Yes,No,DSL,No,No,No,Yes,Yes,No,Month-to-month,Yes,Credit card (automatic),59.4,542.38,Yes
C7003298,Male,1,Yes,No,70,Yes,No,DSL,No,Yes,No,Yes,Yes,No,Month-to-month,No,Credit card (automatic),65.1,4549.25,No
C7003299,Male,0,Yes,No,30,Yes,No,DSL,No,No,No,No,No,Yes,Month-to-month,Yes,Bank transfer (automatic),52.22,1567.98,Yes
C7003300,Female,1,No,No,63,Yes,No,Fiber optic,No,Yes,Yes,Yes,Yes,No,Month-to-month,Yes,Credit card (automatic),93.65,5904.78,No
C7003301,Male,0,No,No,59,Yes,Yes,Fiber optic,No,No,No,No,No,No,Month-to-month,No,Electronic check,73.04,4357.78,No
C7003302,Male,0,No,Yes,22,Yes,No,DSL,No,No,Yes,Yes,Yes,No,One year,No,Bank transfer (automatic),65.31,1460.91,No
C7003303,Female,0,No,No,58,Yes,No,DSL,No,No,Yes,No,Yes,No,Month-to-month,No,Mailed check,65.08,3784.08,No
C7003304,Female,0,No,Yes,34,Yes,Yes,DSL,Yes,No,No,Yes,Yes,Yes,Month-to-month,No,Bank transfer (automatic),74.4,2551.92,Yes
C7003305,Male,0,Yes,Yes,45,Yes,No,No,No internet service,No internet service,No internet service,No internet service,No internet service,No internet service,Month-to-month,No,Credit card (automatic),31.39,1379.9,No
C7003306,Male,0,No,No,20,Yes,No,No,No internet service,No internet service,No internet service,No internet service,No internet service,No internet service,Month-to-month,Yes,Electronic check,26.24,502.73,No
C7003307,Male,0,Yes,No,0,Yes,No,Fiber optic,No,Yes,Yes,Yes,No,No,Two year,No,Mailed check,83.39,0.0,No
C7003308,Female,0,No,Yes,13,Yes,No,No,No internet service,No internet service,No internet service,No internet service,No internet service,No internet service,Month-to-month,No,Bank transfer (automatic),24.14,297.89,Yes
C7003309,Male,0,No,No,24,Yes,Yes,DSL,Yes,Yes,Yes,Yes,Yes,Yes,Month-to-month,Yes,Electronic check,83.14,2003.82,No
C7003310,Female,0,Yes,Yes,39,Yes,No,Fiber optic,No,No,Yes,Yes,Yes,Yes,Month-to-month,Yes,Bank transfer (automatic),85.36,3342.56,No
C7003311,Female,0,No,No,62,Yes,No,Fiber optic,Yes,No,No,Yes,No,No,One year,Yes,Electronic check,68.93,4270.69,No
C7003312,Female,0,No,Yes,12,No,No phone service,Fiber optic,Yes,Yes,No,Yes,No,No,Month-to-month,Yes,Mailed check,77.22,915.16,Yes
C7003313,Female,0,Yes,Yes,52,Yes,No,Fiber optic,Yes,No,No,Yes,No,Yes,Month-to-month,No,Credit card (automatic),78.53,4104.44,No
C7003314,Male,0,No,No,54,Yes,No,Fiber optic,No,No,Yes,Yes,Yes,Yes,Two year,No,Bank transfer (automatic),86.89,4664.23,No
C7003315,Male,0,No,No,59,Yes,No,No,No internet service,No internet service,No internet service,No internet service,No internet service,No internet service,Month-to-month,Yes,Mailed check,28.47,1675.45,No
C7003316,Female,0,No,No,59,Yes,No,DSL,No,Yes,Yes,Yes,No,No,One year,Yes,Mailed check,63.6,3737.44,No
C7003317,Male,0,Yes,No,4,Yes,No,DSL,Yes,Yes,No,No,No,No,One year,Yes,Bank transfer (automatic),64.88,258.84,No
C7003318,Male,0,Yes,No,15,Yes,Yes,Fiber optic,No,Yes,No,No,Yes,No,One year,Yes,Mailed check,83.28,1244.04,No
C7003319,Male,0,No,No,68,Yes,No,DSL,Yes,No,Yes,No,No,No,Month-to-month,No,Electronic check,62.62,4255.25,No
C7003320,Male,0,Yes,No,46,Yes,Yes,DSL,Yes,No,Yes,Yes,Yes,Yes,Two year,No,Electronic check,79.54,3663.11,No
C7003321,Male,0,Yes,No,16,Yes,Yes,DSL,No,Yes,Yes,No,Yes,No,Month-to-month,Yes,Credit card (automatic),68.67,1127.83,Yes
C7003322,Female,0,No,No,72,Yes,Yes,Fiber optic,Yes,No,No,No,Yes,Yes,Month-to-month,No,Electronic check,94.33,6808.1,No
C7003323,Female,0,No,Yes,24,Yes,No,Fiber optic,Yes,No,No,No,No,Yes,Month-to-month,Yes,Electronic check,86.6,2073.94,No
C7003324,Female,0,No,Yes,21,Yes,Yes,Fiber optic,Yes,No,No,No,No,Yes,Two year,Yes,Electronic check,83.71,1750.02,No
C7003325,Female,0,No,No,61,Yes,No,Fiber optic,No,Yes,No,Yes,No,Yes,Two year,Yes,Bank transfer (automatic),81.64,4986.54,No
C7003326,Male,1,Yes,No,70,Yes,No,DSL,No,Yes,No,No,Yes,Yes,Two year,No,Bank transfer (automatic),64.85,4516.61,No
C7003327,Female,0,Yes,No,29,Yes,Yes,Fiber optic,No,No,No,Yes,Yes,No,Month-to-month,Yes,Electronic check,85.98,2461.59,No
C7003328,Female,0,No,No,47,Yes,No,DSL,Yes,Yes,No,Yes,Yes,Yes,Month-to-month,No,Bank transfer (automatic),76.77,3610.44,No
C7003329,Male,0,Yes,No,46,Yes,No,DSL,No,Yes,Yes,Yes,Yes,No,One year,Yes,Mailed check,70.34,3234.18,No
C7003330,Female,0,Yes,No,16,Yes,Yes,Fiber optic,No,No,No,Yes,Yes,No,Two year,Yes,Mailed check,82.33,1338.57,No
C7003331,Male,0,No,No,40,Yes,Yes,DSL,Yes,Yes,No,No,No,Yes,Two year,Yes,Mailed check,76.1,3041.84,No
C7003332,Male,0,Yes,Yes,4,No,No phone service,DSL,Yes,No,No,No,No,Yes,Month-to-month,Yes,Credit card (automatic),52.33,221.43,Yes
C7003333,Male,0,No,No,63,No,No phone service,No,No internet service,No internet service,No internet service,No internet service,No internet service,No internet service,Two year,No,Electronic check,19.44,1231.99,No
C7003334,Male,0,No,Yes,60,Yes,Yes,Fiber optic,No,No,No,No,Yes,No,Month-to-month,Yes,Electronic check,83.45,5006.71,Yes
C7003335,Male,0,No,Yes,11,Yes,No,No,No internet service,No internet service,No internet service,No internet service,No internet service,No internet service,Month-to-month,No,Electronic check,21.86,223.75,No
C7003336,Female,0,Yes,No,44,Yes,Yes,Fiber optic,No,No,Yes,No,No,Yes,Month-to-month,No,Credit card (automatic),84.94,3736.49,No
C7003337,Female,0,Yes,Yes,7,Yes,No,DSL,No,No,Yes,Yes,No,No,One year,No,Electronic check,61.77,414.84,No
C7003338,Male,0,No,No,6,Yes,Yes,Fiber optic,No,No,No,Yes,Yes,No,Month-to-month,Yes,Electronic check,85.6,503.11,Yes
C7003339,Female,0,No,No,46,Yes,Yes,No,No internet service,No internet service,No internet service,No internet service,No internet service,No internet service,One year,No,Credit card (automatic),31.4,1424.97,No
C7003340,Male,0,No,No,58,No,No phone service,No,No internet service,No internet service,No internet service,No internet service,No internet service,No internet service,Month-to-month,Yes,Credit card (automatic),19.21,1132.45,No
C7003341,Female,0,Yes,Yes,61,Yes,Yes,Fiber optic,No,No,Yes,Yes,No,No,Month-to-month,Yes,Bank transfer (automatic),85.85,5235.11,Yes
C7003342,Male,0,No,No,24,Yes,No,DSL,Yes,Yes,No,No,No,No,Two year,Yes,Bank transfer (automatic),57.78,1371.65,No
C7003343,Male,0,Yes,No,67,Yes,No,Fiber optic,Yes,Yes,No,No,No,Yes,Two year,Yes,Electronic check,79.92,5336.08,No
C7003344,Male,0,Yes,No,39,Yes,No,DSL,No,No,Yes,Yes,Yes,No,One year,Yes,Electronic check,62.93,2469.11,No
C7003345,Female,0,Yes,No,29,Yes,No,DSL,No,Yes,No,No,Yes,No,Month-to-month,Yes,Mailed check,60.05,1752.83,No
C7003346,Female,0,Yes,No,25,Yes,Yes,DSL,No,No,No,No,No,No,Two year,Yes,Mailed check,56.68,1397.66,No
C7003347,Female,0,Yes,No,53,Yes,No,DSL,Yes,No,Yes,No,No,No,Month-to-month,No,Mailed check,63.73,3386.38,No
C7003348,Female,1,Yes,No,27,No,No phone service,Fiber optic,Yes,Yes,Yes,Yes,Yes,No,Month-to-month,No,Credit card (automatic),94.71,2547.82,Yes
C7003349,Male,0,No,No,28,Yes,No,No,No internet service,No internet service,No internet service,No internet service,No internet service,No internet service,Month-to-month,No,Mailed check,20.48,585.09,No
C7003350,Male,0,No,No,28,Yes,No,Fiber optic,No,No,No,No,Yes,No,Month-to-month,No,Bank transfer (automatic),71.91,1990.18,No
C7003351,Male,0,Yes,No,23,No,No phone service,Fiber optic,Yes,Yes,No,Yes,Yes,Yes,One year,Yes,Mailed check,88.59,2037.64,No
C7003352,Male,0,Yes,No,29,Yes,No,No,No internet service,No internet service,No internet service,No internet service,No internet service,No internet service,Month-to-month,No,Mailed check,25.94,757.31,No
C7003353,Male,0,No,Yes,1,Yes,Yes,DSL,No,Yes,Yes,No,Yes,No,One year,Yes,Credit card (automatic),69.74,92.72,No
C7003354,Male,0,Yes,No,63,No,No phone service,Fiber optic,No,Yes,No,Yes,Yes,Yes,Two year,Yes,Bank transfer (automatic),87.11,5477.13,No
C7003355,Male,1,Yes,No,18,Yes,Yes,Fiber optic,No,No,No,No,Yes,No,Month-to-month,No,Mailed check,81.06,1444.15,No
C7003356,Female,0,No,No,32,Yes,No,DSL,No,Yes,No,Yes,No,Yes,Month-to-month,Yes,Electronic check,67.11,2129.34,Yes
C7003357,Male,1,No,No,12,Yes,Yes,Fiber optic,No,No,No,Yes,No,No,One year,No,Credit card (automatic),75.61,893.71,No
C7003358,Female,0,No,No,39,Yes,Yes,Fiber optic,No,No,No,No,Yes,No,One year,Yes,Bank transfer (automatic),80.3,3151.0,No
C7003359,Female,0,Yes,No,19,Yes,No,No,No internet service,No internet service,No internet service,No internet service,No internet service,No internet service,One year,No,Bank transfer (automatic),25.55,470.21,No
C7003360,Male,0,Yes,Yes,12,Yes,No,Fiber optic,Yes,Yes,Yes,No,Yes,Yes,Month-to-month,Yes,Mailed check,95.62,1151.25,No
C7003361,Male,0,Yes,No,21,Yes,Yes,Fiber optic,No,Yes,Yes,No,No,Yes,Month-to-month,Yes,Bank transfer (automatic),89.89,1891.29,Yes
C7003362,Female,0,No,Yes,66,Yes,Yes,Fiber optic,No,No,No,Yes,Yes,No,Two year,No,Mailed check,89.87,5913.82,No
C7003363,Female,0,Yes,No,62,Yes,No,No,No internet service,No internet service,No internet service,No internet service,No internet service,No internet service,Month-to-month,No,Electronic check,25.05,1560.79,No
C7003364,Male,0,Yes,No,57,Yes,No,No,No internet service,No internet service,No internet service,No internet service,No internet service,No internet service,Month-to-month,No,Bank transfer (automatic),21.56,1242.42,No
C7003365,Male,0,Yes,No,14,Yes,No,DSL,No,No,No,No,Yes,No,One year,Yes,Bank transfer (automatic),51.56,713.41,No
C7003366,Female,0,No,No,47,Yes,Yes,Fiber optic,No,No,No,No,No,No,Month-to-month,Yes,Electronic check,73.35,3444.3,Yes
C7003367,Female,0,Yes,Yes,59,Yes,No,No,No internet service,No internet service,No internet service,No internet service,No internet service,No internet service,Two year,No,Mailed check,21.55,1265.54,No
C7003368,Male,0,Yes,Yes,47,Yes,Yes,Fiber optic,Yes,Yes,Yes,No,Yes,No,One year,Yes,Credit card (automatic),100.22,4692.45,No
C7003369,Male,0,No,No,62,No,No phone service,Fiber optic,No,Yes,No,No,Yes,Yes,Two year,Yes,Mailed check,84.45,5241.92,No
C7003370,Female,0,No,Yes,14,Yes,No,Fiber optic,No,Yes,Yes,Yes,No,No,Two year,No,Mailed check,83.32,1165.59,No
C7003371,Male,0,No,No,33,Yes,No,Fiber optic,Yes,No,No,Yes,Yes,No,Month-to-month,Yes,Electronic check,86.27,2849.81,No
C7003372,Female,1,No,No,24,Yes,Yes,Fiber optic,Yes,Yes,Yes,No,Yes,Yes,One year,No,Bank transfer (automatic),99.02,2343.6,No
C7003373,Male,0,Yes,No,52,Yes,Yes,Fiber optic,No,No,No,No,No,Yes,Month-to-month,Yes,Electronic check,79.3,4128.68,No
C7003374,Female,0,No,No,9,Yes,No,DSL,No,No,No,No,Yes,Yes,Month-to-month,Yes,Bank transfer (automatic),57.99,541.03,No
C7003375,Male,0,Yes,No,23,Yes,No,Fiber optic,No,No,No,No,No,No,Month-to-month,Yes,Credit card (automatic),71.71,1640.12,Yes
C7003376,Male,0,No,No,51,Yes,Yes,Fiber optic,No,No,No,No,Yes,No,Two year,No,Mailed check,79.47,4039.51,No
C7003377,Female,0,Yes,No,1,No,No phone service,No,No internet service,No internet service,No internet service,No internet service,No internet service,No internet service,Month-to-month,No,Electronic check,18.82,29.46,No
C7003378,Male,0,No,Yes,18,Yes,Yes,DSL,No,Yes,No,No,Yes,Yes,Two year,No,Credit card (automatic),68.75,1218.68,No
C7003379,Female,0,No,No,51,Yes,No,Fiber optic,No,Yes,No,Yes,No,Yes,Month-to-month,No,Electronic check,88.2,4461.02,Yes
C7003380,Male,0,Yes,No,17,Yes,No,DSL,No,No,No,Yes,No,No,Month-to-month,Yes,Electronic check,52.39,892.93,Yes
C7003381,Female,0,Yes,No,44,Yes,Yes,Fiber optic,No,Yes,No,No,Yes,No,Two year,No,Electronic check,83.18,3650.76,No
C7003382,Female,0,No,No,29,Yes,No,No,No internet service,No internet service,No internet service,No internet service,No internet service,No internet service,Month-to-month,No,Mailed check,22.98,675.71,Yes
C7003383,Female,0,Yes,No,33,Yes,Yes,No,No internet service,No internet service,No internet service,No internet service,No internet service,No internet service,Two year,Yes,Electronic check,32.18,1062.74,No
C7003384,Male,0,No,No,26,Yes,No,Fiber optic,No,Yes,No,No,No,No,One year,Yes,Mailed check,79.9,2087.08,No
C7003385,Female,0,Yes,No,65,Yes,No,DSL,No,No,Yes,Yes,No,Yes,Two year,Yes,Bank transfer (automatic),62.92,4091.65,No
C7003386,Female,0,No,No,52,Yes,No,No,No internet service,No internet service,No internet service,No internet service,No internet service,No internet service,One year,Yes,Bank transfer (automatic),29.34,1538.12,No
C7003387,Female,0,No,No,53,Yes,Yes,DSL,No,No,Yes,Yes,Yes,Yes,Month-to-month,Yes,Credit card (automatic),78.47,4205.89,No
C7003388,Male,0,Yes,No,57,Yes,No,DSL,Yes,No,No,No,No,No,One year,No,Credit card (automatic),51.98,2956.45,No
C7003389,Male,0,No,No,31,Yes,No,DSL,Yes,No,Yes,Yes,Yes,No,One year,Yes,Bank transfer (automatic),70.66,2187.48,No
C7003390,Male,0,No,No,7,Yes,No,Fiber optic,No,No,Yes,No,Yes,Yes,Month-to-month,Yes,Mailed check,81.66,554.74,No
C7003391,Female,0,No,Yes,3,Yes,Yes,No,No internet service,No internet service,No internet service,No internet service,No internet service,No internet service,Month-to-month,No,Electronic check,28.95,82.93,No
C7003392,Female,1,No,No,35,Yes,No,No,No internet service,No internet service,No internet service,No internet service,No internet service,No internet service,Month-to-month,No,Mailed check,20.68,723.7,No
C7003393,Male,0,No,No,63,Yes,Yes,Fiber optic,No,No,No,No,No,No,Month-to-month,Yes,Mailed check,73.69,4636.27,No
C7003394,Female,1,Yes,No,35,Yes,No,Fiber optic,No,No,Yes,Yes,Yes,No,Month-to-month,Yes,Electronic check,84.17,2947.17,Yes
C7003395,Female,1,Yes,No,71,Yes,No,No,No internet service,No internet service,No internet service,No internet service,No internet service,No internet service,Two year,Yes,Electronic check,22.09,1570.08,No
C7003396,Male,0,Yes,No,38,Yes,Yes,Fiber optic,Yes,Yes,No,No,Yes,Yes,Two year,No,Mailed check,96.21,3659.44,No
C7003397,Male,0,No,Yes,46,Yes,No,Fiber optic,Yes,No,No,No,No,Yes,Month-to-month,Yes,Credit card (automatic),83.4,3830.0,No
C7003398,Female,0,No,No,5,Yes,Yes,No,No internet service,No internet service,No internet service,No internet service,No internet service,No internet service,Month-to-month,Yes,Mailed check,31.54,133.43,No
C7003399,Female,1,Yes,No,56,Yes,Yes,No,No internet service,No internet service,No internet service,No internet service,No internet service,No internet service,Month-to-month,Yes,Electronic check,26.13,1473.35,No
C7003400,Male,0,No,No,64,Yes,Yes,Fiber optic,Yes,Yes,No,No,Yes,No,Month-to-month,Yes,Mailed check,93.68,5990.49,No
C7003401,Female,0,Yes,No,36,Yes,No,Fiber optic,No,No,No,No,No,No,One year,Yes,Credit card (automatic),70.54,2550.8,No
C7003402,Female,0,No,No,66,Yes,Yes,No,No internet service,No internet service,No internet service,No internet service,No internet service,No internet service,Month-to-month,Yes,Credit card (automatic),27.5,1809.12,No
C7003403,Female,1,No,No,17,Yes,No,Fiber optic,No,No,Yes,No,Yes,Yes,Month-to-month,Yes,Credit card (automatic),84.42,1413.9,No
C7003404,Female,0,No,No,35,Yes,No,DSL,No,No,No,Yes,Yes,Yes,Month-to-month,Yes,Credit card (automatic),68.8,2403.03,No
C7003405,Female,0,No,No,66,Yes,Yes,No,No internet service,No internet service,No internet service,No internet service,No internet service,No internet service,Month-to-month,No,Bank transfer (automatic),29.92,1946.1,No
C7003406,Female,0,No,Yes,44,Yes,No,Fiber optic,No,Yes,No,No,No,No,Two year,Yes,Mailed check,73.28,3209.64,No
C7003407,Male,0,Yes,No,50,Yes,No,Fiber optic,No,No,Yes,No,No,No,Two year,Yes,Electronic check,74.61,3725.69,No
C7003408,Female,1,No,No,29,Yes,No,Fiber optic,No,No,Yes,No,No,No,Month-to-month,Yes,Credit card (automatic),70.82,2035.15,No
C7003409,Male,0,Yes,No,40,Yes,Yes,DSL,No,No,No,No,No,Yes,Month-to-month,Yes,Mailed check,57.5,2296.34,No
C7003410,Female,0,No,No,27,Yes,Yes,DSL,No,Yes,Yes,No,No,No,Month-to-month,Yes,Bank transfer (automatic),66.82,1789.6,No
C7003411,Male,0,No,Yes,49,Yes,No,DSL,No,Yes,Yes,No,Yes,No,Month-to-month,No,Mailed check,64.48,3167.81,No
C7003412,Female,0,Yes,No,4,Yes,Yes,Fiber optic,No,No,Yes,No,Yes,No,Month-to-month,No,Electronic check,83.86,305.15,Yes
C7003413,Male,0,Yes,No,37,Yes,No,Fiber optic,No,Yes,No,No,Yes,Yes,One year,No,Bank transfer (automatic),84.88,3144.25,No
C7003414,Male,0,Yes,No,67,Yes,Yes,Fiber optic,No,Yes,No,No,Yes,No,Month-to-month,Yes,Bank transfer (automatic),87.21,5840.83,No
C7003415,Male,0,No,No,4,Yes,No,Fiber optic,No,No,No,No,No,No,Two year,Yes,Credit card (automatic),77.89,300.49,No
C7003416,Female,0,Yes,No,32,Yes,Yes,DSL,Yes,No,No,No,Yes,No,Month-to-month,No,Credit card (automatic),56.18,1794.71,No
C7003417,Female,1,No,Yes,48,Yes,Yes,Fiber optic,Yes,Yes,No,No,No,No,Two year,No,Electronic check,84.77,4074.21,No
C7003418,Male,0,Yes,Yes,6,Yes,No,No,No internet service,No internet service,No internet service,No internet service,No internet service,No internet service,One year,No,Credit card (automatic),23.94,107.27,No
C7003419,Female,0,No,No,0,Yes,Yes,Fiber optic,Yes,No,Yes,No,No,Yes,Month-to-month,No,Credit card (automatic),93.75,0.0,Yes
C7003420,Female,0,No,No,12,Yes,No,DSL,No,No,No,Yes,No,No,One year,No,Bank transfer (automatic),54.53,678.2,No
C7003421,Male,0,Yes,Yes,16,No,No phone service,DSL,Yes,No,Yes,No,Yes,No,One year,Yes,Electronic check,58.49,915.11,No
C7003422,Female,1,No,Yes,64,Yes,No,Fiber optic,No,No,Yes,No,No,Yes,Month-to-month,Yes,Credit card (automatic),79.09,5088.18,No
C7003423,Male,0,Yes,No,11,Yes,Yes,Fiber optic,No,Yes,Yes,No,No,No,Month-to-month,Yes,Bank transfer (automatic),89.22,994.86,Yes
C7003424,Male,0,No,Yes,46,Yes,No,No,No internet service,No internet service,No internet service,No internet service,No internet service,No internet service,One year,Yes,Electronic check,19.58,889.26,No
C7003425,Female,0,Yes,No,24,Yes,Yes,No,No internet service,No internet service,No internet service,No internet service,No internet service,No internet service,Month-to-month,Yes,Bank transfer (automatic),30.73,738.98,Yes
C7003426,Male,0,No,No,39,Yes,Yes,Fiber optic,No,Yes,No,Yes,Yes,Yes,Month-to-month,No,Mailed check,96.16,3741.1,No
C7003427,Female,0,Yes,Yes,66,No,No phone service,Fiber optic,Yes,No,Yes,No,No,Yes,Two year,No,Credit card (automatic),84.87,5603.43,No
C7003428,Female,0,No,Yes,62,Yes,No,DSL,Yes,No,No,Yes,No,Yes,Two year,Yes,Electronic check,61.16,3817.08,No
C7003429,Female,0,Yes,No,5,Yes,Yes,Fiber optic,Yes,Yes,Yes,Yes,No,Yes,One year,Yes,Mailed check,98.22,499.19,No
C7003430,Female,0,No,Yes,6,Yes,Yes,DSL,No,Yes,Yes,Yes,Yes,Yes,One year,Yes,Credit card (automatic),81.35,483.35,No
C7003431,Female,0,Yes,No,26,Yes,Yes,DSL,Yes,No,No,No,Yes,No,One year,No,Bank transfer (automatic),63.8,1664.61,No
C7003432,Female,0,Yes,Yes,59,Yes,Yes,DSL,Yes,No,Yes,Yes,Yes,Yes,Month-to-month,Yes,Mailed check,75.07,4408.05,No
C7003433,Male,0,No,No,55,Yes,No,DSL,Yes,Yes,No,No,Yes,No,Month-to-month,No,Electronic check,67.71,3747.86,Yes
C7003434,Male,0,Yes,No,45,Yes,No,DSL,No,No,No,Yes,Yes,No,Month-to-month,Yes,Bank transfer (automatic),60.06,2699.27,Yes
C7003435,Female,0,No,No,63,Yes,No,No,No internet service,No internet service,No internet service,No internet service,No internet service,No internet service,Month-to-month,No,Mailed check,22.43,1409.46,No
C7003436,Male,1,No,Yes,13,Yes,Yes,Fiber optic,Yes,Yes,Yes,Yes,Yes,Yes,Month-to-month,No,Bank transfer (automatic),101.77,1326.2,Yes
C7003437,Male,1,Yes,No,53,Yes,No,Fiber optic,No,Yes,Yes,Yes,Yes,Yes,Month-to-month,Yes,Mailed check,95.93,5076.85,Yes
C7003438,Male,0,No,No,70,Yes,Yes,DSL,No,Yes,No,No,Yes,No,Month-to-month,Yes,Mailed check,61.14,4267.04,No
C7003439,Female,0,Yes,Yes,70,Yes,Yes,Fiber optic,No,Yes,Yes,Yes,Yes,No,Month-to-month,No,Electronic check,96.16,6736.12,No
C7003440,Male,0,No,No,51,Yes,Yes,No,No internet service,No internet service,No internet service,No internet service,No internet service,No internet service,Two year,No,Credit card (automatic),38.9,1978.7,No
C7003441,Male,0,No,No,50,Yes,No,Fiber optic,No,Yes,No,No,Yes,No,Two year,Yes,Bank transfer (automatic),76.34,3799.69,No
C7003442,Male,0,Yes,Yes,16,Yes,No,No,No internet service,No internet service,No internet service,No internet service,No internet service,No internet service,Month-to-month,Yes,Credit card (automatic),30.09,496.27,Yes
C7003443,Male,0,Yes,No,54,Yes,Yes,No,No internet service,No internet service,No internet service,No internet service,No internet service,No internet service,Month-to-month,Yes,Mailed check,33.69,1782.15,No
C7003444,Female,0,No,No,18,Yes,Yes,No,No internet service,No internet service,No internet service,No internet service,No internet service,No internet service,Month-to-month,No,Bank transfer (automatic),28.24,490.22,Yes
C7003445,Male,1,No,Yes,30,Yes,No,Fiber optic,No,No,No,No,Yes,No,Month-to-month,No,Electronic check,73.99,2231.64,No
C7003446,Female,0,Yes,Yes,8,Yes,Yes,DSL,Yes,No,Yes,No,Yes,Yes,Month-to-month,Yes,Mailed check,73.48,583.43,Yes
C7003447,Female,0,Yes,No,22,Yes,No,DSL,No,Yes,No,No,Yes,Yes,Two year,Yes,Electronic check,66.02,1470.78,No
C7003448,Male,0,Yes,No,5,No,No phone service,Fiber optic,Yes,No,No,Yes,Yes,No,Month-to-month,Yes,Electronic check,80.17,417.88,Yes
C7003449,Female,1,No,Yes,33,Yes,Yes,No,No internet service,No internet service,No internet service,No internet service,No internet service,No internet service,One year,Yes,Electronic check,28.84,965.95,No
C7003450,Female,0,No,No,5,Yes,No,Fiber optic,No,Yes,No,Yes,No,No,Two year,Yes,Mailed check,77.88,411.97,No
C7003451,Female,1,Yes,No,56,Yes,No,DSL,No,Yes,No,Yes,No,No,Month-to-month,Yes,Electronic check,57.8,3233.01,Yes
C7003452,Male,1,No,Yes,47,Yes,Yes,DSL,Yes,Yes,No,Yes,Yes,Yes,One year,Yes,Mailed check,82.5,3875.57,No
C7003453,Male,0,No,No,47,Yes,Yes,Fiber optic,Yes,No,Yes,No,No,Yes,Month-to-month,Yes,Credit card (automatic),87.06,4092.36,Yes
C7003454,Female,0,No,No,51,Yes,No,No,No internet service,No internet service,No internet service,No internet service,No internet service,No internet service,One year,Yes,Electronic check,23.08,1192.16,No
C7003455,Female,0,Yes,No,56,Yes,No,DSL,No,No,Yes,Yes,Yes,Yes,Month-to-month,Yes,Electronic check,72.27,4038.61,No
C7003456,Female,0,Yes,No,49,Yes,No,DSL,Yes,Yes,Yes,No,No,No,Month-to-month,Yes,Bank transfer (automatic),63.73,3136.33,No
C7003457,Female,0,Yes,Yes,45,Yes,No,Fiber optic,No,No,Yes,Yes,No,Yes,Month-to-month,No,Electronic check,82.84,3728.98,No
C7003458,Male,0,No,Yes,13,Yes,Yes,DSL,No,Yes,Yes,No,Yes,Yes,Two year,Yes,Electronic check,73.78,974.21,No
C7003459,Female,0,Yes,Yes,53,Yes,Yes,DSL,Yes,No,Yes,No,Yes,Yes,Month-to-month,No,Electronic check,80.51,4280.65,No
C7003460,Male,0,Yes,No,35,Yes,Yes,DSL,Yes,No,No,Yes,No,Yes,Two year,Yes,Credit card (automatic),66.99,2342.53,No
C7003461,Female,0,No,No,11,Yes,Yes,Fiber optic,No,No,Yes,No,Yes,Yes,Month-to-month,No,Mailed check,93.6,1054.29,No
C7003462,Male,0,No,Yes,35,Yes,No,DSL,No,Yes,No,Yes,No,No,Month-to-month,Yes,Credit card (automatic),58.13,2048.56,No
C7003463,Male,0,Yes,No,23,Yes,Yes,DSL,Yes,No,No,Yes,Yes,No,Month-to-month,No,Electronic check,71.12,1608.81,Yes
C7003464,Female,0,Yes,No,14,Yes,Yes,Fiber optic,Yes,Yes,No,No,No,Yes,Two year,Yes,Electronic check,88.35,1205.79,No
C7003465,Female,0,Yes,No,40,No,No phone service,Fiber optic,No,No,Yes,No,No,No,One year,Yes,Bank transfer (automatic),72.63,2890.03,No
C7003466,Female,0,Yes,No,65,Yes,No,Fiber optic,No,Yes,Yes,No,No,Yes,Month-to-month,No,Credit card (automatic),80.98,5263.31,No
C7003467,Male,0,Yes,No,1,Yes,No,Fiber optic,Yes,No,No,No,Yes,Yes,Two year,No,Bank transfer (automatic),82.46,99.45,No
C7003468,Male,0,Yes,No,9,Yes,No,Fiber optic,No,No,No,Yes,Yes,Yes,Two year,No,Electronic check,83.03,742.18,No
C7003469,Female,0,Yes,No,66,Yes,Yes,No,No internet service,No internet service,No internet service,No internet service,No internet service,No internet service,Month-to-month,Yes,Credit card (automatic),30.85,2031.18,No
C7003470,Male,0,No,No,50,Yes,No,DSL,Yes,Yes,No,No,Yes,Yes,Month-to-month,Yes,Credit card (automatic),70.04,3506.25,No
C7003471,Male,1,No,No,17,Yes,No,DSL,No,No,No,No,No,Yes,One year,Yes,Mailed check,49.75,867.94,No
C7003472,Female,0,Yes,Yes,26,Yes,No,Fiber optic,No,No,No,Yes,No,Yes,Month-to-month,No,Credit card (automatic),76.82,2002.85,Yes
C7003473,Male,0,No,No,6,Yes,No,DSL,No,Yes,No,No,No,Yes,Month-to-month,Yes,Credit card (automatic),65.11,386.95,No
C7003474,Female,0,Yes,No,61,Yes,Yes,DSL,No,Yes,No,No,No,No,One year,No,Bank transfer (automatic),60.02,3644.37,No
C7003475,Male,0,No,Yes,48,Yes,No,DSL,No,No,Yes,Yes,No,No,One year,No,Electronic check,53.82,2564.31,No
C7003476,Female,1,No,Yes,16,Yes,No,No,No internet service,No internet service,No internet service,No internet service,No internet service,No internet service,Month-to-month,Yes,Bank transfer (automatic),26.8,406.39,Yes
C7003477,Female,1,No,No,14,Yes,Yes,No,No internet service,No internet service,No internet service,No internet service,No internet service,No internet service,Month-to-month,No,Credit card (automatic),30.14,429.39,No
C7003478,Female,0,No,Yes,50,No,No phone service,DSL,No,No,Yes,No,Yes,Yes,Month-to-month,Yes,Electronic check,60.97,3053.34,No
C7003479,Female,0,Yes,No,41,Yes,Yes,DSL,Yes,No,No,No,Yes,No,One year,Yes,Electronic check,66.57,2738.3,No
C7003480,Male,0,Yes,Yes,54,Yes,No,DSL,Yes,Yes,Yes,No,No,No,Month-to-month,Yes,Mailed check,62.03,3362.86,No
C7003481,Female,1,No,Yes,18,Yes,No,DSL,No,Yes,No,Yes,No,Yes,Month-to-month,Yes,Bank transfer (automatic),66.23,1194.67,No
C7003482,Female,0,Yes,No,72,Yes,No,DSL,No,Yes,No,No,Yes,Yes,Month-to-month,Yes,Mailed check,67.67,4858.04,No
C7003483,Female,1,No,Yes,12,Yes,No,DSL,No,Yes,Yes,No,No,No,Month-to-month,Yes,Credit card (automatic),59.05,698.63,No
C7003484,Female,0,Yes,Yes,13,Yes,Yes,Fiber optic,Yes,No,Yes,No,Yes,Yes,One year,Yes,Credit card (automatic),98.64,1284.02,No
C7003485,Female,0,Yes,No,53,Yes,No,No,No internet service,No internet service,No internet service,No internet service,No internet service,No internet service,Month-to-month,Yes,Credit card (automatic),19.79,1043.01,No
C7003486,Female,0,No,No,41,Yes,Yes,DSL,Yes,Yes,No,No,Yes,Yes,One year,Yes,Electronic check,76.94,3127.04,No
C7003487,Female,0,No,No,28,No,No phone service,DSL,Yes,No,No,Yes,No,No,Month-to-month,No,Electronic check,51.68,1436.37,No
C7003488,Male,0,No,No,53,Yes,Yes,Fiber optic,No,No,No,No,No,No,Month-to-month,Yes,Electronic check,68.3,3640.98,No
C7003489,Male,0,No,Yes,41,Yes,No,DSL,No,No,Yes,Yes,No,Yes,Month-to-month,No,Bank transfer (automatic),61.07,2507.19,No
C7003490,Female,0,No,No,29,No,No phone service,DSL,Yes,No,No,No,No,Yes,Two year,No,Bank transfer (automatic),49.44,1435.43,No
C7003491,Male,0,Yes,No,15,Yes,Yes,DSL,No,No,Yes,Yes,No,No,Month-to-month,No,Mailed check,69.24,1026.47,No
C7003492,Female,0,No,Yes,52,Yes,No,Fiber optic,No,Yes,No,Yes,No,No,Month-to-month,Yes,Mailed check,77.63,4015.18,No
C7003493,Female,0,Yes,Yes,40,Yes,Yes,DSL,No,No,Yes,No,Yes,No,Month-to-month,Yes,Mailed check,66.3,2652.96,No
C7003494,Male,0,Yes,No,65,Yes,No,DSL,No,Yes,No,No,No,Yes,One year,Yes,Electronic check,58.2,3788.54,No
C7003495,Female,0,No,Yes,30,Yes,No,Fiber optic,No,No,No,No,No,Yes,One year,No,Mailed check,79.95,2376.91,No
C7003496,Female,1,Yes,Yes,19,Yes,No,Fiber optic,Yes,Yes,Yes,No,Yes,No,One year,Yes,Credit card (automatic),88.34,1691.24,No
C7003497,Female,1,Yes,No,3,Yes,Yes,No,No internet service,No internet service,No internet service,No internet service,No internet service,No internet service,One year,Yes,Mailed check,30.79,85.07,No
C7003498,Male,0,Yes,No,19,Yes,Yes,Fiber optic,No,No,No,No,Yes,Yes,Month-to-month,No,Electronic check,82.55,1573.67,No
C7003499,Female,0,No,No,53,Yes,No,DSL,Yes,Yes,Yes,No,No,No,Month-to-month,Yes,Mailed check,67.1,3556.94,No
C7003500,Male,0,No,Yes,20,Yes,No,DSL,Yes,Yes,Yes,Yes,Yes,Yes,Month-to-month,No,Electronic check,79.42,1587.05,No
C7003501,Female,0,Yes,No,40,Yes,No,No,No internet service,No internet service,No internet service,No internet service,No internet service,No internet service,Month-to-month,No,Electronic check,26.65,1105.8,No
C7003502,Male,1,No,No,15,Yes,Yes,DSL,No,No,Yes,Yes,No,No,Month-to-month,No,Mailed check,60.32,913.18,No
C7003503,Female,0,Yes,No,67,Yes,No,DSL,No,No,Yes,No,No,Yes,One year,Yes,Bank transfer (automatic),61.31,4108.23,No
C7003504,Female,0,No,No,65,No,No phone service,DSL,No,No,No,No,Yes,Yes,Two year,No,Electronic check,55.2,3597.5,No
C7003505,Female,0,No,No,58,Yes,No,No,No internet service,No internet service,No internet service,No internet service,No internet service,No internet service,Two year,No,Mailed check,19.99,1153.42,No
C7003506,Male,0,Yes,Yes,53,Yes,Yes,No,No internet service,No internet service,No internet service,No internet service,No internet service,No internet service,Two year,No,Bank transfer (automatic),23.77,1271.97,No
C7003507,Female,1,No,No,41,Yes,Yes,Fiber optic,Yes,No,Yes,No,No,Yes,Month-to-month,Yes,Credit card (automatic),93.98,3857.28,No
C7003508,Female,0,No,No,0,Yes,No,DSL,Yes,Yes,Yes,Yes,Yes,No,Month-to-month,Yes,Electronic check,76.45,0.0,No
C7003509,Male,1,Yes,No,3,Yes,Yes,DSL,No,No,Yes,No,Yes,Yes,Month-to-month,Yes,Bank transfer (automatic),71.49,210.22,Yes
C7003510,Female,0,Yes,No,32,Yes,Yes,DSL,No,Yes,No,No,Yes,No,Month-to-month,Yes,Credit card (automatic),69.65,2226.44,No
C7003511,Female,0,No,No,54,Yes,No,DSL,No,No,No,No,No,No,Month-to-month,No,Bank transfer (automatic),52.49,2834.62,Yes
C7003512,Female,1,Yes,No,9,Yes,No,No,No internet service,No internet service,No internet service,No internet service,No internet service,No internet service,One year,No,Bank transfer (automatic),28.99,278.99,No
C7003513,Female,0,Yes,Yes,40,Yes,Yes,Fiber optic,No,Yes,No,No,No,Yes,Month-to-month,No,Electronic check,81.6,3270.43,No
C7003514,Female,0,No,No,69,Yes,No,DSL,No,No,Yes,Yes,No,No,Month-to-month,Yes,Bank transfer (automatic),59.99,4107.8,No
C7003515,Female,0,Yes,No,60,Yes,No,No,No internet service,No internet service,No internet service,No internet service,No internet service,No internet service,Two year,No,Bank transfer (automatic),32.88,1997.62,No
C7003516,Female,1,Yes,No,40,Yes,No,DSL,Yes,Yes,Yes,Yes,No,Yes,One year,Yes,Bank transfer (automatic),76.92,3085.05,No
C7003517,Male,0,Yes,Yes,42,Yes,Yes,Fiber optic,Yes,No,No,No,No,No,One year,Yes,Electronic check,70.89,3015.01,No
C7003518,Female,0,Yes,No,4,Yes,No,DSL,Yes,No,Yes,Yes,Yes,No,Month-to-month,No,Mailed check,70.64,281.71,Yes
C7003519,Female,0,No,No,0,Yes,No,Fiber optic,Yes,Yes,Yes,No,Yes,No,Month-to-month,Yes,Electronic check,88.19,0.0,No
C7003520,Female,0,No,No,23,Yes,Yes,DSL,Yes,Yes,Yes,No,No,No,Month-to-month,Yes,Mailed check,67.22,1557.47,No
C7003521,Female,0,Yes,No,59,Yes,Yes,DSL,No,No,Yes,No,Yes,No,Month-to-month,Yes,Credit card (automatic),68.52,4045.55,No
C7003522,Male,0,No,No,0,No,No phone service,No,No internet service,No internet service,No internet service,No internet service,No internet service,No internet service,One year,Yes,Bank transfer (automatic),18.55,0.0,No
C7003523,Male,0,Yes,Yes,58,Yes,Yes,No,No internet service,No internet service,No internet service,No internet service,No internet service,No internet service,Two year,Yes,Electronic check,30.84,1786.03,No
C7003524,Female,0,Yes,No,18,Yes,Yes,Fiber optic,Yes,No,No,No,No,No,Two year,Yes,Mailed check,77.76,1401.72,No
C7003525,Male,0,No,No,7,Yes,No,No,No internet service,No internet service,No internet service,No internet service,No internet service,No internet service,Month-to-month,Yes,Mailed check,25.85,164.7,No
C7003526,Male,1,Yes,No,6,Yes,No,DSL,No,Yes,Yes,No,Yes,No,Month-to-month,No,Bank transfer (automatic),66.93,398.33,No
C7003527,Male,0,No,No,49,Yes,Yes,Fiber optic,No,No,Yes,Yes,No,No,One year,No,Mailed check,85.96,4198.68,No
C7003528,Female,0,Yes,No,3,No,No phone service,DSL,No,No,No,Yes,Yes,No,One year,No,Credit card (automatic),53.93,162.52,Yes
C7003529,Male,0,No,No,38,Yes,No,DSL,No,No,Yes,Yes,Yes,Yes,Two year,No,Electronic check,70.94,2705.05,No
C7003530,Male,0,No,Yes,68,Yes,No,Fiber optic,Yes,No,No,No,Yes,No,Month-to-month,Yes,Bank transfer (automatic),86.04,5856.72,No
C7003531,Male,0,Yes,No,43,Yes,No,Fiber optic,No,No,No,No,No,Yes,One year,Yes,Mailed check,77.75,3346.61,No
C7003532,Male,0,No,No,24,Yes,Yes,Fiber optic,Yes,Yes,Yes,No,Yes,No,Two year,No,Electronic check,94.08,2268.92,No
C7003533,Male,0,Yes,No,64,Yes,No,Fiber optic,No,No,No,Yes,No,No,One year,Yes,Electronic check,71.75,4628.8,No
C7003534,Female,0,Yes,Yes,5,No,No phone service,Fiber optic,No,No,No,No,No,No,Month-to-month,No,Credit card (automatic),59.7,291.9,No
C7003535,Female,0,Yes,No,18,Yes,Yes,Fiber optic,No,No,Yes,No,Yes,No,Two year,Yes,Credit card (automatic),80.08,1478.01,No
C7003536,Male,0,No,Yes,12,Yes,Yes,No,No internet service,No internet service,No internet service,No internet service,No internet service,No internet service,Month-to-month,Yes,Bank transfer (automatic),24.9,277.93,No
C7003537,Female,0,No,No,0,No,No phone service,DSL,No,No,No,No,Yes,No,Month-to-month,Yes,Credit card (automatic),45.12,0.0,No
C7003538,Male,0,No,No,69,Yes,Yes,Fiber optic,No,No,Yes,Yes,Yes,No,Month-to-month,Yes,Electronic check,91.26,6315.27,No
C7003539,Male,0,No,No,15,Yes,No,No,No internet service,No internet service,No internet service,No internet service,No internet service,No internet service,Month-to-month,No,Electronic check,27.98,420.99,No
C7003540,Female,0,Yes,Yes,5,Yes,Yes,Fiber optic,Yes,No,No,No,Yes,Yes,One year,No,Credit card (automatic),88.51,419.4,No
C7003541,Female,0,No,No,66,Yes,No,No,No internet service,No internet service,No internet service,No internet service,No internet service,No internet service,Two year,Yes,Electronic check,25.22,1665.28,No
C7003542,Female,0,No,No,70,Yes,Yes,Fiber optic,Yes,No,No,Yes,Yes,Yes,One year,Yes,Mailed check,97.19,6797.17,Yes
C7003543,Male,0,No,No,15,Yes,No,No,No internet service,No internet service,No internet service,No internet service,No internet service,No internet service,One year,No,Electronic check,26.73,407.02,No
C7003544,Male,1,No,No,29,No,No phone service,No,No internet service,No internet service,No internet service,No internet service,No internet service,No internet service,Two year,Yes,Mailed check,21.33,614.86,Yes
C7003545,Male,0,No,Yes,49,Yes,Yes,Fiber optic,No,Yes,No,Yes,No,No,Month-to-month,Yes,Credit card (automatic),88.14,4338.41,No
C7003546,Male,0,Yes,Yes,31,No,No phone service,DSL,No,No,No,No,Yes,Yes,Two year,Yes,Mailed check,56.79,1763.09,Yes
C7003547,Female,0,No,Yes,57,Yes,No,Fiber optic,No,No,Yes,No,Yes,Yes,One year,No,Electronic check,82.36,4698.78,No
C7003548,Male,0,No,No,18,Yes,No,DSL,No,No,No,Yes,No,Yes,Month-to-month,Yes,Bank transfer (automatic),60.86,1092.71,No
C7003549,Female,0,No,Yes,59,Yes,Yes,DSL,No,Yes,No,No,No,No,Month-to-month,Yes,Credit card (automatic),65.59,3880.27,No
C7003550,Female,0,Yes,No,40,Yes,No,Fiber optic,No,No,No,Yes,Yes,Yes,Two year,Yes,Electronic check,84.31,3370.74,No
C7003551,Female,0,Yes,No,0,Yes,No,Fiber optic,Yes,No,Yes,No,No,Yes,One year,Yes,Bank transfer (automatic),87.14,0.0,Yes
C7003552,Male,0,No,No,45,Yes,Yes,No,No internet service,No internet service,No internet service,No internet service,No internet service,No internet service,One year,Yes,Mailed check,35.79,1589.74,No
C7003553,Female,0,No,No,0,No,No phone service,DSL,No,No,No,No,Yes,Yes,Month-to-month,Yes,Electronic check,53.45,0.0,No
C7003554,Male,0,No,No,61,Yes,Yes,DSL,Yes,No,No,No,No,No,Two year,Yes,Credit card (automatic),56.08,3412.18,No
C7003555,Female,0,No,No,72,Yes,No,Fiber optic,No,No,Yes,No,Yes,Yes,Month-to-month,Yes,Electronic check,84.92,6099.5,No
C7003556,Male,1,No,No,11,Yes,No,Fiber optic,Yes,No,Yes,Yes,No,Yes,Month-to-month,No,Credit card (automatic),88.35,952.03,No
C7003557,Female,0,No,No,38,Yes,Yes,DSL,No,No,No,No,No,Yes,Month-to-month,No,Electronic check,60.19,2274.33,Yes
C7003558,Female,0,Yes,Yes,24,Yes,No,DSL,No,Yes,Yes,Yes,No,No,Two year,Yes,Bank transfer (automatic),61.32,1477.13,No
C7003559,Female,1,Yes,No,4,Yes,Yes,DSL,No,No,No,No,No,No,Month-to-month,Yes,Electronic check,51.52,212.9,Yes
C7003560,Female,0,No,No,49,Yes,No,No,No internet service,No internet service,No internet service,No internet service,No internet service,No internet service,Two year,Yes,Credit card (automatic),24.49,1212.09,No
C7003561,Male,0,Yes,No,1,Yes,No,DSL,No,No,Yes,No,No,No,Month-to-month,Yes,Bank transfer (automatic),53.57,46.89,No
C7003562,Female,0,Yes,Yes,1,Yes,No,Fiber optic,No,No,Yes,Yes,No,No,One year,Yes,Electronic check,84.81,100.22,No
C7003563,Male,0,No,Yes,59,Yes,Yes,No,No internet service,No internet service,No internet service,No internet service,No internet service,No internet service,Month-to-month,Yes,Bank transfer (automatic),27.88,1644.02,No
C7003564,Female,1,Yes,Yes,20,Yes,No,DSL,No,No,No,No,No,No,Month-to-month,No,Bank transfer (automatic),48.82,986.46,Yes
C7003565,Female,1,No,No,66,Yes,No,No,No internet service,No internet service,No internet service,No internet service,No internet service,No internet service,Month-to-month,No,Mailed check,26.45,1747.39,No
C7003566,Female,0,Yes,Yes,43,Yes,No,Fiber optic,Yes,Yes,No,No,No,Yes,Two year,Yes,Credit card (automatic),93.02,3988.88,No
C7003567,Male,0,No,No,38,Yes,Yes,Fiber optic,No,No,No,No,No,No,Month-to-month,Yes,Credit card (automatic),74.35,2804.19,No
C7003568,Female,0,Yes,No,29,Yes,No,No,No internet service,No internet service,No internet service,No internet service,No internet service,No internet service,Two year,No,Mailed check,27.95,792.65,No
C7003569,Male,1,No,Yes,27,Yes,Yes,DSL,No,Yes,Yes,No,Yes,Yes,Two year,No,Electronic check,73.74,1976.55,No
C7003570,Female,0,No,No,16,Yes,No,No,No internet service,No internet service,No internet service,No internet service,No internet service,No internet service,Month-to-month,No,Bank transfer (automatic),21.09,330.07,No
C7003571,Male,0,Yes,Yes,51,Yes,Yes,DSL,No,No,Yes,Yes,No,No,Two year,Yes,Bank transfer (automatic),62.61,3202.8,No
C7003572,Male,0,Yes,No,44,Yes,Yes,Fiber optic,Yes,No,Yes,No,No,No,One year,Yes,Mailed check,84.09,3714.88,Yes
C7003573,Male,0,Yes,Yes,1,Yes,Yes,DSL,No,No,No,No,No,No,Month-to-month,Yes,Mailed check,60.18,76.17,No
C7003574,Male,0,Yes,No,23,Yes,Yes,Fiber optic,No,Yes,No,Yes,No,No,Month-to-month,No,Mailed check,87.59,1967.65,No
C7003575,Male,1,Yes,No,65,Yes,No,DSL,No,Yes,Yes,No,No,Yes,Month-to-month,No,Mailed check,67.31,4368.19,No
C7003576,Female,0,Yes,Yes,35,Yes,No,DSL,Yes,Yes,No,No,No,No,One year,Yes,Electronic check,58.69,2050.18,No
C7003577,Male,0,No,Yes,18,Yes,No,DSL,Yes,Yes,Yes,No,No,No,Two year,Yes,Electronic check,63.25,1132.25,No
C7003578,Female,0,Yes,No,16,Yes,Yes,DSL,Yes,No,No,Yes,No,Yes,Month-to-month,Yes,Electronic check,67.26,1050.42,No
C7003579,Male,1,Yes,No,13,Yes,Yes,DSL,No,No,No,Yes,No,Yes,Month-to-month,No,Electronic check,67.27,889.9,No
C7003580,Female,0,Yes,Yes,62,Yes,Yes,Fiber optic,No,No,Yes,Yes,No,Yes,Month-to-month,Yes,Electronic check,93.02,5794.54,No
C7003581,Female,0,Yes,No,22,Yes,No,Fiber optic,No,Yes,No,Yes,No,No,One year,No,Credit card (automatic),82.8,1816.47,Yes
C7003582,Male,0,No,No,21,Yes,No,Fiber optic,Yes,Yes,No,Yes,No,No,One year,Yes,Bank transfer (automatic),81.04,1735.03,No
C7003583,Female,0,No,No,4,Yes,Yes,Fiber optic,Yes,No,Yes,No,Yes,No,Month-to-month,Yes,Mailed check,87.47,315.09,Yes
C7003584,Female,0,No,No,64,Yes,Yes,DSL,No,No,Yes,No,Yes,No,One year,No,Electronic check,71.19,4539.6,No
C7003585,Female,1,No,No,28,Yes,No,DSL,Yes,Yes,Yes,No,Yes,Yes,Month-to-month,No,Credit card (automatic),77.19,2157.33,Yes
C7003586,Male,0,Yes,No,51,Yes,No,Fiber optic,Yes,Yes,No,No,Yes,Yes,One year,No,Electronic check,93.3,4768.02,No
C7003587,Male,0,Yes,No,52,Yes,Yes,Fiber optic,No,No,Yes,No,Yes,Yes,Two year,No,Credit card (automatic),89.6,4660.43,No
C7003588,Female,0,No,No,25,Yes,Yes,Fiber optic,Yes,Yes,No,No,No,Yes,Month-to-month,Yes,Bank transfer (automatic),92.61,2298.85,No
C7003589,Male,1,Yes,No,36,Yes,Yes,DSL,No,No,No,No,No,Yes,One year,Yes,Electronic check,58.8,2127.87,No
C7003590,Female,0,No,Yes,7,Yes,Yes,Fiber optic,No,No,No,No,Yes,Yes,One year,Yes,Electronic check,86.92,617.18,Yes
C7003591,Male,0,No,No,48,Yes,No,Fiber optic,Yes,Yes,Yes,Yes,Yes,Yes,Month-to-month,Yes,Bank transfer (automatic),99.68,4776.53,No
C7003592,Female,0,No,Yes,49,Yes,No,Fiber optic,Yes,No,Yes,No,Yes,Yes,Month-to-month,No,Electronic check,89.7,4389.66,No
C7003593,Male,1,No,Yes,15,No,No phone service,No,No internet service,No internet service,No internet service,No internet service,No internet service,No internet service,Two year,Yes,Mailed check,20.05,283.84,No
C7003594,Male,1,No,No,14,Yes,No,Fiber optic,Yes,No,Yes,Yes,No,No,Month-to-month,Yes,Credit card (automatic),78.37,1105.2,No
C7003595,Female,0,Yes,No,29,Yes,Yes,Fiber optic,No,Yes,No,Yes,No,Yes,One year,No,Electronic check,86.38,2487.2,No
C7003596,Female,0,Yes,Yes,50,Yes,Yes,Fiber optic,Yes,Yes,No,No,No,Yes,Two year,No,Electronic check,93.46,4653.45,No
C7003597,Female,0,No,Yes,37,Yes,Yes,No,No internet service,No internet service,No internet service,No internet service,No internet service,No internet service,Two year,Yes,Mailed check,31.86,1203.19,No
C7003598,Female,0,No,No,4,No,No phone service,No,No internet service,No internet service,No internet service,No internet service,No internet service,No internet service,One year,No,Electronic check,21.66,88.03,No
C7003599,Male,0,Yes,No,41,Yes,No,DSL,Yes,No,No,No,Yes,No,Month-to-month,Yes,Bank transfer (automatic),56.01,2285.6,No
C7003600,Male,1,Yes,No,51,No,No phone service,DSL,No,No,Yes,No,No,Yes,Month-to-month,Yes,Credit card (automatic),53.45,2697.07,No
C7003601,Male,0,Yes,No,13,Yes,Yes,No,No internet service,No internet service,No internet service,No internet service,No internet service,No internet service,One year,Yes,Mailed check,33.36,435.39,No
C7003602,Male,0,No,No,32,Yes,No,Fiber optic,Yes,No,No,No,Yes,Yes,Two year,No,Mailed check,80.7,2582.63,No
C7003603,Male,0,Yes,Yes,58,Yes,Yes,Fiber optic,Yes,No,No,No,No,Yes,Month-to-month,No,Mailed check,82.85,4821.96,No
C7003604,Female,0,Yes,No,23,No,No phone service,Fiber optic,No,No,No,Yes,No,No,Month-to-month,Yes,Mailed check,65.48,1470.73,Yes
C7003605,Male,0,Yes,No,6,Yes,Yes,DSL,Yes,No,No,Yes,No,Yes,Month-to-month,No,Credit card (automatic),71.8,419.51,No
C7003606,Male,0,No,No,67,Yes,Yes,No,No internet service,No internet service,No internet service,No internet service,No internet service,No internet service,Month-to-month,Yes,Electronic check,27.93,1879.55,No
C7003607,Male,0,No,No,7,Yes,Yes,Fiber optic,Yes,Yes,Yes,No,Yes,No,Two year,Yes,Credit card (automatic),98.73,688.64,No
C7003608,Male,0,No,Yes,4,Yes,No,No,No internet service,No internet service,No internet service,No internet service,No internet service,No internet service,Month-to-month,No,Bank transfer (automatic),25.46,112.55,No
C7003609,Male,0,No,No,18,Yes,Yes,Fiber optic,No,Yes,Yes,Yes,No,No,One year,Yes,Mailed check,91.18,1645.26,No
C7003610,Female,0,Yes,Yes,54,Yes,Yes,DSL,Yes,No,No,No,Yes,Yes,Month-to-month,Yes,Credit card (automatic),71.49,3863.7,No
C7003611,Male,0,No,No,47,Yes,No,No,No internet service,No internet service,No internet service,No internet service,No internet service,No internet service,Month-to-month,No,Electronic check,29.5,1395.68,No
C7003612,Female,0,No,Yes,17,Yes,Yes,Fiber optic,No,No,Yes,No,No,Yes,One year,Yes,Electronic check,86.95,1459.78,No
C7003613,Female,0,Yes,No,5,Yes,Yes,Fiber optic,Yes,No,No,No,Yes,No,Two year,No,Credit card (automatic),88.42,447.19,No
C7003614,Female,0,No,No,69,Yes,Yes,DSL,Yes,No,Yes,Yes,Yes,Yes,Month-to-month,Yes,Credit card (automatic),78.16,5398.87,No
C7003615,Female,0,No,Yes,0,Yes,Yes,Fiber optic,Yes,No,No,No,No,No,Month-to-month,Yes,Credit card (automatic),77.89,0.0,Yes
C7003616,Male,0,Yes,No,67,Yes,No,Fiber optic,Yes,No,No,No,No,Yes,Month-to-month,No,Bank transfer (automatic),75.46,5024.5,No
C7003617,Male,0,Yes,Yes,34,Yes,Yes,Fiber optic,No,No,Yes,No,No,No,One year,Yes,Electronic check,81.57,2767.45,No
C7003618,Male,0,No,No,14,Yes,Yes,No,No internet service,No internet service,No internet service,No internet service,No internet service,No internet service,Month-to-month,No,Credit card (automatic),28.77,410.92,No
C7003619,Female,1,Yes,No,25,Yes,No,No,No internet service,No internet service,No internet service,No internet service,No internet service,No internet service,Month-to-month,Yes,Mailed check,24.65,629.52,No
C7003620,Female,0,No,Yes,22,Yes,No,DSL,Yes,Yes,No,Yes,Yes,No,Month-to-month,No,Credit card (automatic),70.06,1538.14,Yes
C7003621,Male,0,Yes,Yes,11,Yes,No,No,No internet service,No internet service,No internet service,No internet service,No internet service,No internet service,Two year,Yes,Bank transfer (automatic),26.44,285.78,No
C7003622,Male,0,No,Yes,31,Yes,Yes,No,No internet service,No internet service,No internet service,No internet service,No internet service,No internet service,Month-to-month,Yes,Credit card (automatic),28.3,873.9,No
C7003623,Female,0,No,No,47,Yes,Yes,No,No internet service,No internet service,No internet service,No internet service,No internet service,No internet service,One year,Yes,Electronic check,31.0,1478.24,No
C7003624,Female,0,No,No,34,No,No phone service,No,No internet service,No internet service,No internet service,No internet service,No internet service,No internet service,Two year,Yes,Mailed check,18.0,611.31,No
C7003625,Female,0,Yes,Yes,46,Yes,Yes,Fiber optic,Yes,No,Yes,Yes,No,Yes,Month-to-month,Yes,Electronic check,98.61,4525.36,Yes
C7003626,Female,0,No,Yes,70,Yes,Yes,No,No internet service,No internet service,No internet service,No internet service,No internet service,No internet service,Month-to-month,Yes,Bank transfer (automatic),23.33,1623.94,No
C7003627,Female,0,No,No,8,No,No phone service,Fiber optic,Yes,Yes,No,No,Yes,Yes,Month-to-month,No,Mailed check,81.73,642.67,No
C7003628,Female,0,No,Yes,53,Yes,No,DSL,Yes,No,Yes,No,No,Yes,Two year,Yes,Electronic check,67.0,3563.54,No
C7003629,Male,0,No,No,16,Yes,No,No,No internet service,No internet service,No internet service,No internet service,No internet service,No internet service,Month-to-month,Yes,Electronic check,26.78,444.86,No
C7003630,Male,0,No,No,1,Yes,Yes,DSL,Yes,No,No,No,Yes,Yes,One year,Yes,Electronic check,71.84,46.37,No
C7003631,Female,1,No,Yes,26,Yes,No,Fiber optic,Yes,Yes,Yes,Yes,Yes,No,Month-to-month,No,Credit card (automatic),91.07,2360.2,No
C7003632,Female,0,Yes,No,28,Yes,Yes,Fiber optic,No,No,Yes,No,No,Yes,Month-to-month,No,Electronic check,75.98,2135.91,Yes
C7003633,Male,0,Yes,Yes,72,Yes,No,DSL,No,Yes,No,Yes,Yes,Yes,Month-to-month,Yes,Mailed check,74.1,5339.05,No
C7003634,Female,0,No,No,25,Yes,No,No,No internet service,No internet service,No internet service,No internet service,No internet service,No internet service,One year,No,Bank transfer (automatic),25.04,621.54,No
C7003635,Male,0,Yes,No,56,Yes,No,Fiber optic,Yes,No,Yes,No,Yes,Yes,Month-to-month,Yes,Electronic check,91.81,5153.98,No
C7003636,Female,0,No,Yes,68,Yes,Yes,Fiber optic,No,No,No,No,No,No,One year,Yes,Mailed check,72.35,4940.81,No
C7003637,Male,0,Yes,No,24,Yes,No,Fiber optic,No,Yes,Yes,Yes,Yes,Yes,Two year,Yes,Mailed check,94.89,2266.67,No
C7003638,Female,0,Yes,No,13,Yes,No,Fiber optic,No,No,No,Yes,No,No,Month-to-month,Yes,Electronic check,70.16,888.24,Yes
C7003639,Female,0,No,No,70,No,No phone service,DSL,No,Yes,Yes,No,Yes,No,Month-to-month,No,Electronic check,59.12,4137.01,No
C7003640,Male,1,Yes,Yes,33,Yes,No,Fiber optic,Yes,Yes,Yes,Yes,No,Yes,Month-to-month,No,Bank transfer (automatic),97.58,3203.86,No
C7003641,Male,0,No,No,33,No,No phone service,DSL,No,Yes,No,Yes,Yes,No,One year,Yes,Credit card (automatic),53.59,1779.21,Yes
C7003642,Female,0,No,Yes,53,Yes,No,No,No internet service,No internet service,No internet service,No internet service,No internet service,No internet service,Two year,Yes,Electronic check,31.54,1656.15,No
C7003643,Male,0,Yes,Yes,27,Yes,Yes,DSL,No,No,No,Yes,No,Yes,Month-to-month,Yes,Credit card (automatic),60.89,1673.56,No
C7003644,Male,1,Yes,Yes,39,Yes,Yes,No,No internet service,No internet service,No internet service,No internet service,No internet service,No internet service,One year,Yes,Electronic check,28.13,1079.79,No
C7003645,Female,0,Yes,No,68,Yes,No,DSL,Yes,No,No,No,Yes,No,Month-to-month,Yes,Bank transfer (automatic),58.95,4006.82,No
C7003646,Male,1,No,Yes,3,Yes,Yes,DSL,No,No,No,No,No,Yes,One year,Yes,Electronic check,66.44,202.35,No
C7003647,Male,1,Yes,Yes,53,Yes,Yes,No,No internet service,No internet service,No internet service,No internet service,No internet service,No internet service,Month-to-month,No,Mailed check,29.28,1542.09,No
C7003648,Male,0,No,No,28,Yes,Yes,Fiber optic,No,Yes,No,Yes,Yes,No,Month-to-month,No,Mailed check,91.82,2568.29,No
C7003649,Female,0,No,No,39,Yes,Yes,DSL,Yes,Yes,No,No,No,Yes,Two year,Yes,Electronic check,66.51,2596.89,No
C7003650,Male,0,Yes,Yes,66,Yes,No,Fiber optic,No,Yes,No,Yes,No,Yes,Month-to-month,Yes,Credit card (automatic),83.37,5531.43,No
C7003651,Male,0,No,No,43,Yes,No,DSL,Yes,Yes,Yes,No,Yes,Yes,Two year,Yes,Credit card (automatic),75.13,3235.88,No
C7003652,Male,0,Yes,Yes,30,Yes,No,DSL,No,Yes,Yes,No,No,No,Month-to-month,Yes,Electronic check,54.39,1632.76,No
C7003653,Male,0,No,No,71,Yes,Yes,DSL,No,Yes,No,No,No,No,Month-to-month,Yes,Bank transfer (automatic),56.36,4020.38,No
C7003654,Male,0,Yes,No,44,Yes,Yes,DSL,No,Yes,No,Yes,No,No,Month-to-month,No,Mailed check,63.35,2797.68,No
C7003655,Male,1,No,No,11,Yes,Yes,DSL,Yes,Yes,No,No,Yes,No,Month-to-month,No,Electronic check,71.45,804.59,Yes
C7003656,Male,1,Yes,No,6,Yes,Yes,Fiber optic,No,Yes,Yes,Yes,No,Yes,Month-to-month,Yes,Electronic check,94.87,556.65,Yes
C7003657,Male,0,No,No,25,Yes,No,No,No internet service,No internet service,No internet service,No internet service,No internet service,No internet service,One year,Yes,Electronic check,27.06,654.95,No
C7003658,Female,0,Yes,Yes,52,Yes,Yes,Fiber optic,No,Yes,No,Yes,No,Yes,Month-to-month,No,Electronic check,87.34,4567.54,No
C7003659,Male,0,No,No,30,No,No phone service,Fiber optic,No,Yes,No,Yes,No,No,Month-to-month,Yes,Mailed check,78.83,2372.5,Yes
C7003660,Male,0,No,No,12,Yes,No,DSL,No,No,No,Yes,No,Yes,Month-to-month,No,Credit card (automatic),62.03,736.25,No
C7003661,Female,0,No,No,71,Yes,No,No,No internet service,No internet service,No internet service,No internet service,No internet service,No internet service,One year,No,Mailed check,23.91,1681.28,No
C7003662,Female,0,No,No,14,Yes,No,DSL,No,Yes,No,Yes,No,Yes,Two year,No,Mailed check,63.52,883.03,No
C7003663,Female,1,Yes,No,6,No,No phone service,DSL,No,No,No,No,Yes,No,Month-to-month,Yes,Credit card (automatic),48.5,319.36,Yes
C7003664,Male,0,Yes,No,27,Yes,No,No,No internet service,No internet service,No internet service,No internet service,No internet service,No internet service,Month-to-month,No,Credit card (automatic),22.22,581.51,No
C7003665,Male,0,Yes,No,8,Yes,Yes,Fiber optic,Yes,No,Yes,No,No,Yes,Two year,Yes,Bank transfer (automatic),88.42,735.2,No
C7003666,Male,0,No,No,43,Yes,Yes,DSL,No,Yes,No,No,Yes,Yes,Month-to-month,Yes,Mailed check,69.71,2988.71,No
C7003667,Male,0,Yes,Yes,31,Yes,No,Fiber optic,Yes,No,No,No,Yes,Yes,Month-to-month,Yes,Electronic check,85.66,2655.34,No
C7003668,Male,0,Yes,No,67,Yes,No,DSL,Yes,No,Yes,Yes,Yes,Yes,Month-to-month,No,Electronic check,77.54,5195.49,No
C7003669,Female,0,No,Yes,12,Yes,No,DSL,Yes,Yes,No,No,Yes,Yes,One year,Yes,Bank transfer (automatic),70.59,849.32,No
C7003670,Male,0,Yes,Yes,19,Yes,No,Fiber optic,No,No,Yes,Yes,Yes,No,Two year,No,Credit card (automatic),80.93,1515.02,No
C7003671,Female,0,No,No,49,Yes,No,No,No internet service,No internet service,No internet service,No internet service,No internet service,No internet service,One year,No,Credit card (automatic),24.55,1240.36,No
C7003672,Male,0,Yes,No,50,Yes,Yes,No,No internet service,No internet service,No internet service,No internet service,No internet service,No internet service,Two year,Yes,Mailed check,32.07,1614.48,No
C7003673,Male,0,Yes,No,26,Yes,No,Fiber optic,No,No,Yes,Yes,No,Yes,One year,Yes,Electronic check,90.6,2368.09,No
C7003674,Female,0,No,No,67,Yes,No,Fiber optic,Yes,Yes,Yes,No,Yes,Yes,One year,No,Credit card (automatic),94.82,6354.57,No
C7003675,Female,0,No,Yes,61,No,No phone service,Fiber optic,No,Yes,Yes,No,Yes,No,Month-to-month,Yes,Bank transfer (automatic),79.84,4874.26,No
C7003676,Male,0,No,No,44,Yes,Yes,No,No internet service,No internet service,No internet service,No internet service,No internet service,No internet service,One year,No,Mailed check,29.54,1306.85,No
C7003677,Female,0,Yes,No,54,Yes,No,Fiber optic,Yes,No,Yes,No,Yes,Yes,Month-to-month,Yes,Electronic check,90.7,4903.18,No
C7003678,Male,0,Yes,Yes,39,Yes,Yes,DSL,Yes,No,No,No,Yes,No,Month-to-month,No,Bank transfer (automatic),62.63,2429.4,Yes
C7003679,Male,0,Yes,Yes,34,Yes,No,No,No internet service,No internet service,No internet service,No internet service,No internet service,No internet service,One year,Yes,Electronic check,27.85,937.2,No
C7003680,Female,0,Yes,Yes,39,Yes,No,No,No internet service,No internet service,No internet service,No internet service,No internet service,No internet service,Two year,No,Bank transfer (automatic),25.74,1018.67,No
C7003681,Male,1,No,No,61,Yes,No,DSL,Yes,No,Yes,Yes,Yes,Yes,One year,No,Bank transfer (automatic),81.84,5013.51,No
C7003682,Male,1,Yes,Yes,1,No,No phone service,Fiber optic,No,Yes,No,Yes,Yes,Yes,Month-to-month,Yes,Electronic check,84.81,72.99,No
C7003683,Male,0,No,No,7,Yes,No,No,No internet service,No internet service,No internet service,No internet service,No internet service,No internet service,Two year,Yes,Electronic check,27.43,188.61,No
C7003684,Male,0,No,Yes,34,Yes,No,DSL,No,No,No,No,No,Yes,Month-to-month,Yes,Mailed check,53.69,1821.57,No
C7003685,Male,0,Yes,No,42,Yes,Yes,No,No internet service,No internet service,No internet service,No internet service,No internet service,No internet service,Month-to-month,No,Mailed check,30.88,1310.37,No
C7003686,Male,1,No,Yes,13,Yes,Yes,DSL,Yes,Yes,Yes,No,Yes,Yes,One year,No,Bank transfer (automatic),81.75,1060.86,No
C7003687,Female,0,Yes,No,44,Yes,No,Fiber optic,Yes,Yes,Yes,No,Yes,No,Month-to-month,Yes,Electronic check,95.5,4197.2,Yes
C7003688,Female,0,No,No,1,Yes,Yes,No,No internet service,No internet service,No internet service,No internet service,No internet service,No internet service,Month-to-month,Yes,Bank transfer (automatic),28.85,17.11,No
C7003689,Male,0,Yes,No,17,No,No phone service,No,No internet service,No internet service,No internet service,No internet service,No internet service,No internet service,One year,No,Credit card (automatic),18.74,332.87,No
C7003690,Male,1,No,No,33,No,No phone service,DSL,No,No,No,Yes,No,Yes,Two year,No,Bank transfer (automatic),55.09,1817.12,No
C7003691,Female,0,Yes,No,3,Yes,Yes,No,No internet service,No internet service,No internet service,No internet service,No internet service,No internet service,Month-to-month,No,Electronic check,24.81,69.78,No
C7003692,Male,0,Yes,Yes,46,Yes,No,Fiber optic,Yes,Yes,No,Yes,No,No,Month-to-month,Yes,Bank transfer (automatic),87.55,4026.24,Yes
C7003693,Female,0,Yes,No,39,Yes,Yes,No,No internet service,No internet service,No internet service,No internet service,No internet service,No internet service,Month-to-month,Yes,Electronic check,29.82,1187.23,No
C7003694,Female,0,Yes,Yes,41,Yes,No,Fiber optic,Yes,Yes,No,No,No,No,One year,Yes,Electronic check,81.36,3340.14,No
C7003695,Male,0,No,No,37,Yes,No,No,No internet service,No internet service,No internet service,No internet service,No internet service,No internet service,Month-to-month,Yes,Electronic check,23.58,895.29,No
C7003696,Male,0,Yes,No,50,Yes,No,Fiber optic,No,No,Yes,Yes,Yes,No,One year,Yes,Bank transfer (automatic),84.68,4219.97,No
C7003697,Male,1,No,Yes,47,Yes,No,Fiber optic,No,No,Yes,No,Yes,Yes,One year,No,Mailed check,86.88,4085.74,No
C7003698,Male,0,No,Yes,48,Yes,Yes,Fiber optic,Yes,No,No,No,Yes,Yes,One year,Yes,Credit card (automatic),91.4,4385.82,No
C7003699,Male,0,Yes,Yes,15,Yes,Yes,Fiber optic,Yes,Yes,No,No,Yes,No,Month-to-month,No,Credit card (automatic),86.99,1345.12,Yes
C7003700,Female,0,Yes,No,50,No,No phone service,DSL,Yes,No,No,No,No,Yes,Month-to-month,No,Electronic check,57.58,2879.45,No
C7003701,Male,0,Yes,No,13,Yes,No,DSL,No,No,No,Yes,No,Yes,Two year,Yes,Credit card (automatic),60.64,775.67,No
C7003702,Female,0,No,Yes,1,Yes,No,No,No internet service,No internet service,No internet service,No internet service,No internet service,No internet service,Two year,Yes,Credit card (automatic),24.2,29.79,No
C7003703,Female,0,Yes,No,71,Yes,Yes,Fiber optic,No,Yes,Yes,No,No,No,Month-to-month,No,Credit card (automatic),83.73,5953.35,No
C7003704,Male,0,No,Yes,13,Yes,Yes,Fiber optic,No,Yes,Yes,No,No,No,Month-to-month,No,Bank transfer (automatic),86.75,1151.36,No
C7003705,Male,0,Yes,Yes,8,Yes,No,DSL,No,No,No,Yes,Yes,Yes,Two year,No,Electronic check,61.8,488.9,No
C7003706,Male,0,Yes,No,22,Yes,No,Fiber optic,Yes,Yes,Yes,No,No,No,Month-to-month,Yes,Electronic check,81.56,1814.65,Yes
C7003707,Female,0,Yes,Yes,72,Yes,No,Fiber optic,No,Yes,No,Yes,No,No,Two year,Yes,Mailed check,83.27,5998.37,No
C7003708,Male,0,No,No,63,Yes,No,No,No internet service,No internet service,No internet service,No internet service,No internet service,No internet service,Month-to-month,No,Electronic check,25.85,1636.71,No
C7003709,Female,0,No,No,52,Yes,Yes,DSL,Yes,No,No,No,Yes,Yes,Month-to-month,Yes,Electronic check,71.46,3726.61,No
C7003710,Female,0,No,Yes,13,No,No phone service,DSL,Yes,No,No,No,No,Yes,Month-to-month,Yes,Electronic check,54.25,704.73,Yes
C7003711,Female,0,Yes,No,45,Yes,Yes,DSL,No,Yes,No,Yes,No,Yes,Month-to-month,No,Mailed check,71.65,3203.22,No
C7003712,Female,0,Yes,Yes,60,Yes,Yes,DSL,Yes,Yes,Yes,No,No,Yes,Two year,Yes,Electronic check,72.9,4377.75,No
C7003713,Female,0,No,No,24,No,No phone service,Fiber optic,No,Yes,No,No,No,No,Two year,Yes,Credit card (automatic),71.36,1705.76,Yes
C7003714,Female,0,No,No,18,Yes,Yes,Fiber optic,No,Yes,Yes,No,No,Yes,Month-to-month,Yes,Credit card (automatic),86.74,1544.65,No
C7003715,Female,1,No,No,63,Yes,Yes,Fiber optic,No,Yes,Yes,Yes,No,No,Two year,Yes,Credit card (automatic),93.11,5869.21,No
C7003716,Female,1,Yes,No,9,Yes,Yes,No,No internet service,No internet service,No internet service,No internet service,No internet service,No internet service,Month-to-month,No,Bank transfer (automatic),32.84,281.92,No
C7003717,Female,0,No,No,66,Yes,Yes,No,No internet service,No internet service,No internet service,No internet service,No internet service,No internet service,One year,Yes,Mailed check,29.07,1921.68,No
C7003718,Female,0,Yes,Yes,34,Yes,Yes,Fiber optic,No,Yes,No,No,Yes,No,Month-to-month,Yes,Electronic check,83.59,2843.38,No
C7003719,Male,0,No,No,52,Yes,No,Fiber optic,No,No,No,No,Yes,No,Month-to-month,Yes,Electronic check,76.75,3988.85,No
C7003720,Female,0,Yes,Yes,27,Yes,Yes,Fiber optic,Yes,No,Yes,No,Yes,No,Month-to-month,No,Mailed check,87.07,2337.12,No
C7003721,Female,0,No,No,51,Yes,No,Fiber optic,No,No,Yes,No,Yes,No,One year,Yes,Electronic check,78.09,3962.13,No
C7003722,Female,0,Yes,No,67,Yes,No,DSL,No,No,No,No,No,Yes,Two year,No,Mailed check,58.47,3920.83,No
C7003723,Male,0,No,Yes,36,Yes,Yes,DSL,No,No,No,No,No,Yes,Two year,No,Electronic check,59.2,2150.36,No
C7003724,Female,0,No,No,15,No,No phone service,DSL,Yes,No,Yes,No,No,No,Two year,Yes,Bank transfer (automatic),55.77,848.74,No
C7003725,Female,0,No,No,5,No,No phone service,Fiber optic,No,No,Yes,Yes,No,No,Two year,Yes,Credit card (automatic),71.01,336.44,No
C7003726,Female,0,Yes,No,67,Yes,No,DSL,No,Yes,No,Yes,No,No,Month-to-month,Yes,Electronic check,61.55,4118.33,No
C7003727,Male,0,Yes,No,72,Yes,No,Fiber optic,Yes,No,No,No,No,No,Month-to-month,Yes,Bank transfer (automatic),79.6,5727.62,No
C7003728,Female,0,No,No,47,Yes,No,No,No internet service,No internet service,No internet service,No internet service,No internet service,No internet service,One year,No,Bank transfer (automatic),25.81,1194.64,No
C7003729,Female,0,No,No,1,Yes,No,Fiber optic,Yes,No,No,Yes,Yes,Yes,Month-to-month,No,Mailed check,93.77,85.37,No
C7003730,Female,0,No,Yes,64,Yes,No,DSL,No,Yes,No,No,Yes,Yes,Month-to-month,No,Bank transfer (automatic),62.98,4016.64,No
C7003731,Female,0,Yes,No,36,Yes,Yes,Fiber optic,Yes,Yes,No,No,Yes,No,Month-to-month,No,Electronic check,96.59,3501.17,No
C7003732,Female,0,Yes,Yes,17,Yes,No,Fiber optic,No,No,No,No,Yes,Yes,Month-to-month,Yes,Bank transfer (automatic),79.76,1359.18,Yes
C7003733,Female,1,Yes,No,26,Yes,Yes,DSL,No,Yes,Yes,No,No,No,Two year,No,Bank transfer (automatic),62.13,1637.81,No
C7003734,Male,0,No,No,68,Yes,No,Fiber optic,Yes,No,No,No,No,Yes,Month-to-month,Yes,Bank transfer (automatic),75.07,5109.13,No
C7003735,Female,0,Yes,No,56,No,No phone service,DSL,Yes,No,No,Yes,No,No,Month-to-month,No,Mailed check,57.06,3217.13,No
C7003736,Male,0,Yes,No,43,Yes,No,Fiber optic,Yes,No,Yes,No,No,Yes,Two year,Yes,Mailed check,88.49,3784.5,No
C7003737,Female,0,No,No,53,Yes,No,Fiber optic,Yes,Yes,No,Yes,No,No,Month-to-month,Yes,Electronic check,79.75,4246.19,Yes
C7003738,Female,0,No,Yes,61,Yes,Yes,Fiber optic,No,No,No,No,No,No,Month-to-month,Yes,Electronic check,76.61,4671.98,Yes
C7003739,Male,0,No,Yes,45,Yes,Yes,No,No internet service,No internet service,No internet service,No internet service,No internet service,No internet service,Month-to-month,No,Credit card (automatic),29.31,1317.41,No
C7003740,Male,0,Yes,Yes,22,Yes,No,DSL,No,Yes,Yes,Yes,No,No,One year,Yes,Credit card (automatic),68.22,1516.38,No
C7003741,Male,1,Yes,Yes,5,Yes,No,Fiber optic,No,No,Yes,No,Yes,Yes,Two year,No,Credit card (automatic),82.77,413.14,No
C7003742,Female,1,No,No,8,Yes,Yes,DSL,Yes,Yes,Yes,Yes,Yes,Yes,Month-to-month,No,Bank transfer (automatic),87.05,704.08,Yes
C7003743,Female,0,Yes,No,17,Yes,No,No,No internet service,No internet service,No internet service,No internet service,No internet service,No internet service,Month-to-month,Yes,Credit card (automatic),30.77,509.76,No
C7003744,Male,0,No,No,56,No,No phone service,DSL,No,No,No,Yes,Yes,No,Month-to-month,Yes,Electronic check,53.37,3017.68,No
C7003745,Female,0,Yes,No,6,Yes,Yes,Fiber optic,No,No,Yes,Yes,Yes,Yes,One year,No,Electronic check,92.33,542.2,No
C7003746,Male,0,No,No,9,Yes,Yes,Fiber optic,Yes,No,No,Yes,No,No,Month-to-month,Yes,Mailed check,90.77,801.06,No
C7003747,Female,1,Yes,Yes,71,Yes,No,No,No internet service,No internet service,No internet service,No internet service,No internet service,No internet service,One year,Yes,Credit card (automatic),25.3,1783.25,No
C7003748,Male,0,No,No,29,No,No phone service,Fiber optic,No,No,No,No,Yes,Yes,Month-to-month,Yes,Credit card (automatic),74.48,2141.49,Yes
C7003749,Male,0,No,No,9,Yes,No,Fiber optic,Yes,No,No,No,No,Yes,Two year,No,Electronic check,78.02,675.07,No
C7003750,Male,1,Yes,Yes,63,Yes,Yes,Fiber optic,Yes,Yes,Yes,No,Yes,No,Month-to-month,Yes,Credit card (automatic),98.57,6211.36,No
C7003751,Female,0,Yes,No,70,Yes,No,Fiber optic,Yes,Yes,No,No,Yes,No,One year,Yes,Electronic check,84.36,5887.1,No
C7003752,Male,0,No,No,36,Yes,Yes,DSL,No,No,Yes,No,Yes,Yes,One year,Yes,Credit card (automatic),69.47,2490.61,No
C7003753,Female,0,No,No,8,Yes,No,DSL,No,Yes,Yes,Yes,No,Yes,Month-to-month,Yes,Bank transfer (automatic),68.48,516.14,Yes
C7003754,Male,0,Yes,No,45,Yes,Yes,DSL,No,No,No,Yes,No,Yes,Month-to-month,Yes,Mailed check,65.14,2955.01,No
C7003755,Male,1,Yes,No,62,Yes,Yes,Fiber optic,No,No,Yes,No,Yes,No,Month-to-month,Yes,Electronic check,86.06,5343.44,No
C7003756,Male,1,No,Yes,70,Yes,No,Fiber optic,No,No,No,No,Yes,No,One year,Yes,Credit card (automatic),78.72,5479.17,No
C7003757,Male,0,No,No,41,Yes,No,No,No internet service,No internet service,No internet service,No internet service,No internet service,No internet service,Month-to-month,No,Electronic check,21.48,878.04,Yes
C7003758,Female,0,No,No,68,Yes,No,Fiber optic,No,Yes,Yes,Yes,No,No,Month-to-month,Yes,Bank transfer (automatic),83.76,5692.83,No
C7003759,Male,0,Yes,Yes,60,No,No phone service,DSL,Yes,No,No,No,No,Yes,Month-to-month,No,Bank transfer (automatic),60.34,3618.07,No
C7003760,Female,0,No,Yes,11,Yes,Yes,Fiber optic,Yes,Yes,Yes,Yes,Yes,No,One year,Yes,Electronic check,100.33,1109.07,No
C7003761,Male,0,Yes,Yes,46,Yes,Yes,Fiber optic,No,Yes,No,No,No,No,Two year,No,Bank transfer (automatic),81.9,3744.7,No
C7003762,Male,0,Yes,No,48,Yes,Yes,Fiber optic,No,No,Yes,No,No,Yes,Two year,No,Bank transfer (automatic),84.05,4019.7,No
C7003763,Male,0,No,No,56,Yes,Yes,Fiber optic,No,No,No,No,No,Yes,Month-to-month,Yes,Mailed check,79.12,4423.0,No
C7003764,Male,0,Yes,No,38,Yes,Yes,Fiber optic,No,Yes,Yes,No,No,Yes,Two year,Yes,Bank transfer (automatic),92.56,3525.1,No
C7003765,Female,0,No,No,53,Yes,No,No,No internet service,No internet service,No internet service,No internet service,No internet service,No internet service,One year,Yes,Bank transfer (automatic),24.09,1271.4,No
C7003766,Female,1,Yes,No,42,Yes,Yes,DSL,No,Yes,No,No,Yes,Yes,Two year,Yes,Bank transfer (automatic),72.05,3029.19,No
C7003767,Male,0,Yes,Yes,18,Yes,Yes,Fiber optic,No,No,No,Yes,Yes,Yes,Month-to-month,Yes,Mailed check,93.17,1658.27,No
C7003768,Female,0,No,No,35,Yes,No,No,No internet service,No internet service,No internet service,No internet service,No internet service,No internet service,Two year,Yes,Credit card (automatic),20.46,705.06,No
C7003769,Female,0,Yes,No,68,Yes,No,DSL,No,Yes,Yes,No,No,No,Month-to-month,No,Electronic check,60.22,4105.58,Yes
C7003770,Female,0,No,No,61,Yes,No,Fiber optic,No,No,Yes,No,No,Yes,Month-to-month,Yes,Credit card (automatic),79.81,4876.48,No
C7003771,Female,0,No,Yes,46,Yes,Yes,DSL,Yes,No,No,No,Yes,No,Month-to-month,Yes,Credit card (automatic),66.67,3071.28,No
C7003772,Female,0,Yes,Yes,23,Yes,No,Fiber optic,No,No,No,No,Yes,No,Month-to-month,No,Electronic check,78.63,1820.23,No
C7003773,Female,0,No,Yes,14,Yes,Yes,DSL,No,Yes,Yes,Yes,Yes,No,Month-to-month,Yes,Electronic check,73.61,1039.29,No
C7003774,Female,0,No,No,20,Yes,No,DSL,No,No,Yes,Yes,No,Yes,Month-to-month,Yes,Credit card (automatic),67.84,1349.05,No
C7003775,Male,0,No,Yes,22,Yes,No,Fiber optic,No,No,No,No,Yes,Yes,Two year,Yes,Electronic check,82.72,1828.21,No
C7003776,Female,0,Yes,No,70,Yes,No,Fiber optic,No,Yes,Yes,No,No,No,Month-to-month,No,Electronic check,80.47,5634.78,No
C7003777,Male,1,No,Yes,38,Yes,No,DSL,No,No,No,No,Yes,No,Month-to-month,Yes,Bank transfer (automatic),55.82,2117.23,Yes
C7003778,Female,0,No,No,28,Yes,Yes,Fiber optic,Yes,No,No,No,Yes,Yes,Month-to-month,No,Bank transfer (automatic),89.41,2497.69,No
C7003779,Female,0,No,Yes,64,Yes,Yes,Fiber optic,Yes,No,No,No,No,No,Month-to-month,No,Bank transfer (automatic),77.55,4979.07,No
C7003780,Male,0,Yes,Yes,26,Yes,Yes,DSL,No,Yes,Yes,Yes,Yes,Yes,Month-to-month,Yes,Electronic check,82.18,2147.85,Yes
C7003781,Female,0,Yes,No,58,Yes,Yes,No,No internet service,No internet service,No internet service,No internet service,No internet service,No internet service,Month-to-month,No,Credit card (automatic),30.92,1786.35,No
C7003782,Female,0,No,No,46,Yes,Yes,No,No internet service,No internet service,No internet service,No internet service,No internet service,No internet service,Month-to-month,Yes,Credit card (automatic),30.87,1409.89,No
C7003783,Male,0,No,No,22,Yes,No,Fiber optic,No,No,Yes,No,Yes,No,Month-to-month,No,Electronic check,83.76,1834.82,Yes
C7003784,Female,0,No,No,70,Yes,Yes,No,No internet service,No internet service,No internet service,No internet service,No internet service,No internet service,Month-to-month,Yes,Credit card (automatic),28.17,1983.15,No
C7003785,Female,0,No,No,50,Yes,No,No,No internet service,No internet service,No internet service,No internet service,No internet service,No internet service,Month-to-month,Yes,Electronic check,24.21,1195.72,No
C7003786,Female,0,Yes,No,72,No,No phone service,Fiber optic,No,Yes,No,No,No,Yes,Month-to-month,No,Credit card (automatic),67.84,4882.89,No
C7003787,Male,0,No,No,0,No,No phone service,No,No internet service,No internet service,No internet service,No internet service,No internet service,No internet service,One year,Yes,Mailed check,21.43,0.0,No
C7003788,Male,0,Yes,Yes,20,Yes,No,No,No internet service,No internet service,No internet service,No internet service,No internet service,No internet service,One year,Yes,Mailed check,22.02,446.79,No
C7003789,Female,0,Yes,No,24,Yes,Yes,No,No internet service,No internet service,No internet service,No internet service,No internet service,No internet service,Month-to-month,No,Electronic check,30.51,739.24,No
C7003790,Male,0,Yes,Yes,49,Yes,No,DSL,No,No,No,Yes,Yes,No,Month-to-month,Yes,Electronic check,55.21,2682.82,No
C7003791,Male,0,No,Yes,61,Yes,No,No,No internet service,No internet service,No internet service,No internet service,No internet service,No internet service,Two year,Yes,Electronic check,25.44,1557.78,No
C7003792,Male,0,Yes,Yes,8,Yes,No,DSL,No,No,No,No,No,Yes,Two year,No,Bank transfer (automatic),55.68,434.2,No
C7003793,Male,0,No,No,11,No,No phone service,Fiber optic,Yes,No,Yes,No,No,Yes,Month-to-month,Yes,Bank transfer (automatic),79.56,868.41,Yes
C7003794,Female,0,Yes,Yes,49,Yes,No,DSL,No,Yes,No,No,No,No,Month-to-month,Yes,Mailed check,54.3,2637.18,No
C7003795,Female,0,Yes,No,25,Yes,No,No,No internet service,No internet service,No internet service,No internet service,No internet service,No internet service,Month-to-month,No,Mailed check,23.14,593.3,No
C7003796,Female,0,No,No,51,Yes,Yes,No,No internet service,No internet service,No internet service,No internet service,No internet service,No internet service,Two year,Yes,Mailed check,34.31,1758.16,No
C7003797,Female,0,Yes,Yes,0,Yes,Yes,Fiber optic,Yes,No,Yes,Yes,No,No,Month-to-month,Yes,Mailed check,87.07,0.0,No
C7003798,Male,0,Yes,No,38,Yes,Yes,Fiber optic,No,No,No,No,No,No,Month-to-month,Yes,Electronic check,80.19,3053.23,No
C7003799,Male,0,Yes,Yes,1,No,No phone service,DSL,No,Yes,No,No,No,Yes,Month-to-month,Yes,Credit card (automatic),54.22,66.09,No
C7003800,Male,0,No,Yes,69,Yes,Yes,DSL,No,No,No,No,No,Yes,Month-to-month,Yes,Bank transfer (automatic),64.49,4468.7,No
C7003801,Male,0,No,No,10,Yes,No,No,No internet service,No internet service,No internet service,No internet service,No internet service,No internet service,Month-to-month,No,Electronic check,25.3,261.3,Yes
C7003802,Male,1,No,No,12,Yes,Yes,Fiber optic,No,Yes,No,Yes,No,Yes,Month-to-month,No,Electronic check,92.47,1102.66,No
C7003803,Male,0,Yes,Yes,7,Yes,No,Fiber optic,Yes,No,No,No,No,Yes,Month-to-month,Yes,Credit card (automatic),76.62,520.32,No
C7003804,Male,0,Yes,No,16,Yes,No,No,No internet service,No internet service,No internet service,No internet service,No internet service,No internet service,Month-to-month,No,Electronic check,19.9,350.84,No
C7003805,Male,0,Yes,No,35,Yes,No,Fiber optic,No,Yes,Yes,No,No,No,Month-to-month,Yes,Bank transfer (automatic),84.02,2935.64,No
C7003806,Female,0,No,No,45,Yes,Yes,Fiber optic,Yes,No,No,Yes,No,Yes,One year,No,Bank transfer (automatic),94.58,4255.86,No
C7003807,Female,0,Yes,No,65,No,No phone service,Fiber optic,No,Yes,No,No,Yes,Yes,Month-to-month,Yes,Mailed check,77.73,5058.82,No
C7003808,Female,0,Yes,No,64,Yes,Yes,DSL,No,Yes,No,Yes,No,No,Two year,No,Electronic check,70.37,4517.13,No
C7003809,Female,0,No,No,6,Yes,No,No,No internet service,No internet service,No internet service,No internet service,No internet service,No internet service,Month-to-month,No,Credit card (automatic),19.26,113.18,No
C7003810,Female,0,No,No,31,Yes,No,No,No internet service,No internet service,No internet service,No internet service,No internet service,No internet service,Month-to-month,No,Electronic check,24.97,788.84,No
C7003811,Male,1,Yes,No,63,Yes,No,Fiber optic,Yes,No,No,No,Yes,No,Month-to-month,Yes,Bank transfer (automatic),78.28,4970.44,Yes
C7003812,Female,0,No,No,12,Yes,No,Fiber optic,No,No,No,No,No,Yes,Month-to-month,Yes,Bank transfer (automatic),74.62,891.81,No
C7003813,Male,0,Yes,Yes,48,Yes,Yes,Fiber optic,No,No,No,Yes,Yes,Yes,Month-to-month,No,Mailed check,93.86,4514.42,No
C7003814,Male,0,No,Yes,31,Yes,No,Fiber optic,No,No,Yes,No,No,No,Month-to-month,Yes,Credit card (automatic),69.92,2154.39,Yes
C7003815,Male,0,No,No,12,Yes,No,Fiber optic,Yes,Yes,Yes,No,No,No,One year,No,Electronic check,85.71,1023.49,No
C7003816,Male,0,No,Yes,4,Yes,No,DSL,Yes,Yes,Yes,No,Yes,Yes,One year,Yes,Bank transfer (automatic),70.26,270.03,No
C7003817,Male,0,Yes,Yes,21,Yes,No,Fiber optic,No,Yes,Yes,No,No,Yes,One year,Yes,Credit card (automatic),82.49,1717.38,No
C7003818,Female,0,No,No,0,Yes,No,Fiber optic,No,No,Yes,No,No,Yes,Month-to-month,Yes,Electronic check,81.36,0.0,Yes
C7003819,Female,0,Yes,No,14,No,No phone service,DSL,No,Yes,Yes,No,No,No,One year,No,Credit card (automatic),55.08,792.36,No
C7003820,Female,0,No,Yes,40,Yes,Yes,Fiber optic,No,No,Yes,Yes,No,Yes,Month-to-month,Yes,Electronic check,90.53,3647.57,No
C7003821,Female,0,No,Yes,57,Yes,No,Fiber optic,Yes,No,Yes,Yes,No,No,Two year,Yes,Electronic check,81.0,4637.02,No
C7003822,Female,0,No,No,36,Yes,No,No,No internet service,No internet service,No internet service,No internet service,No internet service,No internet service,Month-to-month,No,Credit card (automatic),28.59,1028.2,No
C7003823,Male,0,No,No,52,Yes,No,No,No internet service,No internet service,No internet service,No internet service,No internet service,No internet service,Two year,No,Mailed check,22.64,1190.56,No
C7003824,Female,0,No,No,5,No,No phone service,Fiber optic,Yes,Yes,No,No,Yes,Yes,Two year,Yes,Mailed check,87.88,419.53,Yes
C7003825,Female,0,No,No,22,Yes,No,Fiber optic,Yes,No,No,Yes,No,No,Two year,Yes,Mailed check,79.61,1711.31,No
C7003826,Male,1,Yes,No,48,Yes,No,No,No internet service,No internet service,No internet service,No internet service,No internet service,No internet service,Two year,Yes,Credit card (automatic),27.76,1328.15,No
C7003827,Male,0,No,Yes,3,Yes,Yes,DSL,Yes,Yes,Yes,Yes,Yes,Yes,Month-to-month,No,Credit card (automatic),90.42,274.82,No
C7003828,Female,0,Yes,No,42,No,No phone service,Fiber optic,Yes,No,No,No,Yes,Yes,Two year,Yes,Electronic check,79.53,3336.77,No
C7003829,Female,0,Yes,No,12,Yes,No,Fiber optic,No,No,No,Yes,Yes,No,Month-to-month,Yes,Electronic check,85.79,1033.24,No
C7003830,Male,0,No,Yes,30,Yes,No,DSL,Yes,Yes,Yes,No,No,Yes,Month-to-month,Yes,Electronic check,72.01,2161.92,No
C7003831,Female,1,Yes,Yes,45,Yes,Yes,No,No internet service,No internet service,No internet service,No internet service,No internet service,No internet service,Two year,No,Mailed check,30.83,1380.95,No
C7003832,Male,0,No,No,72,Yes,No,DSL,No,Yes,No,No,Yes,Yes,Month-to-month,Yes,Credit card (automatic),61.47,4419.81,No
C7003833,Male,0,Yes,No,6,Yes,Yes,No,No internet service,No internet service,No internet service,No internet service,No internet service,No internet service,Month-to-month,No,Bank transfer (automatic),28.46,176.91,Yes
C7003834,Male,0,Yes,No,40,Yes,No,Fiber optic,No,Yes,No,No,Yes,No,Two year,Yes,Mailed check,81.13,3272.6,No
C7003835,Male,0,No,No,39,Yes,No,Fiber optic,No,No,No,No,No,Yes,Two year,Yes,Bank transfer (automatic),74.13,2885.8,No
C7003836,Female,0,No,No,4,No,No phone service,DSL,Yes,No,Yes,Yes,Yes,Yes,Month-to-month,Yes,Mailed check,71.19,304.91,No
C7003837,Male,0,No,Yes,44,Yes,No,Fiber optic,No,No,No,No,Yes,Yes,Two year,No,Mailed check,81.02,3555.44,No
C7003838,Female,1,No,No,5,Yes,No,No,No internet service,No internet service,No internet service,No internet service,No internet service,No internet service,Month-to-month,Yes,Bank transfer (automatic),21.69,98.23,No
C7003839,Male,0,Yes,No,50,Yes,Yes,Fiber optic,Yes,Yes,Yes,No,Yes,No,One year,No,Credit card (automatic),93.5,4688.75,Yes
C7003840,Female,1,Yes,Yes,15,Yes,No,DSL,No,No,Yes,No,Yes,Yes,Two year,Yes,Mailed check,69.05,1060.2,No
C7003841,Female,1,No,No,9,Yes,No,Fiber optic,No,Yes,No,No,Yes,Yes,Month-to-month,Yes,Mailed check,83.49,737.09,Yes
C7003842,Female,0,No,No,5,Yes,Yes,Fiber optic,No,Yes,No,No,No,Yes,Month-to-month,Yes,Credit card (automatic),81.19,377.79,Yes
C7003843,Female,0,No,No,33,Yes,Yes,Fiber optic,No,Yes,No,No,No,No,Two year,Yes,Credit card (automatic),77.47,2551.28,No
C7003844,Female,1,Yes,No,17,Yes,No,Fiber optic,No,No,No,No,Yes,Yes,One year,No,Credit card (automatic),82.35,1419.64,Yes
C7003845,Female,0,Yes,No,33,Yes,Yes,DSL,No,No,No,Yes,No,Yes,Two year,No,Electronic check,63.45,2099.99,No
C7003846,Female,0,Yes,No,65,Yes,Yes,DSL,No,No,Yes,No,Yes,No,One year,Yes,Credit card (automatic),60.93,3935.62,No
C7003847,Female,0,No,No,60,Yes,Yes,Fiber optic,Yes,No,No,No,No,No,Month-to-month,No,Mailed check,78.93,4727.09,No
C7003848,Male,0,Yes,Yes,54,Yes,No,No,No internet service,No internet service,No internet service,No internet service,No internet service,No internet service,Month-to-month,No,Electronic check,26.71,1446.64,No
C7003849,Male,1,No,No,34,Yes,Yes,No,No internet service,No internet service,No internet service,No internet service,No internet service,No internet service,Two year,Yes,Credit card (automatic),27.73,960.09,No
C7003850,Male,0,Yes,No,8,Yes,No,Fiber optic,Yes,Yes,Yes,No,No,No,Month-to-month,No,Electronic check,86.46,687.76,No
C7003851,Male,0,No,No,29,Yes,Yes,Fiber optic,No,Yes,No,No,Yes,No,Two year,Yes,Mailed check,85.99,2503.94,No
C7003852,Male,1,Yes,No,1,Yes,Yes,Fiber optic,No,Yes,No,Yes,Yes,No,Two year,Yes,Credit card (automatic),90.58,102.1,No
C7003853,Male,0,No,No,9,Yes,Yes,Fiber optic,Yes,Yes,No,Yes,No,Yes,Month-to-month,Yes,Credit card (automatic),92.28,832.71,No
C7003854,Female,0,No,No,22,Yes,Yes,No,No internet service,No internet service,No internet service,No internet service,No internet service,No internet service,Two year,Yes,Credit card (automatic),26.52,580.45,No
C7003855,Male,0,Yes,No,50,Yes,Yes,Fiber optic,No,No,No,No,No,No,Month-to-month,No,Electronic check,78.4,3930.81,Yes
C7003856,Female,0,Yes,No,57,Yes,Yes,DSL,No,No,No,No,No,No,Month-to-month,Yes,Bank transfer (automatic),57.02,3244.27,No
C7003857,Male,0,Yes,No,45,Yes,No,Fiber optic,No,No,Yes,No,Yes,Yes,One year,No,Electronic check,86.0,3861.47,No
C7003858,Female,0,No,No,18,No,No phone service,DSL,Yes,Yes,No,No,Yes,No,Month-to-month,Yes,Bank transfer (automatic),61.08,1077.75,No
C7003859,Male,0,No,Yes,52,Yes,Yes,Fiber optic,No,No,No,No,No,Yes,Month-to-month,No,Bank transfer (automatic),82.17,4236.54,No
C7003860,Male,0,Yes,Yes,72,No,No phone service,No,No internet service,No internet service,No internet service,No internet service,No internet service,No internet service,Month-to-month,No,Bank transfer (automatic),18.29,1296.64,No
C7003861,Male,0,No,No,47,Yes,No,Fiber optic,No,Yes,No,No,No,No,Two year,Yes,Bank transfer (automatic),77.92,3661.77,No
C7003862,Female,0,Yes,No,55,No,No phone service,DSL,Yes,No,No,Yes,Yes,No,Month-to-month,No,Electronic check,59.1,3269.88,No
C7003863,Male,0,No,No,63,No,No phone service,Fiber optic,No,No,No,Yes,No,No,Month-to-month,Yes,Electronic check,69.37,4376.56,No
C7003864,Female,0,No,Yes,52,Yes,No,DSL,No,No,No,Yes,No,No,Month-to-month,Yes,Mailed check,59.79,3128.42,Yes
C7003865,Male,0,No,Yes,64,No,No phone service,Fiber optic,No,Yes,Yes,No,No,Yes,Month-to-month,No,Credit card (automatic),81.96,5242.52,No
C7003866,Female,1,Yes,Yes,21,Yes,Yes,DSL,No,No,Yes,No,Yes,No,Month-to-month,No,Electronic check,62.98,1327.52,Yes
C7003867,Male,0,Yes,No,22,Yes,No,Fiber optic,No,No,No,Yes,Yes,No,Month-to-month,Yes,Bank transfer (automatic),81.56,1786.9,Yes
C7003868,Female,0,No,No,12,Yes,No,No,No internet service,No internet service,No internet service,No internet service,No internet service,No internet service,Month-to-month,Yes,Bank transfer (automatic),23.95,255.45,No
C7003869,Male,0,Yes,Yes,13,Yes,No,DSL,Yes,Yes,No,No,Yes,Yes,One year,No,Electronic check,70.02,891.77,No
C7003870,Male,0,No,No,40,Yes,Yes,Fiber optic,No,No,No,No,Yes,Yes,Month-to-month,Yes,Electronic check,85.87,3425.83,No
C7003871,Male,1,No,No,67,Yes,Yes,Fiber optic,Yes,Yes,No,No,Yes,Yes,One year,No,Bank transfer (automatic),89.99,6033.48,No
C7003872,Male,1,No,No,16,Yes,Yes,Fiber optic,Yes,Yes,No,No,Yes,No,One year,No,Credit card (automatic),88.65,1396.46,Yes
C7003873,Male,0,No,No,52,Yes,Yes,No,No internet service,No internet service,No internet service,No internet service,No internet service,No internet service,Month-to-month,No,Credit card (automatic),29.0,1513.37,Yes
C7003874,Female,0,No,No,5,Yes,No,Fiber optic,Yes,Yes,Yes,No,Yes,Yes,One year,Yes,Bank transfer (automatic),95.47,483.37,No
C7003875,Male,0,No,No,70,Yes,Yes,DSL,No,Yes,Yes,No,Yes,No,One year,Yes,Mailed check,65.84,4586.52,No
C7003876,Male,0,Yes,No,38,Yes,Yes,Fiber optic,Yes,No,No,Yes,Yes,Yes,Month-to-month,No,Electronic check,90.34,3443.11,No
C7003877,Female,0,No,Yes,36,Yes,Yes,Fiber optic,No,No,Yes,No,No,Yes,One year,No,Mailed check,85.46,3073.62,No
C7003878,Male,0,Yes,No,26,No,No phone service,No,No internet service,No internet service,No internet service,No internet service,No internet service,No internet service,Two year,Yes,Bank transfer (automatic),23.52,590.04,Yes
C7003879,Male,0,No,No,70,Yes,No,No,No internet service,No internet service,No internet service,No internet service,No internet service,No internet service,Month-to-month,No,Electronic check,25.85,1809.13,No
C7003880,Female,0,No,No,30,Yes,Yes,Fiber optic,No,Yes,No,Yes,No,No,Two year,Yes,Electronic check,92.68,2762.59,No
C7003881,Female,0,No,Yes,8,Yes,Yes,Fiber optic,Yes,No,Yes,No,No,No,One year,Yes,Mailed check,84.51,693.16,No
C7003882,Female,0,Yes,Yes,41,Yes,Yes,Fiber optic,No,No,Yes,No,Yes,No,Two year,No,Credit card (automatic),84.72,3446.02,No
C7003883,Male,0,Yes,No,43,Yes,Yes,No,No internet service,No internet service,No internet service,No internet service,No internet service,No internet service,Month-to-month,Yes,Credit card (automatic),27.75,1207.42,No
C7003884,Female,1,No,Yes,54,Yes,No,Fiber optic,No,Yes,Yes,No,Yes,No,Two year,Yes,Electronic check,89.19,4840.59,No
C7003885,Male,1,No,Yes,36,No,No phone service,Fiber optic,No,No,No,No,Yes,No,Month-to-month,Yes,Electronic check,67.84,2463.31,Yes
C7003886,Female,0,Yes,No,20,Yes,No,Fiber optic,No,No,No,Yes,Yes,Yes,Month-to-month,No,Mailed check,85.3,1724.1,No
C7003887,Female,0,No,No,0,No,No phone service,DSL,No,Yes,Yes,No,Yes,Yes,One year,Yes,Credit card (automatic),58.03,0.0,No
C7003888,Female,0,No,Yes,72,Yes,No,Fiber optic,No,Yes,No,No,Yes,Yes,Month-to-month,Yes,Bank transfer (automatic),89.01,6408.07,No
C7003889,Male,0,No,Yes,14,Yes,No,DSL,No,Yes,No,No,No,No,Month-to-month,Yes,Electronic check,57.36,805.32,No
C7003890,Male,0,No,No,25,Yes,Yes,No,No internet service,No internet service,No internet service,No internet service,No internet service,No internet service,Month-to-month,Yes,Electronic check,29.38,715.55,Yes
C7003891,Female,0,No,No,11,No,No phone service,Fiber optic,No,Yes,Yes,Yes,Yes,No,Two year,No,Bank transfer (automatic),84.49,940.88,Yes
C7003892,Female,0,No,No,17,Yes,No,DSL,No,Yes,Yes,No,Yes,No,Month-to-month,No,Mailed check,65.94,1130.58,Yes
C7003893,Female,0,Yes,No,4,Yes,Yes,No,No internet service,No internet service,No internet service,No internet service,No internet service,No internet service,Month-to-month,No,Electronic check,36.16,149.71,Yes
C7003894,Female,0,No,No,24,No,No phone service,No,No internet service,No internet service,No internet service,No internet service,No internet service,No internet service,Month-to-month,Yes,Mailed check,18.63,423.16,No
C7003895,Female,0,No,No,69,Yes,No,DSL,Yes,No,Yes,Yes,Yes,Yes,Month-to-month,Yes,Electronic check,76.06,5259.51,No
C7003896,Male,1,No,No,16,Yes,No,DSL,Yes,No,Yes,No,Yes,Yes,Two year,Yes,Bank transfer (automatic),66.19,1065.12,No
C7003897,Male,0,No,No,70,Yes,Yes,Fiber optic,No,Yes,No,No,No,Yes,One year,No,Electronic check,87.95,6143.96,No
C7003898,Male,1,No,No,46,Yes,Yes,Fiber optic,Yes,Yes,Yes,No,Yes,No,One year,Yes,Electronic check,98.66,4538.9,No
C7003899,Male,0,Yes,Yes,65,Yes,No,DSL,No,No,Yes,No,Yes,No,Two year,No,Electronic check,57.43,3756.37,No
C7003900,Male,0,Yes,Yes,45,Yes,No,Fiber optic,Yes,Yes,Yes,No,No,Yes,One year,No,Electronic check,89.06,4017.17,No
C7003901,Female,1,Yes,No,72,Yes,No,Fiber optic,Yes,No,No,Yes,Yes,No,Two year,Yes,Credit card (automatic),88.91,6421.06,No
C7003902,Female,1,No,Yes,40,Yes,No,No,No internet service,No internet service,No internet service,No internet service,No internet service,No internet service,Month-to-month,Yes,Credit card (automatic),25.68,1052.84,No
C7003903,Female,1,No,No,60,No,No phone service,No,No internet service,No internet service,No internet service,No internet service,No internet service,No internet service,One year,Yes,Mailed check,18.0,1075.36,No
C7003904,Male,0,Yes,No,2,Yes,Yes,DSL,No,Yes,No,No,No,Yes,Two year,No,Credit card (automatic),68.3,131.66,No
C7003905,Female,0,Yes,Yes,68,Yes,Yes,Fiber optic,No,Yes,Yes,No,Yes,No,Month-to-month,No,Electronic check,88.89,6044.93,No
C7003906,Female,0,No,No,1,Yes,Yes,Fiber optic,No,No,No,Yes,No,Yes,Month-to-month,No,Credit card (automatic),81.75,49.69,Yes
C7003907,Female,0,Yes,No,14,Yes,No,Fiber optic,No,Yes,No,No,Yes,No,Two year,Yes,Bank transfer (automatic),82.09,1163.56,No
C7003908,Female,1,Yes,No,53,Yes,No,DSL,No,Yes,Yes,No,Yes,Yes,Month-to-month,Yes,Electronic check,76.92,4082.69,No
C7003909,Female,0,Yes,Yes,18,Yes,No,Fiber optic,Yes,Yes,No,No,No,Yes,Two year,Yes,Credit card (automatic),85.35,1524.74,Yes
C7003910,Female,0,No,Yes,3,Yes,No,No,No internet service,No internet service,No internet service,No internet service,No internet service,No internet service,One year,Yes,Electronic check,24.45,69.61,No
C7003911,Male,1,No,Yes,62,No,No phone service,DSL,No,No,No,No,No,Yes,One year,Yes,Mailed check,45.14,2778.08,No
C7003912,Female,1,No,Yes,37,Yes,Yes,DSL,Yes,No,No,No,No,Yes,One year,Yes,Bank transfer (automatic),61.02,2273.9,No
C7003913,Male,1,Yes,No,35,Yes,Yes,Fiber optic,No,Yes,No,Yes,Yes,Yes,Two year,No,Bank transfer (automatic),88.66,3103.22,No
C7003914,Male,0,Yes,No,23,Yes,No,No,No internet service,No internet service,No internet service,No internet service,No internet service,No internet service,One year,Yes,Electronic check,22.35,522.44,No
C7003915,Male,0,No,Yes,52,Yes,No,Fiber optic,Yes,Yes,No,No,Yes,No,Month-to-month,No,Electronic check,82.63,4297.45,No
C7003916,Female,1,No,No,22,Yes,No,DSL,Yes,Yes,Yes,No,Yes,No,Two year,Yes,Bank transfer (automatic),67.49,1510.06,No
C7003917,Female,0,Yes,Yes,41,Yes,Yes,No,No internet service,No internet service,No internet service,No internet service,No internet service,No internet service,One year,No,Bank transfer (automatic),29.2,1181.46,No
C7003918,Female,0,No,No,9,Yes,No,Fiber optic,No,No,No,No,No,Yes,Two year,Yes,Mailed check,74.81,658.77,Yes
C7003919,Male,1,No,No,22,Yes,No,Fiber optic,No,No,Yes,No,Yes,Yes,Two year,Yes,Bank transfer (automatic),81.7,1778.04,No
C7003920,Male,0,No,No,2,Yes,Yes,DSL,No,Yes,No,No,Yes,Yes,Month-to-month,No,Electronic check,69.63,151.91,Yes
C7003921,Female,0,Yes,No,20,Yes,No,DSL,Yes,Yes,Yes,No,Yes,Yes,One year,Yes,Mailed check,76.86,1507.25,No
C7003922,Male,0,Yes,No,27,Yes,No,Fiber optic,Yes,Yes,No,Yes,Yes,Yes,One year,No,Electronic check,98.02,2619.32,No
C7003923,Female,0,Yes,No,54,Yes,Yes,No,No internet service,No internet service,No internet service,No internet service,No internet service,No internet service,Month-to-month,No,Credit card (automatic),31.37,1684.2,No
C7003924,Male,1,No,Yes,60,Yes,No,Fiber optic,Yes,Yes,Yes,Yes,No,Yes,Two year,No,Credit card (automatic),99.07,5958.42,No
C7003925,Female,0,No,Yes,38,Yes,No,No,No internet service,No internet service,No internet service,No internet service,No internet service,No internet service,One year,No,Electronic check,20.52,791.68,No
C7003926,Female,0,Yes,No,67,Yes,No,Fiber optic,Yes,No,Yes,No,No,Yes,Two year,Yes,Bank transfer (automatic),76.08,5080.53,No
C7003927,Female,0,Yes,Yes,26,No,No phone service,Fiber optic,No,No,Yes,No,Yes,No,One year,No,Electronic check,76.6,1962.81,Yes
C7003928,Male,1,Yes,No,36,Yes,Yes,Fiber optic,Yes,Yes,No,No,Yes,No,Month-to-month,Yes,Credit card (automatic),94.67,3433.81,Yes
C7003929,Female,1,No,Yes,45,Yes,Yes,Fiber optic,No,No,Yes,Yes,No,Yes,One year,Yes,Mailed check,85.47,3838.17,No
C7003930,Female,0,No,Yes,12,Yes,No,DSL,Yes,No,No,Yes,Yes,No,Month-to-month,No,Electronic check,64.24,783.64,No
C7003931,Female,0,Yes,No,30,Yes,No,No,No internet service,No internet service,No internet service,No internet service,No internet service,No internet service,Two year,Yes,Mailed check,23.62,721.49,No
C7003932,Female,0,No,No,65,Yes,No,DSL,No,No,No,Yes,Yes,No,Month-to-month,Yes,Electronic check,65.08,4214.22,No
C7003933,Male,0,No,Yes,34,Yes,No,No,No internet service,No internet service,No internet service,No internet service,No internet service,No internet service,Month-to-month,No,Mailed check,26.5,894.43,No
C7003934,Male,0,No,Yes,67,Yes,Yes,No,No internet service,No internet service,No internet service,No internet service,No internet service,No internet service,One year,Yes,Credit card (automatic),29.47,1986.87,No
C7003935,Male,0,No,No,49,Yes,No,DSL,No,No,No,Yes,No,No,Month-to-month,No,Credit card (automatic),58.35,2856.12,No
C7003936,Male,0,Yes,No,12,No,No phone service,DSL,No,Yes,No,Yes,No,Yes,Month-to-month,Yes,Bank transfer (automatic),60.53,704.6,No
C7003937,Female,0,No,No,33,No,No phone service,Fiber optic,Yes,No,No,No,Yes,No,Two year,Yes,Bank transfer (automatic),72.64,2395.61,No
C7003938,Male,0,No,Yes,26,Yes,Yes,Fiber optic,No,No,No,No,No,Yes,One year,No,Mailed check,83.42,2161.85,No
C7003939,Male,0,No,No,69,Yes,No,Fiber optic,No,No,No,No,Yes,No,One year,No,Electronic check,70.37,4869.99,No
C7003940,Male,0,No,Yes,24,No,No phone service,DSL,No,Yes,No,No,Yes,Yes,Month-to-month,Yes,Electronic check,59.2,1431.86,Yes
C7003941,Male,0,Yes,Yes,35,Yes,Yes,No,No internet service,No internet service,No internet service,No internet service,No internet service,No internet service,Month-to-month,Yes,Bank transfer (automatic),28.99,999.27,No
C7003942,Male,0,No,No,50,Yes,No,Fiber optic,Yes,No,Yes,No,Yes,No,Month-to-month,Yes,Bank transfer (automatic),92.27,4615.56,No
C7003943,Female,0,No,Yes,70,Yes,No,Fiber optic,No,Yes,Yes,Yes,No,No,Month-to-month,No,Electronic check,80.19,5586.36,No
C7003944,Male,1,Yes,No,39,Yes,Yes,No,No internet service,No internet service,No internet service,No internet service,No internet service,No internet service,Month-to-month,Yes,Bank transfer (automatic),26.81,1031.28,Yes
C7003945,Female,0,No,No,61,Yes,Yes,Fiber optic,No,No,No,No,No,No,One year,Yes,Electronic check,77.54,4754.12,No
C7003946,Male,1,Yes,No,8,No,No phone service,Fiber optic,No,No,Yes,No,Yes,No,One year,No,Electronic check,72.57,581.88,Yes
C7003947,Male,0,No,No,65,No,No phone service,No,No internet service,No internet service,No internet service,No internet service,No internet service,No internet service,Two year,Yes,Bank transfer (automatic),20.96,1383.31,No
C7003948,Female,0,Yes,Yes,15,No,No phone service,No,No internet service,No internet service,No internet service,No internet service,No internet service,No internet service,One year,No,Mailed check,19.11,291.46,No
C7003949,Male,0,Yes,No,55,Yes,No,No,No internet service,No internet service,No internet service,No internet service,No internet service,No internet service,Two year,Yes,Bank transfer (automatic),22.79,1262.95,No
C7003950,Male,0,No,No,38,Yes,No,No,No internet service,No internet service,No internet service,No internet service,No internet service,No internet service,Month-to-month,No,Electronic check,25.35,964.6,Yes
C7003951,Female,1,No,No,44,Yes,Yes,DSL,Yes,No,Yes,No,Yes,Yes,Month-to-month,No,Bank transfer (automatic),76.77,3347.72,No
C7003952,Female,0,No,Yes,6,Yes,No,No,No internet service,No internet service,No internet service,No internet service,No internet service,No internet service,Month-to-month,Yes,Credit card (automatic),22.34,140.47,Yes
C7003953,Female,0,No,No,38,Yes,No,No,No internet service,No internet service,No internet service,No internet service,No internet service,No internet service,One year,No,Electronic check,21.36,830.72,No
C7003954,Male,0,Yes,No,6,No,No phone service,Fiber optic,Yes,Yes,No,No,No,Yes,Two year,Yes,Electronic check,79.1,486.78,No
C7003955,Female,0,No,No,40,Yes,No,Fiber optic,No,No,Yes,No,Yes,Yes,Month-to-month,Yes,Mailed check,83.26,3300.38,No
C7003956,Female,1,No,No,29,Yes,No,Fiber optic,No,No,Yes,Yes,Yes,Yes,Two year,No,Mailed check,91.68,2671.56,No
C7003957,Female,0,Yes,Yes,14,Yes,Yes,Fiber optic,Yes,No,No,Yes,No,Yes,Month-to-month,No,Mailed check,90.34,1262.73,No
C7003958,Male,0,No,No,35,Yes,Yes,DSL,No,No,No,No,No,No,One year,No,Electronic check,56.09,1956.68,No
C7003959,Male,1,Yes,Yes,15,Yes,Yes,Fiber optic,No,Yes,Yes,Yes,Yes,Yes,Month-to-month,Yes,Bank transfer (automatic),99.85,1492.61,Yes
C7003960,Male,1,Yes,Yes,6,Yes,No,Fiber optic,No,No,No,Yes,Yes,Yes,Month-to-month,No,Mailed check,83.2,499.8,Yes
C7003961,Male,0,No,No,2,Yes,No,Fiber optic,No,No,No,No,No,No,Month-to-month,Yes,Credit card (automatic),74.47,136.81,Yes
C7003962,Female,0,No,Yes,24,Yes,No,No,No internet service,No internet service,No internet service,No internet service,No internet service,No internet service,One year,No,Mailed check,25.82,619.67,No
C7003963,Male,0,No,No,54,Yes,Yes,DSL,No,No,Yes,No,Yes,No,Month-to-month,Yes,Credit card (automatic),60.14,3257.27,Yes
C7003964,Male,0,No,Yes,42,Yes,No,No,No internet service,No internet service,No internet service,No internet service,No internet service,No internet service,Month-to-month,Yes,Mailed check,26.26,1108.57,No
C7003965,Male,0,Yes,No,9,Yes,No,Fiber optic,Yes,No,No,Yes,No,Yes,Month-to-month,No,Mailed check,80.8,735.57,No
C7003966,Male,1,No,No,32,Yes,Yes,No,No internet service,No internet service,No internet service,No internet service,No internet service,No internet service,Month-to-month,Yes,Bank transfer (automatic),31.18,1019.93,No
C7003967,Male,0,Yes,No,42,Yes,No,DSL,No,Yes,No,Yes,Yes,No,Month-to-month,Yes,Electronic check,68.99,2897.88,Yes
C7003968,Male,1,Yes,No,17,Yes,Yes,DSL,Yes,Yes,Yes,Yes,Yes,No,Month-to-month,No,Mailed check,80.48,1377.03,Yes
C7003969,Male,0,Yes,No,10,Yes,No,Fiber optic,No,No,No,Yes,No,No,Month-to-month,No,Mailed check,81.45,807.3,Yes
C7003970,Female,0,Yes,No,18,Yes,No,Fiber optic,Yes,Yes,Yes,Yes,No,No,Two year,Yes,Credit card (automatic),85.83,1550.54,No
C7003971,Male,1,Yes,No,4,Yes,No,Fiber optic,Yes,No,Yes,Yes,No,Yes,Month-to-month,No,Credit card (automatic),92.56,375.77,Yes
C7003972,Female,0,No,No,17,Yes,No,Fiber optic,Yes,No,Yes,No,No,No,Month-to-month,No,Mailed check,79.1,1330.8,No
C7003973,Male,0,No,Yes,38,Yes,Yes,Fiber optic,No,Yes,No,No,No,Yes,Month-to-month,No,Electronic check,81.77,3099.91,No
C7003974,Male,0,No,Yes,58,Yes,No,No,No internet service,No internet service,No internet service,No internet service,No internet service,No internet service,Two year,Yes,Bank transfer (automatic),29.61,1702.08,No
C7003975,Male,0,Yes,No,63,Yes,Yes,DSL,No,No,Yes,No,Yes,Yes,One year,No,Bank transfer (automatic),69.31,4368.81,Yes
C7003976,Male,0,No,No,49,Yes,No,DSL,No,No,No,No,No,Yes,One year,Yes,Credit card (automatic),55.03,2695.55,No
C7003977,Male,0,Yes,No,25,Yes,No,No,No internet service,No internet service,No internet service,No internet service,No internet service,No internet service,Two year,No,Electronic check,24.89,638.32,No
C7003978,Male,1,No,No,68,Yes,Yes,Fiber optic,No,No,No,No,Yes,Yes,Month-to-month,Yes,Credit card (automatic),92.69,6313.9,No
C7003979,Female,1,No,No,67,Yes,No,Fiber optic,No,Yes,Yes,Yes,Yes,No,Two year,No,Mailed check,92.1,6174.62,No
C7003980,Male,0,Yes,No,26,Yes,Yes,Fiber optic,No,No,No,No,No,Yes,One year,Yes,Electronic check,83.53,2183.12,No
C7003981,Male,0,No,No,0,Yes,No,DSL,No,No,No,No,Yes,Yes,Two year,No,Electronic check,57.43,0.0,Yes
C7003982,Female,0,No,No,31,Yes,Yes,Fiber optic,No,Yes,No,No,Yes,No,One year,Yes,Bank transfer (automatic),82.17,2561.9,No
C7003983,Male,0,Yes,No,33,Yes,No,DSL,Yes,Yes,No,No,Yes,No,Two year,Yes,Electronic check,62.86,2089.95,No
C7003984,Male,0,No,No,49,Yes,Yes,DSL,No,Yes,No,No,No,Yes,Month-to-month,Yes,Electronic check,63.74,3153.04,No
C7003985,Male,0,No,Yes,10,Yes,Yes,DSL,No,No,Yes,No,No,No,Month-to-month,Yes,Credit card (automatic),56.85,581.97,No
C7003986,Male,1,Yes,Yes,39,Yes,No,DSL,No,Yes,Yes,Yes,No,Yes,Two year,No,Mailed check,69.08,2678.32,No
C7003987,Male,0,Yes,No,23,Yes,Yes,No,No internet service,No internet service,No internet service,No internet service,No internet service,No internet service,Month-to-month,Yes,Electronic check,33.8,798.23,No
C7003988,Female,0,Yes,No,36,Yes,No,No,No internet service,No internet service,No internet service,No internet service,No internet service,No internet service,Month-to-month,No,Mailed check,25.2,898.88,No
C7003989,Female,1,No,Yes,1,Yes,No,DSL,No,No,No,Yes,No,No,Two year,Yes,Mailed check,49.15,78.12,Yes
C7003990,Female,0,Yes,Yes,38,Yes,Yes,Fiber optic,Yes,No,No,No,Yes,No,Month-to-month,Yes,Bank transfer (automatic),89.31,3389.93,No
C7003991,Male,1,No,Yes,2,Yes,Yes,Fiber optic,No,Yes,No,No,No,No,Month-to-month,No,Mailed check,75.24,175.78,Yes
C7003992,Male,1,Yes,No,62,Yes,No,DSL,No,No,No,No,Yes,No,Two year,Yes,Electronic check,58.63,3620.33,No
C7003993,Male,0,No,No,52,Yes,No,DSL,No,No,Yes,No,No,No,Month-to-month,Yes,Electronic check,54.72,2869.57,No
C7003994,Male,0,No,No,67,Yes,Yes,Fiber optic,Yes,No,Yes,No,No,Yes,Month-to-month,No,Bank transfer (automatic),97.9,6587.0,No
C7003995,Male,0,No,No,47,No,No phone service,DSL,Yes,No,Yes,No,No,Yes,Two year,No,Electronic check,65.06,3088.44,No
C7003996,Male,1,No,Yes,71,Yes,No,No,No internet service,No internet service,No internet service,No internet service,No internet service,No internet service,One year,No,Credit card (automatic),26.97,1938.25,No
C7003997,Male,1,No,Yes,15,Yes,No,No,No internet service,No internet service,No internet service,No internet service,No internet service,No internet service,Month-to-month,Yes,Mailed check,24.88,379.58,Yes
C7003998,Male,0,No,No,0,Yes,No,Fiber optic,Yes,No,Yes,No,Yes,No,Month-to-month,No,Mailed check,89.45,0.0,No
C7003999,Male,0,Yes,No,65,Yes,Yes,No,No internet service,No internet service,No internet service,No internet service,No internet service,No internet service,Month-to-month,No,Bank transfer (automatic),30.43,1983.84,No
C7004000,Female,0,Yes,No,48,Yes,Yes,DSL,No,No,Yes,No,Yes,Yes,Month-to-month,Yes,Electronic check,71.7,3427.87,No
C7004001,Male,0,No,Yes,50,No,No phone service,Fiber optic,No,No,No,Yes,Yes,Yes,Month-to-month,Yes,Credit card (automatic),80.58,4028.39,No
C7004002,Female,0,Yes,No,21,Yes,Yes,DSL,No,No,No,Yes,Yes,No,Two year,Yes,Bank transfer (automatic),62.96,1339.19,No
C7004003,Male,1,Yes,No,24,Yes,No,Fiber optic,Yes,No,Yes,No,Yes,Yes,Month-to-month,Yes,Credit card (automatic),91.05,2213.39,No
C7004004,Female,0,No,No,49,Yes,Yes,Fiber optic,No,No,Yes,Yes,Yes,No,Month-to-month,Yes,Mailed check,87.62,4290.69,No
C7004005,Male,0,No,No,29,Yes,No,DSL,Yes,No,No,Yes,No,Yes,Month-to-month,Yes,Mailed check,67.27,1948.48,Yes
C7004006,Male,0,Yes,No,5,Yes,No,Fiber optic,Yes,Yes,No,No,No,No,Month-to-month,No,Electronic check,80.0,426.47,Yes
C7004007,Male,0,Yes,No,21,No,No phone service,DSL,Yes,Yes,No,No,No,No,Month-to-month,Yes,Electronic check,53.37,1120.48,No
C7004008,Male,0,Yes,No,28,Yes,Yes,DSL,Yes,No,No,Yes,Yes,No,Month-to-month,Yes,Electronic check,67.96,1892.83,Yes
C7004009,Female,1,Yes,No,60,Yes,Yes,No,No internet service,No internet service,No internet service,No internet service,No internet service,No internet service,One year,No,Mailed check,35.15,2128.87,No
C7004010,Male,0,Yes,No,25,No,No phone service,DSL,No,No,Yes,No,Yes,No,One year,Yes,Bank transfer (automatic),51.72,1295.37,No
C7004011,Male,0,No,No,36,Yes,No,DSL,No,Yes,Yes,No,No,No,Month-to-month,Yes,Credit card (automatic),60.95,2202.1,No
C7004012,Female,0,No,No,43,Yes,No,DSL,Yes,Yes,Yes,Yes,No,Yes,Two year,Yes,Credit card (automatic),71.47,3072.06,No
C7004013,Male,0,Yes,No,9,Yes,No,Fiber optic,Yes,No,Yes,Yes,Yes,No,One year,Yes,Mailed check,91.33,831.6,No
C7004014,Female,0,Yes,No,42,Yes,Yes,No,No internet service,No internet service,No internet service,No internet service,No internet service,No internet service,Month-to-month,Yes,Electronic check,29.0,1202.49,No
C7004015,Female,1,No,No,14,Yes,Yes,No,No internet service,No internet service,No internet service,No internet service,No internet service,No internet service,Month-to-month,No,Mailed check,30.26,420.95,No
C7004016,Male,0,Yes,No,64,Yes,No,Fiber optic,No,No,Yes,No,Yes,Yes,Month-to-month,No,Credit card (automatic),83.74,5361.73,No
C7004017,Male,0,Yes,Yes,21,Yes,No,Fiber optic,No,Yes,Yes,Yes,Yes,No,Month-to-month,No,Mailed check,83.75,1752.09,No
C7004018,Male,0,Yes,No,22,Yes,No,No,No internet service,No internet service,No internet service,No internet service,No internet service,No internet service,Month-to-month,Yes,Bank transfer (automatic),26.05,585.41,No
C7004019,Female,0,No,No,29,Yes,No,Fiber optic,No,Yes,Yes,No,Yes,Yes,Month-to-month,Yes,Electronic check,90.82,2661.32,Yes
C7004020,Male,0,Yes,Yes,26,Yes,Yes,No,No internet service,No internet service,No internet service,No internet service,No internet service,No internet service,Month-to-month,Yes,Electronic check,26.79,707.94,No
C7004021,Male,0,Yes,Yes,43,Yes,No,DSL,No,No,No,No,No,Yes,Month-to-month,Yes,Credit card (automatic),55.18,2372.1,No
C7004022,Male,0,No,Yes,52,No,No phone service,Fiber optic,No,Yes,No,No,Yes,Yes,Two year,Yes,Mailed check,80.86,4198.9,No
C7004023,Female,1,No,No,70,Yes,No,DSL,No,No,Yes,No,Yes,No,Month-to-month,No,Electronic check,61.16,4253.83,No
C7004024,Female,0,No,Yes,64,Yes,Yes,Fiber optic,No,No,No,Yes,No,Yes,Two year,No,Electronic check,85.19,5440.4,No
C7004025,Female,0,No,No,19,Yes,Yes,No,No internet service,No internet service,No internet service,No internet service,No internet service,No internet service,One year,No,Bank transfer (automatic),27.87,524.75,Yes
C7004026,Female,0,No,Yes,44,Yes,No,Fiber optic,No,Yes,No,No,No,No,One year,Yes,Electronic check,77.38,3416.7,No
C7004027,Female,1,Yes,Yes,23,Yes,No,Fiber optic,Yes,No,No,No,No,No,Month-to-month,Yes,Mailed check,76.0,1737.81,Yes
C7004028,Male,0,Yes,Yes,58,Yes,No,DSL,No,No,No,No,Yes,No,Month-to-month,Yes,Electronic check,49.17,2861.12,No
C7004029,Female,1,Yes,Yes,1,No,No phone service,Fiber optic,No,Yes,No,No,Yes,No,Month-to-month,No,Electronic check,73.64,93.07,No
C7004030,Female,0,Yes,No,72,Yes,No,No,No internet service,No internet service,No internet service,No internet service,No internet service,No internet service,One year,Yes,Mailed check,26.96,1932.8,No
C7004031,Male,1,Yes,No,27,Yes,No,DSL,Yes,No,No,No,No,Yes,Month-to-month,Yes,Electronic check,65.12,1763.25,Yes
C7004032,Female,0,Yes,No,54,Yes,No,DSL,No,Yes,No,No,No,Yes,Two year,Yes,Electronic check,60.62,3292.76,No
C7004033,Female,0,No,No,49,Yes,Yes,Fiber optic,Yes,No,No,No,Yes,Yes,Month-to-month,No,Electronic check,86.15,4222.21,No
C7004034,Male,0,No,Yes,26,Yes,Yes,Fiber optic,Yes,No,No,Yes,No,Yes,One year,No,Mailed check,84.96,2209.28,No
C7004035,Male,0,Yes,No,70,Yes,Yes,Fiber optic,Yes,No,No,Yes,No,No,Month-to-month,Yes,Electronic check,85.24,5961.04,Yes
C7004036,Male,0,No,No,19,Yes,No,DSL,Yes,Yes,No,No,No,No,One year,Yes,Electronic check,59.49,1121.66,No
C7004037,Female,0,Yes,No,54,Yes,Yes,Fiber optic,Yes,Yes,Yes,Yes,Yes,No,Month-to-month,No,Credit card (automatic),101.09,5440.63,No
C7004038,Male,0,No,No,67,Yes,Yes,Fiber optic,No,Yes,No,Yes,Yes,No,One year,No,Electronic check,86.66,5797.25,No
C7004039,Female,0,No,No,8,Yes,Yes,Fiber optic,No,Yes,No,No,No,No,Month-to-month,Yes,Mailed check,80.68,643.46,Yes
C7004040,Male,0,Yes,Yes,66,Yes,Yes,DSL,No,No,No,No,Yes,Yes,Two year,Yes,Mailed check,64.73,4277.75,No
C7004041,Female,0,Yes,Yes,64,Yes,No,DSL,Yes,No,No,Yes,Yes,No,One year,Yes,Mailed check,62.18,3997.46,No
C7004042,Male,1,No,No,27,Yes,Yes,Fiber optic,No,No,Yes,No,Yes,Yes,Month-to-month,Yes,Electronic check,94.76,2539.62,Yes
C7004043,Female,0,No,No,61,Yes,No,Fiber optic,No,No,Yes,Yes,No,No,Month-to-month,No,Credit card (automatic),82.58,5020.18,No
C7004044,Male,0,No,No,0,Yes,No,DSL,Yes,Yes,Yes,Yes,No,Yes,Month-to-month,No,Mailed check,74.61,0.0,No
C7004045,Male,1,Yes,Yes,13,Yes,No,No,No internet service,No internet service,No internet service,No internet service,No internet service,No internet service,Month-to-month,Yes,Electronic check,20.95,267.09,Yes
C7004046,Male,0,Yes,No,54,Yes,Yes,No,No internet service,No internet service,No internet service,No internet service,No internet service,No internet service,One year,No,Electronic check,31.47,1708.84,No
C7004047,Male,0,Yes,No,68,Yes,No,DSL,No,No,Yes,No,Yes,Yes,Month-to-month,Yes,Bank transfer (automatic),62.95,4295.93,No
C7004048,Male,0,No,Yes,9,Yes,No,Fiber optic,No,No,No,Yes,No,No,Two year,Yes,Electronic check,76.99,700.81,No
C7004049,Female,0,Yes,No,52,Yes,Yes,Fiber optic,No,No,No,No,No,No,Two year,No,Mailed check,76.22,3963.81,No
C7004050,Female,0,Yes,No,7,Yes,Yes,Fiber optic,No,No,No,Yes,No,Yes,Month-to-month,No,Electronic check,81.92,585.13,No
C7004051,Female,0,No,No,57,Yes,Yes,Fiber optic,No,No,Yes,Yes,Yes,No,Two year,Yes,Electronic check,89.91,5127.57,No
C7004052,Female,0,No,Yes,65,Yes,No,Fiber optic,No,No,No,No,No,Yes,Two year,Yes,Mailed check,77.93,5059.24,No
C7004053,Male,0,Yes,Yes,33,Yes,Yes,Fiber optic,No,No,No,Yes,Yes,Yes,One year,No,Bank transfer (automatic),85.28,2814.58,No
C7004054,Female,0,No,Yes,7,Yes,No,DSL,Yes,No,Yes,Yes,Yes,No,One year,Yes,Electronic check,71.02,493.66,No
C7004055,Female,0,No,No,14,Yes,No,Fiber optic,No,Yes,No,Yes,No,Yes,Month-to-month,Yes,Bank transfer (automatic),90.01,1263.88,Yes
C7004056,Male,0,No,No,37,Yes,Yes,Fiber optic,No,No,Yes,No,No,Yes,Month-to-month,Yes,Electronic check,81.73,3010.15,No
C7004057,Female,1,Yes,Yes,58,Yes,Yes,DSL,No,No,No,No,No,Yes,Month-to-month,No,Electronic check,54.78,3193.8,No
C7004058,Male,0,No,No,37,Yes,No,Fiber optic,Yes,No,No,No,No,No,Month-to-month,Yes,Credit card (automatic),83.1,3074.12,No
C7004059,Female,0,Yes,No,34,No,No phone service,DSL,No,Yes,No,No,No,Yes,Month-to-month,Yes,Mailed check,48.03,1619.02,No
C7004060,Female,0,No,Yes,43,Yes,Yes,Fiber optic,Yes,Yes,No,No,No,No,Month-to-month,Yes,Credit card (automatic),84.77,3635.8,Yes
C7004061,Female,1,No,Yes,70,Yes,No,DSL,No,Yes,No,No,No,No,Month-to-month,No,Electronic check,58.57,4087.6,No
C7004062,Male,0,No,Yes,57,No,No phone service,Fiber optic,No,No,No,No,Yes,No,Month-to-month,No,Mailed check,74.04,4205.27,No
C7004063,Female,0,No,Yes,11,Yes,Yes,Fiber optic,Yes,No,No,No,No,No,Month-to-month,Yes,Bank transfer (automatic),80.9,913.94,No
C7004064,Male,0,No,No,14,Yes,No,Fiber optic,Yes,No,No,Yes,No,Yes,Month-to-month,Yes,Bank transfer (automatic),89.5,1271.78,Yes
C7004065,Female,0,Yes,No,25,Yes,No,Fiber optic,Yes,Yes,Yes,Yes,No,Yes,Month-to-month,No,Bank transfer (automatic),94.3,2341.77,No
C7004066,Male,0,Yes,No,19,Yes,Yes,Fiber optic,Yes,Yes,No,Yes,No,No,Two year,Yes,Electronic check,88.59,1669.57,No
C7004067,Female,0,Yes,No,53,Yes,No,No,No internet service,No internet service,No internet service,No internet service,No internet service,No internet service,Month-to-month,Yes,Bank transfer (automatic),25.41,1332.96,No
C7004068,Female,0,No,No,72,Yes,No,Fiber optic,No,Yes,No,No,No,No,One year,Yes,Bank transfer (automatic),76.22,5495.27,No
C7004069,Male,0,Yes,Yes,41,Yes,Yes,Fiber optic,Yes,Yes,No,No,No,No,Month-to-month,Yes,Bank transfer (automatic),86.36,3543.79,Yes
C7004070,Male,0,No,Yes,64,Yes,No,No,No internet service,No internet service,No internet service,No internet service,No internet service,No internet service,Two year,Yes,Electronic check,22.13,1422.24,No
C7004071,Female,0,No,Yes,31,Yes,No,Fiber optic,Yes,Yes,No,Yes,No,Yes,Month-to-month,Yes,Credit card (automatic),90.27,2784.18,No
C7004072,Male,0,No,No,50,Yes,No,Fiber optic,No,Yes,No,No,No,No,Two year,Yes,Bank transfer (automatic),71.83,3574.17,No
C7004073,Male,0,Yes,No,51,Yes,Yes,Fiber optic,No,No,No,No,No,Yes,Two year,No,Electronic check,79.51,4047.01,No
C7004074,Male,0,No,No,21,Yes,Yes,DSL,Yes,No,No,No,No,Yes,Two year,Yes,Bank transfer (automatic),66.78,1413.82,No
C7004075,Male,0,No,No,53,Yes,No,DSL,No,No,Yes,Yes,No,Yes,Two year,No,Electronic check,66.61,3565.03,No
C7004076,Female,0,No,Yes,39,Yes,No,Fiber optic,No,No,Yes,Yes,No,No,Two year,Yes,Electronic check,85.87,3330.49,No
C7004077,Female,1,No,No,42,Yes,No,Fiber optic,Yes,Yes,Yes,No,No,Yes,Two year,Yes,Electronic check,88.45,3733.59,No
C7004078,Male,0,Yes,No,18,Yes,No,Fiber optic,No,Yes,Yes,No,No,No,Month-to-month,No,Bank transfer (automatic),83.16,1506.55,Yes
C7004079,Male,0,Yes,No,23,No,No phone service,DSL,No,No,Yes,No,Yes,No,Month-to-month,No,Mailed check,61.06,1391.1,Yes
C7004080,Male,0,No,No,62,Yes,Yes,No,No internet service,No internet service,No internet service,No internet service,No internet service,No internet service,One year,Yes,Bank transfer (automatic),36.93,2296.85,No
C7004081,Male,1,No,Yes,45,Yes,No,Fiber optic,Yes,No,Yes,Yes,No,No,Month-to-month,Yes,Credit card (automatic),88.16,3970.07,No
C7004082,Female,0,No,No,9,Yes,No,Fiber optic,Yes,Yes,No,No,Yes,No,Month-to-month,Yes,Credit card (automatic),80.81,730.96,No
C7004083,Male,0,No,No,39,Yes,Yes,DSL,No,Yes,Yes,No,No,Yes,Two year,No,Credit card (automatic),67.03,2625.38,No
C7004084,Female,0,No,No,45,Yes,Yes,Fiber optic,No,Yes,No,Yes,No,Yes,Month-to-month,Yes,Electronic check,87.4,3960.18,No
C7004085,Female,0,No,Yes,58,Yes,Yes,DSL,Yes,Yes,No,No,Yes,Yes,Month-to-month,Yes,Bank transfer (automatic),75.41,4384.39,No
C7004086,Female,0,No,Yes,62,Yes,Yes,Fiber optic,No,Yes,No,Yes,No,Yes,Month-to-month,No,Mailed check,95.75,5938.69,No
C7004087,Female,0,No,No,47,Yes,Yes,No,No internet service,No internet service,No internet service,No internet service,No internet service,No internet service,Month-to-month,Yes,Electronic check,29.58,1381.96,No
C7004088,Male,0,Yes,No,0,Yes,Yes,Fiber optic,No,No,No,No,Yes,Yes,Month-to-month,Yes,Bank transfer (automatic),82.73,0.0,No
C7004089,Male,0,Yes,Yes,36,Yes,No,No,No internet service,No internet service,No internet service,No internet service,No internet service,No internet service,One year,No,Credit card (automatic),28.69,1037.19,No
C7004090,Male,1,Yes,Yes,15,No,No phone service,Fiber optic,No,Yes,Yes,Yes,Yes,No,One year,Yes,Bank transfer (automatic),83.56,1249.2,Yes
C7004091,Female,0,Yes,No,1,No,No phone service,DSL,Yes,Yes,Yes,No,No,No,Month-to-month,Yes,Mailed check,63.06,75.27,Yes
C7004092,Female,1,No,No,67,Yes,No,No,No internet service,No internet service,No internet service,No internet service,No internet service,No internet service,Month-to-month,Yes,Bank transfer (automatic),23.92,1629.17,No
C7004093,Male,1,No,No,12,No,No phone service,No,No internet service,No internet service,No internet service,No internet service,No internet service,No internet service,Month-to-month,Yes,Electronic check,22.74,250.66,No
C7004094,Male,1,Yes,Yes,17,Yes,No,Fiber optic,No,No,No,Yes,No,No,Two year,Yes,Bank transfer (automatic),75.81,1280.33,No
C7004095,Male,0,Yes,No,24,Yes,No,DSL,Yes,No,No,No,Yes,Yes,One year,No,Electronic check,64.12,1564.91,No
C7004096,Female,0,No,No,33,Yes,No,Fiber optic,Yes,No,No,No,No,No,Month-to-month,No,Electronic check,70.72,2335.57,No
C7004097,Female,0,No,No,43,Yes,No,DSL,Yes,Yes,No,No,No,Yes,Two year,No,Electronic check,65.15,2819.36,No
C7004098,Female,0,No,No,22,Yes,No,No,No internet service,No internet service,No internet service,No internet service,No internet service,No internet service,Month-to-month,Yes,Credit card (automatic),21.17,450.81,No
C7004099,Female,0,Yes,No,57,Yes,Yes,Fiber optic,No,Yes,No,No,No,No,Month-to-month,Yes,Electronic check,81.12,4630.64,No
C7004100,Male,0,Yes,Yes,11,Yes,Yes,DSL,Yes,No,No,Yes,No,No,Two year,No,Mailed check,67.82,742.21,No
C7004101,Female,0,No,No,70,Yes,Yes,DSL,No,Yes,No,No,Yes,No,Month-to-month,Yes,Bank transfer (automatic),66.71,4669.28,No
C7004102,Female,0,No,No,62,Yes,No,DSL,No,Yes,Yes,No,No,No,One year,Yes,Mailed check,59.87,3707.23,Yes
C7004103,Male,0,No,No,43,No,No phone service,Fiber optic,No,Yes,No,Yes,Yes,Yes,Month-to-month,Yes,Electronic check,84.83,3672.24,Yes
C7004104,Female,0,No,No,3,Yes,No,DSL,No,Yes,Yes,No,No,No,Month-to-month,Yes,Electronic check,62.17,179.31,Yes
C7004105,Male,0,Yes,Yes,53,Yes,No,Fiber optic,No,No,Yes,Yes,Yes,No,Month-to-month,Yes,Electronic check,83.18,4425.67,No
C7004106,Female,0,Yes,No,51,Yes,No,Fiber optic,No,No,No,No,Yes,Yes,Month-to-month,No,Electronic check,80.57,4110.12,No
C7004107,Female,0,Yes,No,45,Yes,No,Fiber optic,Yes,No,Yes,No,Yes,Yes,Month-to-month,Yes,Credit card (automatic),85.85,3890.09,No
C7004108,Female,0,Yes,Yes,20,No,No phone service,Fiber optic,No,No,No,No,No,No,One year,Yes,Mailed check,62.81,1265.78,No
C7004109,Female,0,Yes,No,31,Yes,No,DSL,No,Yes,No,Yes,Yes,No,Month-to-month,No,Electronic check,65.76,2018.97,No
C7004110,Male,0,Yes,No,30,Yes,No,DSL,No,No,No,No,Yes,Yes,Two year,Yes,Mailed check,55.98,1681.48,No
C7004111,Female,0,Yes,No,44,No,No phone service,DSL,No,No,Yes,Yes,Yes,Yes,Two year,No,Bank transfer (automatic),65.6,2884.0,No
C7004112,Female,0,No,No,24,Yes,Yes,No,No internet service,No internet service,No internet service,No internet service,No internet service,No internet service,Two year,Yes,Credit card (automatic),31.95,776.34,No
C7004113,Male,1,Yes,Yes,29,Yes,No,Fiber optic,No,No,No,No,Yes,Yes,One year,No,Mailed check,77.89,2261.59,No
C7004114,Female,1,No,No,66,Yes,Yes,DSL,Yes,No,Yes,No,Yes,No,Two year,No,Bank transfer (automatic),71.02,4664.75,No
C7004115,Male,0,Yes,Yes,33,Yes,Yes,Fiber optic,No,No,Yes,Yes,No,No,One year,No,Credit card (automatic),80.94,2666.1,No
C7004116,Female,0,Yes,No,43,Yes,No,DSL,No,No,Yes,No,No,No,Month-to-month,Yes,Mailed check,56.36,2416.8,No
C7004117,Female,0,Yes,No,66,Yes,No,Fiber optic,No,Yes,Yes,No,Yes,Yes,Month-to-month,No,Mailed check,88.62,5848.96,Yes
C7004118,Male,0,Yes,No,68,Yes,No,DSL,No,No,No,No,No,No,Month-to-month,Yes,Bank transfer (automatic),47.1,3207.7,Yes
C7004119,Male,0,Yes,Yes,41,Yes,Yes,No,No internet service,No internet service,No internet service,No internet service,No internet service,No internet service,Two year,Yes,Credit card (automatic),28.91,1196.31,No
C7004120,Female,1,No,No,19,Yes,Yes,Fiber optic,No,Yes,No,Yes,No,Yes,Two year,Yes,Mailed check,86.43,1650.79,No
C7004121,Female,0,No,No,7,Yes,Yes,Fiber optic,Yes,No,No,Yes,No,No,Month-to-month,No,Credit card (automatic),87.3,575.04,No
C7004122,Female,0,Yes,No,62,Yes,Yes,DSL,No,Yes,Yes,No,Yes,Yes,One year,Yes,Bank transfer (automatic),75.38,4681.68,No
C7004123,Male,0,Yes,No,38,No,No phone service,DSL,No,No,Yes,No,Yes,Yes,Two year,No,Electronic check,63.11,2418.77,No
C7004124,Female,1,Yes,No,41,Yes,Yes,DSL,No,Yes,Yes,Yes,No,No,One year,No,Bank transfer (automatic),64.57,2649.96,No
C7004125,Male,0,No,No,69,Yes,Yes,No,No internet service,No internet service,No internet service,No internet service,No internet service,No internet service,Month-to-month,Yes,Credit card (automatic),32.68,2245.91,No
C7004126,Female,0,Yes,Yes,27,Yes,Yes,No,No internet service,No internet service,No internet service,No internet service,No internet service,No internet service,Month-to-month,Yes,Electronic check,25.09,664.53,No
C7004127,Male,0,Yes,Yes,7,Yes,Yes,DSL,Yes,Yes,No,Yes,No,No,Month-to-month,Yes,Mailed check,69.83,502.26,Yes
C7004128,Female,0,No,Yes,49,Yes,No,No,No internet service,No internet service,No internet service,No internet service,No internet service,No internet service,Month-to-month,Yes,Electronic check,32.18,1582.03,No
C7004129,Female,0,No,No,70,Yes,No,Fiber optic,No,No,No,No,Yes,No,Month-to-month,Yes,Bank transfer (automatic),70.21,4906.33,No
C7004130,Female,1,No,No,12,Yes,No,No,No internet service,No internet service,No internet service,No internet service,No internet service,No internet service,Month-to-month,Yes,Electronic check,25.0,302.61,Yes
C7004131,Female,0,Yes,Yes,72,Yes,Yes,No,No internet service,No internet service,No internet service,No internet service,No internet service,No internet service,One year,Yes,Credit card (automatic),26.83,1925.84,No
C7004132,Male,0,Yes,Yes,39,No,No phone service,No,No internet service,No internet service,No internet service,No internet service,No internet service,No internet service,Month-to-month,Yes,Mailed check,18.23,704.53,Yes
C7004133,Female,0,Yes,No,40,Yes,No,Fiber optic,No,Yes,No,No,Yes,No,One year,Yes,Mailed check,76.99,3080.21,No
C7004134,Female,0,No,No,70,Yes,No,Fiber optic,No,No,Yes,No,No,No,Two year,Yes,Electronic check,67.01,4693.6,No
C7004135,Male,1,No,No,24,Yes,No,Fiber optic,No,No,No,Yes,No,No,Two year,Yes,Bank transfer (automatic),76.54,1825.84,No
C7004136,Male,0,Yes,No,54,No,No phone service,DSL,No,No,No,No,No,No,Two year,Yes,Mailed check,45.05,2427.46,No
C7004137,Female,0,No,No,0,Yes,No,Fiber optic,No,Yes,Yes,Yes,No,Yes,One year,Yes,Credit card (automatic),87.17,0.0,No
C7004138,Female,0,Yes,No,49,Yes,No,No,No internet service,No internet service,No internet service,No internet service,No internet service,No internet service,Month-to-month,No,Bank transfer (automatic),28.75,1395.0,No
C7004139,Female,0,No,No,1,Yes,No,DSL,No,No,No,No,Yes,No,One year,Yes,Electronic check,56.6,59.87,No
C7004140,Male,1,Yes,No,0,No,No phone service,Fiber optic,Yes,Yes,No,Yes,No,No,One year,No,Credit card (automatic),80.01,0.0,Yes
C7004141,Female,0,Yes,No,28,Yes,Yes,DSL,No,No,Yes,No,Yes,Yes,Month-to-month,Yes,Credit card (automatic),71.6,1996.03,No
C7004142,Male,0,Yes,Yes,27,Yes,No,Fiber optic,No,No,Yes,Yes,No,Yes,Two year,No,Electronic check,86.62,2330.79,No
C7004143,Male,1,No,No,57,Yes,Yes,DSL,No,No,No,Yes,No,No,Month-to-month,Yes,Electronic check,59.88,3402.54,Yes
C7004144,Male,0,Yes,No,65,No,No phone service,No,No internet service,No internet service,No internet service,No internet service,No internet service,No internet service,Two year,No,Mailed check,21.33,1371.51,No
C7004145,Male,0,Yes,Yes,68,Yes,No,No,No internet service,No internet service,No internet service,No internet service,No internet service,No internet service,One year,Yes,Bank transfer (automatic),25.72,1770.56,No
C7004146,Male,0,No,No,45,Yes,No,DSL,No,No,No,No,No,Yes,Month-to-month,Yes,Mailed check,53.86,2417.15,No
C7004147,Female,0,No,No,11,Yes,No,DSL,No,No,Yes,No,Yes,No,Two year,No,Mailed check,57.86,636.34,No
C7004148,Male,0,No,No,48,Yes,Yes,DSL,No,No,Yes,No,Yes,Yes,Month-to-month,Yes,Electronic check,67.94,3247.63,No
C7004149,Male,0,No,No,35,Yes,No,DSL,Yes,Yes,No,No,Yes,Yes,Month-to-month,Yes,Mailed check,67.26,2359.79,Yes
C7004150,Male,0,No,No,38,Yes,Yes,Fiber optic,No,No,Yes,No,Yes,No,Two year,No,Credit card (automatic),84.52,3203.12,Yes
C7004151,Female,0,No,No,36,Yes,No,DSL,No,No,No,Yes,No,Yes,Month-to-month,Yes,Electronic check,61.53,2226.2,No
C7004152,Male,0,Yes,No,64,Yes,Yes,Fiber optic,No,No,Yes,No,Yes,Yes,Month-to-month,Yes,Mailed check,92.71,5919.81,No
C7004153,Male,0,Yes,Yes,27,Yes,No,DSL,No,No,Yes,No,Yes,Yes,Month-to-month,Yes,Electronic check,65.62,1795.94,No
C7004154,Female,0,Yes,Yes,70,Yes,No,DSL,Yes,Yes,Yes,No,No,No,Month-to-month,Yes,Mailed check,68.29,4771.54,No
C7004155,Male,0,Yes,No,39,No,No phone service,No,No internet service,No internet service,No internet service,No internet service,No internet service,No internet service,Two year,No,Electronic check,18.0,706.79,No
C7004156,Female,0,Yes,No,50,Yes,No,No,No internet service,No internet service,No internet service,No internet service,No internet service,No internet service,Month-to-month,Yes,Credit card (automatic),28.17,1413.69,No
C7004157,Male,0,Yes,No,67,Yes,No,DSL,Yes,No,No,No,No,No,Month-to-month,No,Credit card (automatic),57.94,3895.11,Yes
C7004158,Male,0,Yes,No,59,Yes,Yes,Fiber optic,No,Yes,Yes,Yes,No,No,Two year,Yes,Mailed check,85.77,5038.68,No
C7004159,Male,0,No,Yes,32,Yes,No,DSL,No,Yes,No,Yes,Yes,No,One year,Yes,Mailed check,61.48,1953.47,No
C7004160,Female,0,No,No,14,Yes,Yes,No,No internet service,No internet service,No internet service,No internet service,No internet service,No internet service,Month-to-month,Yes,Electronic check,27.98,386.17,No
C7004161,Male,0,No,No,10,Yes,No,No,No internet service,No internet service,No internet service,No internet service,No internet service,No internet service,Two year,No,Electronic check,26.44,281.22,No
C7004162,Female,0,No,No,26,Yes,Yes,Fiber optic,Yes,Yes,Yes,No,Yes,No,Two year,Yes,Electronic check,88.18,2289.75,No
C7004163,Male,0,Yes,No,48,Yes,No,Fiber optic,No,Yes,No,No,No,Yes,One year,Yes,Credit card (automatic),80.77,3902.31,No
C7004164,Female,0,Yes,No,58,Yes,No,No,No internet service,No internet service,No internet service,No internet service,No internet service,No internet service,Month-to-month,No,Mailed check,26.68,1578.05,No
C7004165,Male,0,Yes,No,2,Yes,Yes,DSL,No,No,Yes,No,No,Yes,Month-to-month,No,Credit card (automatic),70.5,140.48,Yes
C7004166,Male,0,No,No,33,Yes,Yes,Fiber optic,Yes,Yes,No,No,No,No,One year,No,Electronic check,89.43,2983.17,No
C7004167,Male,0,Yes,Yes,68,Yes,No,DSL,No,Yes,No,No,Yes,Yes,Month-to-month,Yes,Bank transfer (automatic),63.73,4328.38,No
C7004168,Female,0,No,Yes,60,Yes,Yes,DSL,No,Yes,No,Yes,No,Yes,Two year,No,Mailed check,68.13,4091.43,No
C7004169,Male,0,Yes,Yes,68,No,No phone service,Fiber optic,No,Yes,No,No,Yes,No,Month-to-month,No,Mailed check,78.38,5335.22,No
C7004170,Female,0,No,No,69,Yes,No,DSL,No,Yes,Yes,Yes,Yes,Yes,Month-to-month,Yes,Credit card (automatic),78.79,5457.37,No
C7004171,Female,0,No,No,6,Yes,Yes,DSL,No,Yes,Yes,No,Yes,No,Two year,Yes,Electronic check,71.61,445.99,Yes
C7004172,Female,0,Yes,No,49,Yes,No,DSL,Yes,Yes,Yes,Yes,Yes,Yes,One year,Yes,Mailed check,76.34,3739.97,No
C7004173,Male,1,No,No,40,No,No phone service,No,No internet service,No internet service,No internet service,No internet service,No internet service,No internet service,Month-to-month,Yes,Credit card (automatic),19.88,786.49,No
C7004174,Female,0,No,Yes,34,Yes,No,DSL,No,No,No,No,No,No,Month-to-month,No,Electronic check,48.31,1648.43,No
C7004175,Female,0,No,Yes,58,Yes,Yes,Fiber optic,No,Yes,No,No,No,No,Month-to-month,Yes,Bank transfer (automatic),76.31,4435.57,No
C7004176,Female,0,No,No,68,No,No phone service,DSL,No,Yes,Yes,No,Yes,No,One year,Yes,Credit card (automatic),60.85,4156.62,No
C7004177,Female,0,Yes,No,33,Yes,Yes,No,No internet service,No internet service,No internet service,No internet service,No internet service,No internet service,Month-to-month,Yes,Electronic check,27.3,925.52,No
C7004178,Female,0,Yes,No,47,Yes,No,DSL,No,No,Yes,No,No,No,Two year,Yes,Electronic check,61.83,2902.12,No
C7004179,Female,0,No,No,34,Yes,Yes,Fiber optic,Yes,No,Yes,Yes,Yes,No,Month-to-month,No,Credit card (automatic),91.86,3115.21,No
C7004180,Female,0,Yes,No,46,Yes,Yes,Fiber optic,Yes,Yes,Yes,Yes,Yes,Yes,Two year,No,Electronic check,97.84,4507.89,No
C7004181,Male,0,Yes,No,70,Yes,No,Fiber optic,Yes,No,No,Yes,Yes,No,One year,Yes,Bank transfer (automatic),85.57,5970.64,No
C7004182,Female,0,Yes,No,59,Yes,Yes,No,No internet service,No internet service,No internet service,No internet service,No internet service,No internet service,Month-to-month,Yes,Bank transfer (automatic),34.58,2063.7,Yes
C7004183,Male,0,No,No,16,Yes,Yes,DSL,No,Yes,Yes,No,No,No,Month-to-month,No,Credit card (automatic),65.48,1035.51,No
C7004184,Female,0,Yes,Yes,63,No,No phone service,DSL,Yes,No,No,No,Yes,No,One year,Yes,Bank transfer (automatic),53.4,3365.96,No
C7004185,Female,0,No,No,38,Yes,No,Fiber optic,Yes,Yes,Yes,No,No,No,Month-to-month,No,Mailed check,81.79,3087.88,No
C7004186,Male,0,Yes,No,42,Yes,No,Fiber optic,Yes,No,Yes,No,No,Yes,Month-to-month,No,Electronic check,80.66,3377.14,No
C7004187,Male,0,Yes,Yes,8,Yes,No,No,No internet service,No internet service,No internet service,No internet service,No internet service,No internet service,One year,Yes,Bank transfer (automatic),23.22,195.37,No
C7004188,Male,1,Yes,Yes,32,Yes,Yes,DSL,No,No,No,No,Yes,No,Month-to-month,Yes,Bank transfer (automatic),56.92,1807.07,No
C7004189,Male,0,Yes,No,22,No,No phone service,No,No internet service,No internet service,No internet service,No internet service,No internet service,No internet service,One year,Yes,Electronic check,20.54,446.07,No
C7004190,Male,0,Yes,Yes,6,Yes,No,DSL,Yes,Yes,No,No,No,No,Month-to-month,Yes,Electronic check,59.54,382.64,No
C7004191,Female,0,No,No,62,Yes,Yes,DSL,No,No,No,No,Yes,Yes,Month-to-month,Yes,Bank transfer (automatic),65.21,4050.2,No
C7004192,Female,0,Yes,No,9,Yes,No,Fiber optic,Yes,No,No,Yes,No,No,Month-to-month,Yes,Credit card (automatic),77.31,690.27,No
C7004193,Female,0,Yes,No,52,Yes,Yes,Fiber optic,Yes,No,Yes,Yes,No,No,Two year,Yes,Credit card (automatic),89.43,4629.74,No
C7004194,Male,0,Yes,Yes,54,Yes,Yes,DSL,Yes,Yes,Yes,Yes,Yes,No,Two year,Yes,Credit card (automatic),82.88,4494.17,No
C7004195,Female,0,Yes,No,44,Yes,Yes,No,No internet service,No internet service,No internet service,No internet service,No internet service,No internet service,Month-to-month,Yes,Electronic check,24.63,1109.23,No
C7004196,Male,0,No,No,61,Yes,Yes,DSL,No,No,Yes,Yes,Yes,No,Month-to-month,No,Bank transfer (automatic),67.44,4080.54,No
C7004197,Female,0,Yes,Yes,8,Yes,Yes,No,No internet service,No internet service,No internet service,No internet service,No internet service,No internet service,Two year,Yes,Mailed check,29.04,211.38,No
C7004198,Male,0,No,No,1,Yes,No,DSL,Yes,No,Yes,No,No,Yes,Month-to-month,No,Mailed check,63.63,76.45,No
C7004199,Male,0,Yes,Yes,62,Yes,Yes,DSL,No,Yes,No,No,No,No,Month-to-month,Yes,Electronic check,64.51,3989.5,No
C7004200,Male,0,Yes,No,13,Yes,Yes,No,No internet service,No internet service,No internet service,No internet service,No internet service,No internet service,Month-to-month,No,Electronic check,25.06,340.16,Yes
C7004201,Female,0,No,No,21,Yes,Yes,DSL,No,No,No,No,Yes,No,One year,No,Electronic check,51.22,1067.34,Yes
C7004202,Male,0,Yes,No,50,Yes,Yes,Fiber optic,Yes,Yes,Yes,No,No,Yes,One year,Yes,Electronic check,98.48,4944.35,No
C7004203,Female,0,No,No,39,Yes,Yes,No,No internet service,No internet service,No internet service,No internet service,No internet service,No internet service,One year,Yes,Mailed check,25.54,975.52,No
C7004204,Female,0,No,No,14,Yes,Yes,DSL,No,Yes,Yes,No,Yes,No,One year,No,Credit card (automatic),67.61,942.51,No
C7004205,Female,0,Yes,No,17,Yes,Yes,Fiber optic,No,No,No,No,No,Yes,Month-to-month,Yes,Credit card (automatic),80.93,1371.7,Yes
C7004206,Male,0,No,No,61,Yes,No,Fiber optic,No,Yes,Yes,Yes,No,Yes,Two year,Yes,Credit card (automatic),93.77,5730.35,No
C7004207,Male,0,Yes,Yes,38,Yes,Yes,DSL,Yes,No,Yes,Yes,Yes,Yes,One year,Yes,Bank transfer (automatic),77.84,2958.07,No
C7004208,Male,0,No,No,67,Yes,Yes,DSL,Yes,No,No,Yes,No,No,Two year,Yes,Bank transfer (automatic),63.1,4223.72,No
C7004209,Male,0,No,No,41,Yes,No,DSL,No,Yes,Yes,Yes,Yes,No,One year,Yes,Credit card (automatic),66.3,2712.78,No
C7004210,Female,0,Yes,No,48,Yes,No,Fiber optic,No,Yes,Yes,No,No,Yes,Two year,Yes,Mailed check,85.07,4054.36,No
C7004211,Male,0,Yes,No,24,Yes,Yes,Fiber optic,No,Yes,No,No,No,Yes,Month-to-month,No,Electronic check,89.51,2141.59,No
C7004212,Male,0,No,Yes,2,Yes,No,Fiber optic,No,No,Yes,Yes,Yes,No,Month-to-month,Yes,Bank transfer (automatic),83.08,154.11,No
C7004213,Male,0,Yes,Yes,36,Yes,No,Fiber optic,No,No,No,Yes,Yes,No,Month-to-month,No,Electronic check,77.27,2789.03,No
C7004214,Female,0,No,Yes,53,No,No phone service,Fiber optic,Yes,No,No,Yes,No,Yes,Month-to-month,Yes,Credit card (automatic),79.58,4208.08,No
C7004215,Male,0,Yes,No,29,Yes,No,No,No internet service,No internet service,No internet service,No internet service,No internet service,No internet service,Two year,No,Credit card (automatic),26.67,784.04,No
C7004216,Female,0,Yes,Yes,62,Yes,No,Fiber optic,No,Yes,Yes,No,Yes,No,Month-to-month,No,Mailed check,87.44,5413.99,No
C7004217,Male,0,No,Yes,50,No,No phone service,No,No internet service,No internet service,No internet service,No internet service,No internet service,No internet service,Month-to-month,Yes,Electronic check,19.44,969.38,No
C7004218,Female,1,No,No,36,Yes,No,Fiber optic,No,Yes,No,No,Yes,Yes,Month-to-month,No,Mailed check,89.73,3230.11,No
C7004219,Female,0,No,No,39,Yes,Yes,No,No internet service,No internet service,No internet service,No internet service,No internet service,No internet service,Month-to-month,Yes,Credit card (automatic),31.83,1231.58,No
C7004220,Male,0,No,No,16,Yes,Yes,No,No internet service,No internet service,No internet service,No internet service,No internet service,No internet service,One year,No,Bank transfer (automatic),30.03,482.02,No
C7004221,Male,0,Yes,Yes,64,Yes,Yes,Fiber optic,No,No,Yes,No,Yes,Yes,Month-to-month,No,Electronic check,89.91,5731.4,Yes
C7004222,Male,0,Yes,Yes,4,Yes,No,Fiber optic,No,No,No,No,Yes,No,Month-to-month,Yes,Electronic check,68.67,281.57,Yes
C7004223,Male,0,Yes,No,3,Yes,No,DSL,Yes,Yes,No,Yes,No,No,Month-to-month,No,Bank transfer (automatic),63.17,191.81,No
C7004224,Male,0,Yes,No,57,Yes,No,Fiber optic,Yes,No,Yes,No,Yes,No,Two year,No,Mailed check,81.87,4673.98,No
C7004225,Female,0,Yes,No,1,Yes,Yes,Fiber optic,No,Yes,No,No,Yes,No,Month-to-month,No,Electronic check,84.2,101.69,No
C7004226,Female,0,No,No,37,Yes,No,Fiber optic,Yes,No,Yes,No,Yes,Yes,Month-to-month,Yes,Bank transfer (automatic),87.35,3261.16,No
C7004227,Male,0,Yes,No,13,Yes,No,DSL,No,No,No,No,Yes,No,Month-to-month,Yes,Mailed check,50.73,655.11,No
C7004228,Female,0,Yes,No,49,Yes,Yes,No,No internet service,No internet service,No internet service,No internet service,No internet service,No internet service,Month-to-month,Yes,Credit card (automatic),32.59,1585.59,Yes
C7004229,Male,1,No,No,8,No,No phone service,DSL,Yes,Yes,No,No,Yes,Yes,One year,Yes,Mailed check,59.82,472.21,Yes
C7004230,Female,0,Yes,Yes,19,Yes,No,No,No internet service,No internet service,No internet service,No internet service,No internet service,No internet service,Month-to-month,Yes,Credit card (automatic),32.22,634.53,No
C7004231,Male,0,No,No,38,Yes,No,No,No internet service,No internet service,No internet service,No internet service,No internet service,No internet service,Month-to-month,No,Bank transfer (automatic),21.7,809.79,No
C7004232,Female,0,Yes,No,27,Yes,Yes,DSL,No,No,Yes,No,No,Yes,Month-to-month,Yes,Credit card (automatic),64.74,1786.33,No
C7004233,Female,0,Yes,Yes,14,Yes,Yes,Fiber optic,No,No,No,No,Yes,Yes,Two year,No,Bank transfer (automatic),80.75,1132.45,No
C7004234,Male,0,No,No,4,Yes,No,Fiber optic,No,No,No,No,Yes,No,One year,No,Credit card (automatic),72.05,293.52,No
C7004235,Male,0,No,No,1,No,No phone service,No,No internet service,No internet service,No internet service,No internet service,No internet service,No internet service,Month-to-month,Yes,Credit card (automatic),22.4,45.75,No
C7004236,Male,0,No,No,14,Yes,Yes,No,No internet service,No internet service,No internet service,No internet service,No internet service,No internet service,Month-to-month,Yes,Electronic check,27.73,382.94,No
C7004237,Female,0,Yes,No,20,Yes,No,Fiber optic,No,Yes,Yes,No,No,Yes,One year,No,Credit card (automatic),82.97,1665.39,No
C7004238,Female,0,Yes,No,8,No,No phone service,No,No internet service,No internet service,No internet service,No internet service,No internet service,No internet service,Month-to-month,No,Mailed check,22.91,201.83,Yes
C7004239,Female,0,No,No,37,Yes,Yes,DSL,No,Yes,No,No,Yes,Yes,Month-to-month,No,Bank transfer (automatic),75.74,2787.93,Yes
C7004240,Female,0,Yes,No,64,Yes,Yes,DSL,No,Yes,Yes,No,No,Yes,Month-to-month,Yes,Mailed check,68.75,4375.58,No
C7004241,Female,1,No,No,52,Yes,Yes,Fiber optic,No,Yes,Yes,No,Yes,No,Month-to-month,Yes,Mailed check,84.2,4381.65,Yes
C7004242,Male,0,Yes,Yes,22,Yes,No,Fiber optic,No,No,No,No,No,Yes,Month-to-month,No,Mailed check,73.93,1608.88,No
C7004243,Female,1,Yes,Yes,32,Yes,No,DSL,No,Yes,No,No,No,Yes,Month-to-month,No,Electronic check,59.19,1900.45,Yes
C7004244,Female,1,Yes,Yes,56,Yes,No,Fiber optic,No,Yes,No,No,Yes,Yes,One year,Yes,Mailed check,84.87,4750.08,No
C7004245,Male,0,No,Yes,70,Yes,No,DSL,Yes,Yes,No,Yes,Yes,No,Two year,Yes,Bank transfer (automatic),71.84,5044.01,No
C7004246,Female,0,Yes,No,40,Yes,Yes,DSL,No,No,No,No,Yes,Yes,One year,Yes,Credit card (automatic),67.44,2711.37,No
C7004247,Male,0,No,No,14,Yes,Yes,No,No internet service,No internet service,No internet service,No internet service,No internet service,No internet service,Two year,No,Mailed check,27.52,361.5,No
C7004248,Male,0,Yes,No,63,Yes,Yes,Fiber optic,No,No,No,No,No,No,One year,Yes,Credit card (automatic),75.3,4737.92,No
C7004249,Female,0,Yes,No,37,Yes,No,Fiber optic,Yes,No,Yes,Yes,Yes,No,One year,Yes,Electronic check,90.46,3329.35,No
C7004250,Male,0,Yes,Yes,2,No,No phone service,Fiber optic,No,No,No,Yes,Yes,Yes,Two year,No,Credit card (automatic),85.3,176.64,No
C7004251,Male,0,No,No,18,Yes,Yes,Fiber optic,Yes,Yes,No,No,No,No,Two year,No,Electronic check,87.67,1560.36,No
C7004252,Male,1,No,No,38,Yes,No,DSL,No,No,No,Yes,Yes,No,Month-to-month,Yes,Bank transfer (automatic),58.04,2221.34,No
C7004253,Female,0,No,Yes,58,Yes,Yes,Fiber optic,No,No,No,No,No,Yes,One year,No,Mailed check,76.26,4398.86,No
C7004254,Female,1,Yes,Yes,62,Yes,No,No,No internet service,No internet service,No internet service,No internet service,No internet service,No internet service,Month-to-month,Yes,Electronic check,23.57,1459.79,No
C7004255,Male,0,No,No,13,Yes,No,DSL,No,Yes,No,No,Yes,No,Month-to-month,No,Bank transfer (automatic),60.15,770.31,Yes
C7004256,Male,0,Yes,No,52,Yes,No,DSL,No,No,Yes,No,Yes,Yes,Month-to-month,Yes,Credit card (automatic),64.18,3330.71,No
C7004257,Male,0,No,No,70,Yes,No,Fiber optic,Yes,No,Yes,No,Yes,No,Month-to-month,Yes,Credit card (automatic),82.25,5749.81,No
C7004258,Female,1,No,No,58,No,No phone service,Fiber optic,Yes,No,No,Yes,No,No,Two year,Yes,Electronic check,72.37,4197.67,No
C7004259,Male,1,Yes,No,52,Yes,No,DSL,Yes,Yes,No,No,No,Yes,Two year,Yes,Credit card (automatic),67.75,3506.49,No
C7004260,Female,1,No,No,58,Yes,No,Fiber optic,No,No,No,Yes,No,Yes,One year,No,Credit card (automatic),74.32,4303.44,No
C7004261,Female,0,No,No,40,No,No phone service,No,No internet service,No internet service,No internet service,No internet service,No internet service,No internet service,Month-to-month,No,Bank transfer (automatic),23.7,973.95,No
C7004262,Male,0,Yes,No,44,Yes,No,DSL,No,No,Yes,Yes,No,Yes,Month-to-month,Yes,Credit card (automatic),65.09,2864.86,No
C7004263,Female,0,Yes,Yes,38,Yes,Yes,DSL,No,No,Yes,No,Yes,No,Month-to-month,Yes,Bank transfer (automatic),62.5,2399.04,No
C7004264,Female,1,Yes,No,69,Yes,No,Fiber optic,Yes,Yes,No,No,No,Yes,One year,Yes,Electronic check,85.08,5869.27,No
C7004265,Female,0,No,No,26,Yes,No,Fiber optic,No,Yes,No,No,Yes,No,Month-to-month,No,Electronic check,82.86,2146.48,No
C7004266,Male,0,No,No,56,Yes,No,DSL,Yes,Yes,No,No,No,Yes,Month-to-month,Yes,Mailed check,65.77,3665.64,No
C7004267,Female,0,Yes,No,1,Yes,Yes,Fiber optic,No,No,Yes,No,No,Yes,One year,No,Electronic check,83.23,90.71,No
C7004268,Female,0,Yes,No,30,Yes,Yes,Fiber optic,No,No,No,No,No,No,Month-to-month,No,Credit card (automatic),73.61,2231.46,No
C7004269,Female,0,Yes,No,66,Yes,Yes,Fiber optic,No,No,Yes,Yes,Yes,No,One year,No,Electronic check,89.3,5910.13,No
C7004270,Female,0,Yes,No,17,Yes,No,Fiber optic,Yes,No,No,Yes,No,Yes,Two year,Yes,Credit card (automatic),86.36,1478.01,No
C7004271,Male,0,Yes,No,58,Yes,Yes,DSL,No,No,Yes,No,Yes,No,Month-to-month,Yes,Bank transfer (automatic),60.17,3509.77,No
C7004272,Female,0,Yes,No,36,Yes,No,DSL,No,Yes,No,No,Yes,No,Two year,Yes,Credit card (automatic),58.38,2113.01,No
C7004273,Female,0,Yes,No,9,Yes,Yes,No,No internet service,No internet service,No internet service,No internet service,No internet service,No internet service,Two year,No,Electronic check,29.77,282.33,No
C7004274,Male,0,No,No,7,Yes,No,Fiber optic,No,Yes,Yes,Yes,No,Yes,Month-to-month,No,Electronic check,89.91,641.94,No
C7004275,Male,0,No,No,8,Yes,No,Fiber optic,No,Yes,Yes,Yes,Yes,Yes,Month-to-month,Yes,Electronic check,93.8,763.98,Yes
C7004276,Male,0,Yes,No,33,No,No phone service,Fiber optic,No,Yes,No,No,No,Yes,Month-to-month,No,Credit card (automatic),75.29,2468.97,Yes
C7004277,Female,0,No,No,22,Yes,No,Fiber optic,No,No,No,Yes,No,No,Two year,No,Credit card (automatic),68.96,1508.83,No
C7004278,Male,0,Yes,No,65,Yes,Yes,No,No internet service,No internet service,No internet service,No internet service,No internet service,No internet service,One year,Yes,Bank transfer (automatic),24.62,1627.82,No
C7004279,Female,0,Yes,No,55,Yes,Yes,Fiber optic,Yes,No,No,Yes,Yes,No,Month-to-month,Yes,Mailed check,94.25,5174.81,Yes
C7004280,Male,1,No,No,10,Yes,No,DSL,No,Yes,Yes,No,Yes,Yes,Month-to-month,No,Electronic check,69.84,682.57,No
C7004281,Male,0,No,No,36,Yes,No,DSL,No,Yes,No,Yes,No,No,Month-to-month,No,Bank transfer (automatic),59.47,2149.19,No
C7004282,Female,0,Yes,No,55,No,No phone service,DSL,Yes,No,No,No,No,No,Month-to-month,Yes,Bank transfer (automatic),44.66,2453.79,No
C7004283,Male,0,Yes,No,47,Yes,Yes,DSL,No,No,Yes,No,Yes,Yes,Two year,Yes,Credit card (automatic),63.74,3018.99,No
C7004284,Female,0,No,No,0,Yes,No,Fiber optic,Yes,Yes,No,No,Yes,No,Two year,Yes,Electronic check,86.11,0.0,No
C7004285,Male,0,Yes,No,0,Yes,No,DSL,No,No,No,No,No,No,Two year,No,Bank transfer (automatic),53.88,0.0,No
C7004286,Female,1,No,No,42,Yes,No,Fiber optic,No,Yes,No,No,Yes,No,Month-to-month,Yes,Electronic check,77.13,3268.9,Yes
C7004287,Male,0,Yes,No,67,Yes,Yes,Fiber optic,No,No,Yes,No,No,Yes,Two year,Yes,Credit card (automatic),85.81,5735.84,Yes
C7004288,Female,1,Yes,No,3,Yes,No,DSL,Yes,Yes,No,No,No,No,Month-to-month,No,Credit card (automatic),63.24,180.93,Yes
C7004289,Female,0,No,No,12,Yes,No,DSL,No,No,No,No,Yes,No,Month-to-month,No,Mailed check,54.01,643.68,Yes
C7004290,Male,0,No,No,13,No,No phone service,DSL,Yes,No,No,No,Yes,Yes,Month-to-month,Yes,Mailed check,63.7,794.33,No
C7004291,Male,0,Yes,No,23,Yes,Yes,Fiber optic,Yes,Yes,Yes,Yes,No,Yes,One year,No,Mailed check,98.87,2281.72,No
C7004292,Male,0,No,No,64,Yes,Yes,Fiber optic,No,No,No,No,Yes,Yes,Month-to-month,Yes,Electronic check,85.75,5467.79,No
C7004293,Female,0,No,No,69,Yes,Yes,Fiber optic,No,No,Yes,Yes,No,No,Month-to-month,Yes,Electronic check,90.25,6236.26,No
C7004294,Female,0,Yes,No,22,Yes,Yes,DSL,No,No,Yes,Yes,No,No,Month-to-month,Yes,Bank transfer (automatic),67.14,1454.13,Yes
C7004295,Male,0,Yes,Yes,53,Yes,No,No,No internet service,No internet service,No internet service,No internet service,No internet service,No internet service,Month-to-month,No,Mailed check,24.56,1312.45,No
C7004296,Male,0,Yes,Yes,0,Yes,No,Fiber optic,Yes,No,Yes,No,Yes,No,Month-to-month,Yes,Bank transfer (automatic),83.11,0.0,Yes
C7004297,Female,0,No,No,37,Yes,No,Fiber optic,No,Yes,No,No,Yes,No,Month-to-month,No,Bank transfer (automatic),83.24,3077.38,No
C7004298,Female,0,No,No,45,Yes,No,Fiber optic,No,Yes,Yes,No,No,Yes,Month-to-month,No,Electronic check,86.77,3913.91,No
C7004299,Female,0,Yes,Yes,62,Yes,Yes,DSL,No,Yes,No,Yes,No,Yes,Month-to-month,No,Bank transfer (automatic),72.0,4477.38,No
C7004300,Male,0,No,No,59,Yes,No,Fiber optic,Yes,Yes,No,No,Yes,Yes,Month-to-month,Yes,Bank transfer (automatic),90.43,5336.72,No
C7004301,Female,0,Yes,No,4,Yes,No,Fiber optic,No,No,Yes,No,Yes,Yes,Month-to-month,Yes,Electronic check,87.53,349.93,Yes
C7004302,Female,0,No,Yes,30,Yes,No,DSL,No,Yes,Yes,Yes,No,No,One year,No,Electronic check,62.23,1859.33,No
C7004303,Male,0,No,Yes,5,Yes,No,DSL,No,No,Yes,No,No,Yes,Month-to-month,No,Credit card (automatic),57.81,295.02,No
C7004304,Male,0,Yes,No,0,No,No phone service,Fiber optic,Yes,No,No,No,No,Yes,Month-to-month,Yes,Credit card (automatic),72.25,0.0,Yes
C7004305,Male,0,Yes,No,11,Yes,No,Fiber optic,Yes,Yes,No,Yes,No,No,Two year,Yes,Electronic check,86.83,963.03,No
C7004306,Female,1,Yes,No,68,Yes,No,No,No internet service,No internet service,No internet service,No internet service,No internet service,No internet service,Month-to-month,Yes,Electronic check,22.98,1545.66,No
C7004307,Male,0,No,Yes,19,Yes,No,Fiber optic,Yes,No,No,No,No,Yes,Month-to-month,No,Mailed check,77.62,1475.03,Yes
C7004308,Female,0,Yes,No,53,Yes,Yes,No,No internet service,No internet service,No internet service,No internet service,No internet service,No internet service,Month-to-month,No,Credit card (automatic),30.4,1601.45,No
C7004309,Female,0,No,Yes,51,Yes,Yes,DSL,No,No,Yes,No,Yes,Yes,Two year,No,Electronic check,66.95,3397.91,No
C7004310,Female,0,Yes,No,63,Yes,No,Fiber optic,Yes,No,Yes,Yes,Yes,Yes,Two year,Yes,Credit card (automatic),96.46,6072.84,No
C7004311,Female,0,Yes,Yes,38,Yes,Yes,DSL,Yes,No,No,No,No,Yes,Month-to-month,Yes,Electronic check,63.3,2411.44,No
C7004312,Male,0,No,Yes,71,Yes,No,No,No internet service,No internet service,No internet service,No internet service,No internet service,No internet service,Month-to-month,No,Mailed check,29.19,2082.37,No
C7004313,Female,0,Yes,No,31,Yes,Yes,Fiber optic,Yes,No,Yes,Yes,No,Yes,Month-to-month,Yes,Electronic check,99.06,3078.17,No
C7004314,Male,1,No,No,57,Yes,Yes,Fiber optic,No,No,Yes,No,Yes,Yes,Month-to-month,Yes,Electronic check,95.0,5404.57,No
C7004315,Female,0,Yes,No,57,Yes,Yes,DSL,No,Yes,Yes,Yes,No,No,Month-to-month,Yes,Electronic check,66.67,3786.48,No
C7004316,Female,0,Yes,No,39,Yes,Yes,Fiber optic,Yes,Yes,No,No,Yes,Yes,One year,Yes,Credit card (automatic),94.18,3653.73,No
C7004317,Female,0,Yes,No,23,Yes,Yes,Fiber optic,Yes,Yes,Yes,Yes,No,No,Two year,No,Credit card (automatic),98.16,2255.79,No
C7004318,Female,0,Yes,No,11,Yes,No,DSL,Yes,Yes,No,Yes,Yes,Yes,Month-to-month,No,Electronic check,80.09,889.42,No
C7004319,Male,1,No,Yes,6,Yes,Yes,Fiber optic,No,Yes,No,No,Yes,No,Two year,Yes,Credit card (automatic),80.38,489.26,Yes
C7004320,Female,0,Yes,No,36,Yes,Yes,Fiber optic,Yes,Yes,No,No,Yes,No,Month-to-month,No,Electronic check,91.99,3297.62,No
C7004321,Female,0,Yes,Yes,28,Yes,No,Fiber optic,Yes,No,Yes,Yes,Yes,No,Two year,No,Mailed check,90.58,2560.74,No
C7004322,Female,1,Yes,Yes,15,Yes,No,Fiber optic,No,Yes,No,No,Yes,No,Two year,Yes,Mailed check,80.93,1217.37,Yes
C7004323,Male,0,No,No,55,Yes,Yes,Fiber optic,No,No,Yes,No,No,Yes,One year,No,Electronic check,81.86,4513.53,No
C7004324,Male,0,No,Yes,11,Yes,No,DSL,No,Yes,Yes,Yes,Yes,Yes,Two year,Yes,Bank transfer (automatic),73.79,819.75,No
C7004325,Female,0,No,Yes,34,Yes,Yes,Fiber optic,Yes,Yes,Yes,No,Yes,Yes,One year,Yes,Mailed check,102.98,3480.15,Yes
C7004326,Male,0,No,No,31,Yes,No,No,No internet service,No internet service,No internet service,No internet service,No internet service,No internet service,Two year,Yes,Credit card (automatic),27.89,875.59,No
C7004327,Female,0,Yes,No,71,Yes,Yes,DSL,No,No,Yes,No,Yes,Yes,One year,Yes,Electronic check,70.74,5044.68,No
C7004328,Female,0,Yes,Yes,7,Yes,Yes,No,No internet service,No internet service,No internet service,No internet service,No internet service,No internet service,Month-to-month,Yes,Credit card (automatic),33.77,221.85,No
C7004329,Female,0,No,No,62,Yes,Yes,No,No internet service,No internet service,No internet service,No internet service,No internet service,No internet service,Month-to-month,Yes,Mailed check,32.76,2016.98,No
C7004330,Male,1,Yes,No,49,Yes,No,DSL,No,No,No,Yes,Yes,Yes,Month-to-month,No,Credit card (automatic),69.91,3431.94,No
C7004331,Female,0,No,Yes,57,Yes,Yes,DSL,No,No,No,No,Yes,No,Two year,Yes,Mailed check,61.83,3525.52,No
C7004332,Male,0,No,No,56,Yes,No,Fiber optic,No,Yes,No,No,No,No,Month-to-month,Yes,Mailed check,83.61,4689.9,Yes
C7004333,Male,1,Yes,Yes,56,Yes,No,No,No internet service,No internet service,No internet service,No internet service,No internet service,No internet service,One year,Yes,Electronic check,24.11,1334.72,No
C7004334,Female,0,No,No,31,Yes,Yes,DSL,Yes,Yes,No,No,No,Yes,Month-to-month,Yes,Bank transfer (automatic),76.14,2370.79,No
C7004335,Male,0,Yes,Yes,42,Yes,Yes,No,No internet service,No internet service,No internet service,No internet service,No internet service,No internet service,Month-to-month,Yes,Electronic check,27.04,1112.23,No
C7004336,Male,0,No,Yes,26,Yes,Yes,DSL,No,Yes,No,Yes,No,Yes,Month-to-month,No,Bank transfer (automatic),69.71,1807.55,No
C7004337,Male,0,Yes,No,65,Yes,Yes,Fiber optic,No,No,Yes,No,Yes,No,Month-to-month,Yes,Bank transfer (automatic),87.17,5670.76,No
C7004338,Female,0,No,No,16,Yes,No,No,No internet service,No internet service,No internet service,No internet service,No internet service,No internet service,Month-to-month,No,Credit card (automatic),18.0,277.25,No
C7004339,Female,0,Yes,Yes,43,No,No phone service,DSL,Yes,Yes,No,No,No,Yes,Month-to-month,Yes,Mailed check,58.37,2510.98,No
C7004340,Male,0,No,No,15,Yes,Yes,Fiber optic,Yes,Yes,No,Yes,Yes,Yes,Month-to-month,No,Bank transfer (automatic),106.72,1616.79,No
C7004341,Male,0,No,No,27,Yes,Yes,DSL,Yes,No,Yes,Yes,No,Yes,Two year,No,Mailed check,79.49,2134.24,No
C7004342,Female,0,No,No,70,Yes,No,Fiber optic,No,No,No,Yes,No,Yes,Month-to-month,Yes,Mailed check,75.55,5282.87,No
C7004343,Male,0,No,Yes,14,No,No phone service,No,No internet service,No internet service,No internet service,No internet service,No internet service,No internet service,Month-to-month,No,Mailed check,18.0,217.33,No
C7004344,Female,0,No,Yes,64,Yes,Yes,DSL,Yes,No,Yes,Yes,No,Yes,Month-to-month,No,Bank transfer (automatic),70.48,4513.2,No
C7004345,Female,0,No,No,59,Yes,Yes,Fiber optic,Yes,No,Yes,No,No,No,One year,No,Mailed check,82.46,4884.64,No
C7004346,Female,0,No,Yes,26,Yes,No,No,No internet service,No internet service,No internet service,No internet service,No internet service,No internet service,Month-to-month,Yes,Electronic check,24.96,633.6,No
C7004347,Female,0,No,No,27,Yes,No,No,No internet service,No internet service,No internet service,No internet service,No internet service,No internet service,Two year,Yes,Credit card (automatic),27.61,738.23,No
C7004348,Female,0,No,Yes,0,No,No phone service,No,No internet service,No internet service,No internet service,No internet service,No internet service,No internet service,One year,No,Electronic check,23.24,0.0,No
C7004349,Female,0,No,Yes,57,Yes,No,No,No internet service,No internet service,No internet service,No internet service,No internet service,No internet service,Month-to-month,Yes,Bank transfer (automatic),30.56,1763.61,No
C7004350,Male,0,Yes,No,48,Yes,No,DSL,No,Yes,No,No,No,No,Two year,No,Mailed check,59.16,2838.77,No
C7004351,Male,1,No,No,71,No,No phone service,Fiber optic,Yes,Yes,No,No,Yes,Yes,One year,No,Credit card (automatic),78.0,5524.24,Yes
C7004352,Female,0,Yes,Yes,21,Yes,No,Fiber optic,No,Yes,No,No,Yes,Yes,Month-to-month,Yes,Bank transfer (automatic),83.59,1748.83,Yes
C7004353,Male,0,Yes,Yes,29,Yes,Yes,Fiber optic,No,Yes,Yes,No,No,Yes,Month-to-month,Yes,Mailed check,85.87,2498.31,No
C7004354,Female,0,No,Yes,50,Yes,No,Fiber optic,No,No,Yes,Yes,Yes,No,One year,Yes,Mailed check,92.15,4597.48,No
C7004355,Female,0,Yes,Yes,24,Yes,No,DSL,No,Yes,Yes,Yes,Yes,No,Month-to-month,No,Credit card (automatic),68.9,1646.36,Yes
C7004356,Female,1,Yes,Yes,23,Yes,No,No,No internet service,No internet service,No internet service,No internet service,No internet service,No internet service,One year,No,Bank transfer (automatic),22.83,514.18,No
C7004357,Male,0,No,No,12,Yes,No,Fiber optic,No,No,Yes,Yes,Yes,No,Month-to-month,No,Mailed check,87.37,1062.47,Yes
C7004358,Male,0,No,Yes,72,Yes,Yes,Fiber optic,No,Yes,No,No,Yes,No,Month-to-month,No,Mailed check,84.29,6071.16,No
C7004359,Female,0,Yes,No,34,Yes,Yes,Fiber optic,No,No,No,No,No,No,One year,No,Electronic check,78.4,2657.31,No
C7004360,Male,0,No,No,56,Yes,Yes,Fiber optic,Yes,Yes,No,No,No,No,Month-to-month,No,Mailed check,83.23,4662.3,No
C7004361,Female,0,Yes,No,47,Yes,No,Fiber optic,No,No,No,Yes,Yes,No,Two year,Yes,Credit card (automatic),82.95,3905.56,No
C7004362,Female,0,Yes,No,43,Yes,Yes,Fiber optic,No,Yes,No,No,Yes,No,Two year,Yes,Bank transfer (automatic),77.47,3306.91,No
C7004363,Female,0,Yes,No,22,Yes,No,No,No internet service,No internet service,No internet service,No internet service,No internet service,No internet service,Month-to-month,Yes,Bank transfer (automatic),32.71,726.1,No
C7004364,Female,0,Yes,Yes,23,Yes,Yes,No,No internet service,No internet service,No internet service,No internet service,No internet service,No internet service,Month-to-month,Yes,Mailed check,32.29,761.86,No
C7004365,Male,0,No,Yes,35,Yes,Yes,No,No internet service,No internet service,No internet service,No internet service,No internet service,No internet service,Month-to-month,Yes,Credit card (automatic),31.1,1077.38,No
C7004366,Male,0,No,Yes,9,Yes,Yes,Fiber optic,No,Yes,Yes,Yes,Yes,Yes,Month-to-month,No,Credit card (automatic),98.57,876.08,Yes
C7004367,Female,0,No,Yes,39,No,No phone service,No,No internet service,No internet service,No internet service,No internet service,No internet service,No internet service,Two year,Yes,Credit card (automatic),19.95,794.56,No
C7004368,Male,0,No,No,6,No,No phone service,DSL,No,Yes,No,Yes,No,No,Two year,Yes,Electronic check,54.89,301.14,No
C7004369,Male,0,No,No,20,Yes,Yes,Fiber optic,Yes,No,No,No,Yes,Yes,Month-to-month,No,Bank transfer (automatic),89.46,1823.11,Yes
C7004370,Male,0,No,No,46,Yes,Yes,DSL,No,No,Yes,No,No,Yes,One year,Yes,Mailed check,65.92,3016.47,No
C7004371,Male,1,Yes,No,1,Yes,No,Fiber optic,No,No,No,No,Yes,No,Month-to-month,No,Bank transfer (automatic),74.67,67.53,Yes
C7004372,Female,0,No,No,3,Yes,No,No,No internet service,No internet service,No internet service,No internet service,No internet service,No internet service,Two year,Yes,Mailed check,24.86,60.36,No
C7004373,Male,0,No,No,15,Yes,Yes,Fiber optic,No,No,Yes,Yes,Yes,No,Two year,Yes,Credit card (automatic),88.83,1314.62,No
C7004374,Female,0,Yes,No,55,No,No phone service,Fiber optic,No,No,No,No,No,No,One year,No,Mailed check,64.63,3559.99,Yes
C7004375,Male,0,Yes,No,58,Yes,Yes,Fiber optic,No,No,Yes,Yes,Yes,No,Month-to-month,Yes,Electronic check,90.77,5272.09,No
C7004376,Female,1,Yes,Yes,0,Yes,Yes,DSL,Yes,No,No,No,Yes,Yes,Month-to-month,Yes,Credit card (automatic),70.49,0.0,Yes
C7004377,Male,0,Yes,No,20,Yes,No,No,No internet service,No internet service,No internet service,No internet service,No internet service,No internet service,One year,Yes,Mailed check,24.81,474.68,No
C7004378,Female,0,No,No,4,Yes,No,DSL,No,No,No,No,No,No,One year,No,Electronic check,49.24,189.84,Yes
C7004379,Male,0,No,No,1,Yes,Yes,DSL,No,No,No,No,Yes,Yes,Two year,Yes,Mailed check,66.76,73.78,No
C7004380,Female,0,Yes,No,68,Yes,No,DSL,No,No,Yes,No,No,Yes,Month-to-month,Yes,Credit card (automatic),58.12,3951.87,No
C7004381,Male,0,Yes,No,31,Yes,Yes,No,No internet service,No internet service,No internet service,No internet service,No internet service,No internet service,Month-to-month,Yes,Mailed check,24.84,773.86,No
C7004382,Male,0,No,No,58,Yes,Yes,Fiber optic,No,No,Yes,No,Yes,Yes,One year,No,Electronic check,89.77,5201.64,No
C7004383,Male,0,Yes,No,49,Yes,No,Fiber optic,No,No,Yes,No,Yes,Yes,One year,Yes,Credit card (automatic),87.75,4265.69,No
C7004384,Female,0,Yes,No,32,Yes,No,Fiber optic,No,No,No,No,No,Yes,One year,Yes,Credit card (automatic),76.56,2425.72,No
C7004385,Female,0,No,Yes,54,Yes,Yes,DSL,No,No,Yes,No,No,Yes,One year,No,Electronic check,67.47,3659.35,No
C7004386,Male,1,No,No,18,Yes,Yes,DSL,No,Yes,No,No,No,No,Month-to-month,Yes,Bank transfer (automatic),58.83,1062.46,No
C7004387,Male,0,No,No,30,Yes,Yes,DSL,No,Yes,No,No,Yes,No,Month-to-month,Yes,Credit card (automatic),66.36,1974.75,No
C7004388,Female,0,No,No,27,Yes,Yes,Fiber optic,No,No,No,No,Yes,Yes,Month-to-month,No,Electronic check,91.27,2462.8,Yes
C7004389,Female,0,Yes,Yes,41,Yes,Yes,DSL,No,Yes,No,No,Yes,No,Two year,Yes,Credit card (automatic),61.49,2547.88,No
C7004390,Male,1,No,Yes,15,Yes,No,Fiber optic,No,Yes,No,No,Yes,Yes,One year,No,Electronic check,86.51,1288.72,No
C7004391,Female,0,No,Yes,54,Yes,Yes,Fiber optic,No,No,No,No,No,No,One year,Yes,Electronic check,73.95,3993.4,No
C7004392,Female,0,No,No,61,Yes,No,Fiber optic,Yes,Yes,Yes,Yes,Yes,No,Month-to-month,No,Mailed check,98.94,6044.75,No
C7004393,Female,0,Yes,No,64,Yes,No,No,No internet service,No internet service,No internet service,No internet service,No internet service,No internet service,Month-to-month,No,Electronic check,25.02,1591.72,No
C7004394,Male,0,No,No,65,Yes,Yes,DSL,No,Yes,Yes,No,No,Yes,Two year,No,Mailed check,69.2,4536.5,No
C7004395,Male,0,Yes,Yes,46,Yes,No,Fiber optic,Yes,Yes,No,Yes,Yes,Yes,Two year,No,Electronic check,90.84,4176.42,No
C7004396,Male,1,Yes,Yes,58,Yes,Yes,DSL,No,Yes,No,No,Yes,No,Month-to-month,Yes,Electronic check,62.22,3626.33,No
C7004397,Female,0,No,No,50,Yes,No,No,No internet service,No internet service,No internet service,No internet service,No internet service,No internet service,Month-to-month,Yes,Mailed check,23.93,1208.13,Yes
C7004398,Male,0,No,No,69,Yes,No,No,No internet service,No internet service,No internet service,No internet service,No internet service,No internet service,Month-to-month,Yes,Mailed check,27.82,1931.58,No
C7004399,Female,0,Yes,Yes,7,No,No phone service,DSL,Yes,No,Yes,No,No,Yes,Month-to-month,Yes,Credit card (automatic),64.66,462.8,Yes
C7004400,Female,0,No,Yes,14,Yes,Yes,DSL,No,No,No,No,Yes,No,Two year,No,Credit card (automatic),59.63,811.2,No
C7004401,Female,0,Yes,Yes,30,Yes,No,DSL,Yes,Yes,No,No,Yes,No,One year,No,Credit card (automatic),64.01,1899.74,No
C7004402,Male,0,No,Yes,45,Yes,No,DSL,No,No,No,No,Yes,Yes,Month-to-month,Yes,Electronic check,61.1,2773.01,No
C7004403,Male,0,Yes,Yes,64,Yes,No,DSL,No,No,Yes,No,No,No,Month-to-month,Yes,Credit card (automatic),55.67,3548.53,No
C7004404,Male,0,Yes,No,6,Yes,No,DSL,Yes,Yes,No,Yes,Yes,Yes,Two year,Yes,Bank transfer (automatic),74.51,474.88,No
C7004405,Female,0,No,Yes,11,Yes,No,DSL,Yes,Yes,No,No,No,No,Two year,Yes,Credit card (automatic),59.93,638.47,No
C7004406,Female,0,Yes,No,62,Yes,Yes,DSL,Yes,Yes,Yes,Yes,No,No,Two year,Yes,Electronic check,75.9,4700.09,No
C7004407,Male,0,No,No,22,Yes,Yes,Fiber optic,Yes,No,No,No,Yes,No,Month-to-month,Yes,Bank transfer (automatic),88.57,1951.26,No
C7004408,Female,1,Yes,No,1,Yes,No,DSL,Yes,No,No,Yes,No,No,One year,No,Bank transfer (automatic),57.92,52.5,No
C7004409,Male,0,No,No,49,Yes,Yes,Fiber optic,No,No,No,No,No,No,Month-to-month,No,Mailed check,71.14,3497.57,Yes
C7004410,Male,0,Yes,No,64,Yes,No,No,No internet service,No internet service,No internet service,No internet service,No internet service,No internet service,Month-to-month,No,Credit card (automatic),25.58,1666.71,No
C7004411,Male,0,No,Yes,65,Yes,No,Fiber optic,No,Yes,No,No,Yes,Yes,Month-to-month,Yes,Electronic check,82.29,5337.85,No
C7004412,Female,0,No,No,62,Yes,No,DSL,No,Yes,No,No,Yes,No,Month-to-month,No,Mailed check,64.29,3971.43,No
C7004413,Male,0,No,Yes,4,Yes,No,No,No internet service,No internet service,No internet service,No internet service,No internet service,No internet service,Two year,Yes,Mailed check,26.11,110.71,No
C7004414,Male,0,Yes,Yes,9,Yes,Yes,DSL,Yes,Yes,No,Yes,No,Yes,One year,Yes,Bank transfer (automatic),74.63,678.89,No
C7004415,Female,1,No,Yes,63,Yes,No,DSL,Yes,Yes,No,No,Yes,No,Month-to-month,Yes,Electronic check,64.9,4073.91,Yes
C7004416,Female,0,No,No,50,Yes,No,Fiber optic,Yes,Yes,Yes,No,No,No,Two year,Yes,Mailed check,86.24,4337.7,No
C7004417,Male,0,Yes,No,16,No,No phone service,DSL,Yes,No,Yes,No,No,No,One year,Yes,Electronic check,56.88,898.06,No
C7004418,Male,0,No,No,28,Yes,No,Fiber optic,No,No,No,No,No,No,Month-to-month,No,Electronic check,77.49,2180.66,No
C7004419,Female,0,No,Yes,62,Yes,No,Fiber optic,No,Yes,Yes,No,No,No,Month-to-month,Yes,Bank transfer (automatic),76.85,4765.32,Yes
C7004420,Male,0,No,No,67,Yes,Yes,Fiber optic,No,Yes,No,No,Yes,Yes,Two year,No,Electronic check,92.95,6243.42,No
C7004421,Male,1,Yes,Yes,64,Yes,Yes,No,No internet service,No internet service,No internet service,No internet service,No internet service,No internet service,Month-to-month,Yes,Electronic check,36.79,2339.68,No
C7004422,Female,0,Yes,Yes,33,Yes,Yes,Fiber optic,No,No,No,No,Yes,No,Month-to-month,No,Bank transfer (automatic),81.19,2688.56,No
C7004423,Male,0,No,No,56,Yes,No,DSL,Yes,No,Yes,No,Yes,No,Two year,Yes,Electronic check,65.25,3624.0,No
C7004424,Female,0,No,Yes,3,Yes,Yes,Fiber optic,Yes,No,Yes,No,Yes,No,Two year,No,Mailed check,88.95,265.03,Yes
C7004425,Male,0,No,No,67,No,No phone service,Fiber optic,Yes,No,No,No,No,No,Two year,No,Bank transfer (automatic),69.8,4667.1,No
C7004426,Male,0,No,No,16,Yes,No,Fiber optic,No,Yes,No,No,No,Yes,One year,No,Credit card (automatic),79.93,1285.37,No
C7004427,Male,0,Yes,No,70,Yes,Yes,Fiber optic,No,No,No,Yes,No,Yes,Two year,Yes,Bank transfer (automatic),88.58,6228.58,No
C7004428,Male,0,Yes,No,1,Yes,Yes,DSL,Yes,Yes,No,Yes,Yes,Yes,One year,Yes,Bank transfer (automatic),83.84,71.79,No
C7004429,Male,0,No,Yes,67,Yes,Yes,No,No internet service,No internet service,No internet service,No internet service,No internet service,No internet service,Two year,No,Electronic check,28.52,1914.98,No
C7004430,Male,0,No,Yes,38,Yes,Yes,DSL,No,No,Yes,Yes,Yes,Yes,Month-to-month,Yes,Bank transfer (automatic),78.95,2992.81,No
C7004431,Female,0,No,No,37,Yes,Yes,No,No internet service,No internet service,No internet service,No internet service,No internet service,No internet service,Month-to-month,No,Credit card (automatic),30.61,1153.73,No
C7004432,Female,0,No,Yes,49,Yes,No,DSL,Yes,Yes,No,Yes,No,Yes,Two year,Yes,Electronic check,70.76,3473.16,No
C7004433,Male,0,Yes,No,33,Yes,Yes,Fiber optic,Yes,No,No,Yes,No,Yes,One year,Yes,Mailed check,92.88,3059.26,No
C7004434,Female,1,Yes,No,69,Yes,Yes,Fiber optic,Yes,No,No,No,No,Yes,Two year,No,Electronic check,84.43,5837.65,No
C7004435,Female,0,Yes,No,7,Yes,Yes,Fiber optic,Yes,Yes,No,Yes,Yes,No,One year,Yes,Electronic check,95.47,652.36,No
C7004436,Female,1,No,No,47,Yes,Yes,Fiber optic,Yes,Yes,No,No,No,No,Month-to-month,Yes,Electronic check,86.11,4051.17,Yes
C7004437,Male,0,Yes,Yes,15,Yes,Yes,Fiber optic,No,Yes,Yes,No,Yes,Yes,Month-to-month,Yes,Bank transfer (automatic),99.48,1489.19,Yes
C7004438,Male,0,No,Yes,2,Yes,Yes,Fiber optic,Yes,Yes,No,No,Yes,Yes,One year,No,Mailed check,89.42,189.34,No
C7004439,Male,0,Yes,Yes,47,Yes,Yes,No,No internet service,No internet service,No internet service,No internet service,No internet service,No internet service,One year,Yes,Bank transfer (automatic),30.62,1410.13,No
C7004440,Male,0,Yes,Yes,49,Yes,No,DSL,No,No,Yes,No,Yes,No,Month-to-month,Yes,Bank transfer (automatic),57.09,2785.88,No
C7004441,Male,0,Yes,No,9,Yes,No,Fiber optic,No,No,No,Yes,No,Yes,One year,No,Electronic check,83.78,749.81,No
C7004442,Female,0,No,Yes,53,Yes,Yes,Fiber optic,No,No,No,No,No,No,Month-to-month,Yes,Electronic check,71.64,3773.64,No
C7004443,Female,1,Yes,Yes,68,Yes,No,DSL,Yes,Yes,No,No,No,Yes,Two year,Yes,Electronic check,68.42,4625.84,No
C7004444,Male,1,No,No,50,Yes,Yes,DSL,Yes,No,No,No,Yes,Yes,Two year,No,Bank transfer (automatic),68.43,3438.67,No
C7004445,Male,0,No,No,16,Yes,Yes,DSL,No,No,No,Yes,No,No,One year,Yes,Credit card (automatic),66.13,1055.58,No
C7004446,Male,0,Yes,Yes,6,Yes,Yes,DSL,No,Yes,No,No,Yes,Yes,Month-to-month,No,Mailed check,67.18,423.68,No
C7004447,Male,0,No,No,6,Yes,Yes,Fiber optic,No,No,Yes,Yes,Yes,No,Two year,No,Credit card (automatic),90.62,543.42,No
C7004448,Female,0,Yes,No,45,Yes,No,Fiber optic,No,No,Yes,Yes,No,No,Two year,No,Mailed check,81.49,3684.81,No
C7004449,Male,0,Yes,No,17,Yes,Yes,DSL,Yes,Yes,No,Yes,Yes,No,Month-to-month,No,Mailed check,74.52,1250.05,No
C7004450,Female,0,Yes,No,27,Yes,No,Fiber optic,No,Yes,No,No,No,Yes,Two year,No,Credit card (automatic),76.0,2062.17,No
C7004451,Female,0,No,No,3,Yes,No,DSL,No,Yes,Yes,No,No,Yes,Month-to-month,Yes,Electronic check,66.14,176.92,No
C7004452,Female,0,No,Yes,32,Yes,No,No,No internet service,No internet service,No internet service,No internet service,No internet service,No internet service,Month-to-month,Yes,Electronic check,19.73,637.7,No
C7004453,Female,0,Yes,No,12,Yes,Yes,Fiber optic,No,Yes,No,No,No,No,Two year,Yes,Electronic check,80.99,1005.96,No
C7004454,Female,1,No,Yes,31,Yes,Yes,DSL,No,Yes,No,Yes,No,Yes,Month-to-month,No,Bank transfer (automatic),70.58,2182.89,No
C7004455,Male,0,No,No,42,Yes,No,DSL,No,No,No,No,No,No,Month-to-month,Yes,Electronic check,48.41,2038.0,No
C7004456,Male,0,No,No,70,Yes,Yes,No,No internet service,No internet service,No internet service,No internet service,No internet service,No internet service,Month-to-month,No,Electronic check,22.59,1577.32,No
C7004457,Female,0,No,Yes,21,Yes,No,Fiber optic,No,Yes,Yes,No,No,Yes,One year,Yes,Credit card (automatic),78.6,1656.29,No
C7004458,Male,0,No,No,23,Yes,Yes,Fiber optic,No,Yes,Yes,Yes,No,Yes,One year,Yes,Electronic check,92.29,2121.75,No
C7004459,Female,0,No,No,58,Yes,No,Fiber optic,No,No,Yes,No,No,Yes,Month-to-month,No,Bank transfer (automatic),79.26,4632.92,No
C7004460,Male,0,Yes,Yes,69,Yes,No,Fiber optic,No,Yes,No,No,Yes,Yes,Two year,Yes,Bank transfer (automatic),86.39,5966.5,No
C7004461,Male,1,No,No,29,Yes,Yes,No,No internet service,No internet service,No internet service,No internet service,No internet service,No internet service,Month-to-month,Yes,Bank transfer (automatic),30.44,869.61,No
C7004462,Male,0,Yes,No,25,Yes,No,No,No internet service,No internet service,No internet service,No internet service,No internet service,No internet service,Two year,Yes,Credit card (automatic),20.93,513.96,No
C7004463,Female,0,No,No,52,No,No phone service,DSL,Yes,Yes,Yes,No,Yes,Yes,Month-to-month,No,Credit card (automatic),74.49,3894.25,No
C7004464,Male,0,No,No,54,Yes,Yes,Fiber optic,No,No,No,Yes,Yes,Yes,Month-to-month,No,Credit card (automatic),93.53,5046.2,Yes
C7004465,Male,1,Yes,Yes,51,Yes,Yes,No,No internet service,No internet service,No internet service,No internet service,No internet service,No internet service,Month-to-month,Yes,Credit card (automatic),29.59,1528.01,No
C7004466,Male,0,Yes,Yes,46,Yes,No,DSL,No,Yes,Yes,No,No,Yes,Two year,Yes,Bank transfer (automatic),67.7,3128.8,No
C7004467,Female,0,No,No,9,No,No phone service,No,No internet service,No internet service,No internet service,No internet service,No internet service,No internet service,Month-to-month,No,Electronic check,18.0,156.76,No
C7004468,Female,1,No,No,19,Yes,No,Fiber optic,No,Yes,No,No,Yes,Yes,One year,Yes,Electronic check,84.07,1588.33,Yes
C7004469,Male,0,No,No,4,Yes,No,DSL,No,Yes,No,Yes,No,Yes,Month-to-month,Yes,Credit card (automatic),58.92,243.65,Yes
C7004470,Female,0,No,No,28,No,No phone service,No,No internet service,No internet service,No internet service,No internet service,No internet service,No internet service,Month-to-month,Yes,Bank transfer (automatic),18.0,488.06,No
C7004471,Male,0,Yes,No,61,Yes,Yes,Fiber optic,No,Yes,Yes,No,No,Yes,Month-to-month,Yes,Electronic check,88.94,5443.15,No
C7004472,Female,0,Yes,Yes,16,Yes,No,DSL,Yes,No,No,No,No,No,Two year,No,Credit card (automatic),57.32,907.98,No
C7004473,Male,1,No,No,51,Yes,No,Fiber optic,No,Yes,No,Yes,Yes,No,One year,No,Bank transfer (automatic),87.49,4459.86,No
C7004474,Male,0,Yes,No,30,Yes,No,Fiber optic,No,Yes,Yes,No,Yes,Yes,Month-to-month,Yes,Electronic check,86.51,2600.72,Yes
C7004475,Female,0,No,No,12,Yes,No,Fiber optic,No,No,Yes,No,Yes,Yes,Month-to-month,Yes,Bank transfer (automatic),82.24,993.05,No
C7004476,Female,0,Yes,No,16,Yes,No,DSL,Yes,No,Yes,No,Yes,No,Two year,Yes,Electronic check,63.91,1007.92,No
C7004477,Male,0,Yes,No,49,Yes,No,Fiber optic,No,Yes,No,No,Yes,No,One year,Yes,Mailed check,83.98,4085.46,Yes
C7004478,Female,0,No,No,57,Yes,No,No,No internet service,No internet service,No internet service,No internet service,No internet service,No internet service,One year,No,Mailed check,27.82,1576.6,No
C7004479,Female,1,No,No,24,Yes,No,No,No internet service,No internet service,No internet service,No internet service,No internet service,No internet service,Two year,Yes,Mailed check,25.98,628.16,No
C7004480,Male,0,No,No,66,Yes,No,DSL,No,No,No,No,No,No,Two year,No,Credit card (automatic),51.3,3400.34,No
C7004481,Female,1,Yes,No,4,Yes,No,No,No internet service,No internet service,No internet service,No internet service,No internet service,No internet service,Month-to-month,Yes,Electronic check,25.34,79.93,Yes
C7004482,Female,0,No,No,41,Yes,No,DSL,Yes,No,No,No,No,Yes,Two year,Yes,Mailed check,61.19,2507.77,No
C7004483,Male,0,No,No,16,Yes,Yes,Fiber optic,Yes,Yes,No,No,No,Yes,Two year,No,Electronic check,87.43,1373.87,No
C7004484,Female,0,No,No,65,Yes,No,DSL,Yes,No,No,No,No,Yes,Two year,Yes,Electronic check,58.23,3749.11,No
C7004485,Male,0,No,No,55,Yes,No,No,No internet service,No internet service,No internet service,No internet service,No internet service,No internet service,One year,Yes,Credit card (automatic),22.44,1267.15,No
C7004486,Female,0,Yes,No,4,Yes,Yes,No,No internet service,No internet service,No internet service,No internet service,No internet service,No internet service,Month-to-month,No,Mailed check,33.5,126.48,No
C7004487,Male,0,No,No,28,No,No phone service,No,No internet service,No internet service,No internet service,No internet service,No internet service,No internet service,One year,Yes,Electronic check,25.16,706.95,No
C7004488,Male,0,No,No,54,Yes,Yes,DSL,No,Yes,No,No,Yes,No,One year,Yes,Bank transfer (automatic),64.97,3520.0,No
C7004489,Female,0,No,No,39,Yes,No,No,No internet service,No internet service,No internet service,No internet service,No internet service,No internet service,Month-to-month,No,Credit card (automatic),29.79,1188.61,No
C7004490,Female,0,No,Yes,35,Yes,Yes,DSL,Yes,No,Yes,No,Yes,Yes,Two year,Yes,Bank transfer (automatic),77.22,2699.43,No
C7004491,Female,0,Yes,Yes,9,Yes,Yes,Fiber optic,No,No,No,No,No,Yes,One year,No,Electronic check,79.7,706.41,No
C7004492,Female,0,No,No,41,No,No phone service,No,No internet service,No internet service,No internet service,No internet service,No internet service,No internet service,Month-to-month,Yes,Mailed check,18.0,728.94,Yes
C7004493,Male,0,Yes,Yes,6,Yes,Yes,Fiber optic,Yes,No,No,No,Yes,No,Month-to-month,Yes,Bank transfer (automatic),91.79,546.88,Yes
C7004494,Male,0,Yes,Yes,23,Yes,No,Fiber optic,Yes,Yes,Yes,Yes,Yes,Yes,One year,Yes,Bank transfer (automatic),102.89,2366.29,Yes
C7004495,Male,0,No,No,17,Yes,No,DSL,No,Yes,Yes,No,No,No,Month-to-month,Yes,Credit card (automatic),59.78,1016.27,Yes
C7004496,Male,0,Yes,Yes,47,Yes,Yes,Fiber optic,Yes,Yes,Yes,No,No,Yes,One year,No,Electronic check,95.22,4466.1,No
C7004497,Male,1,No,No,34,Yes,No,DSL,No,Yes,No,No,No,No,Month-to-month,No,Bank transfer (automatic),59.44,2004.41,No
C7004498,Female,0,Yes,No,31,Yes,Yes,DSL,Yes,No,No,No,Yes,Yes,One year,Yes,Bank transfer (automatic),69.04,2165.02,No
C7004499,Female,0,Yes,Yes,61,Yes,No,No,No internet service,No internet service,No internet service,No internet service,No internet service,No internet service,Two year,Yes,Electronic check,20.72,1263.33,No
C7004500,Male,1,Yes,No,28,Yes,No,Fiber optic,Yes,Yes,Yes,Yes,Yes,No,Two year,No,Electronic check,99.23,2765.1,No
C7004501,Male,0,Yes,Yes,55,Yes,No,DSL,No,Yes,No,Yes,No,No,One year,No,Credit card (automatic),58.26,3175.12,No
C7004502,Female,0,Yes,No,64,No,No phone service,Fiber optic,Yes,No,No,Yes,Yes,Yes,Two year,Yes,Electronic check,83.66,5357.3,No
C7004503,Male,0,Yes,No,11,No,No phone service,DSL,Yes,No,No,No,Yes,Yes,Month-to-month,Yes,Bank transfer (automatic),54.9,599.97,Yes
C7004504,Male,0,Yes,No,54,Yes,Yes,DSL,No,Yes,No,Yes,Yes,No,Two year,Yes,Mailed check,74.31,3999.33,No
C7004505,Male,0,Yes,No,5,Yes,Yes,No,No internet service,No internet service,No internet service,No internet service,No internet service,No internet service,Month-to-month,Yes,Credit card (automatic),32.74,175.26,Yes
C7004506,Male,0,Yes,No,46,No,No phone service,DSL,No,No,Yes,No,Yes,Yes,Two year,Yes,Mailed check,54.65,2495.48,No
C7004507,Male,0,Yes,No,16,Yes,Yes,DSL,Yes,No,No,No,No,Yes,One year,No,Credit card (automatic),67.86,1087.15,No
C7004508,Female,1,Yes,No,18,Yes,Yes,DSL,Yes,Yes,No,Yes,No,Yes,Two year,Yes,Electronic check,77.19,1396.75,No
C7004509,Male,0,Yes,Yes,62,Yes,No,Fiber optic,No,Yes,No,No,No,No,One year,Yes,Electronic check,78.79,4868.64,No
C7004510,Female,0,Yes,No,13,Yes,Yes,DSL,No,No,Yes,No,No,Yes,Two year,No,Bank transfer (automatic),63.27,824.14,No
C7004511,Female,0,Yes,No,37,Yes,Yes,DSL,No,Yes,Yes,No,Yes,No,Two year,No,Credit card (automatic),64.64,2387.54,No
C7004512,Female,0,Yes,No,57,Yes,Yes,No,No internet service,No internet service,No internet service,No internet service,No internet service,No internet service,Month-to-month,No,Mailed check,28.37,1625.75,Yes
C7004513,Male,0,Yes,Yes,58,Yes,Yes,Fiber optic,No,Yes,No,No,Yes,Yes,Month-to-month,No,Credit card (automatic),85.52,4971.13,No
C7004514,Male,1,No,No,14,Yes,No,DSL,No,Yes,Yes,No,No,Yes,Month-to-month,Yes,Electronic check,68.34,919.47,Yes
C7004515,Male,0,Yes,No,26,Yes,No,No,No internet service,No internet service,No internet service,No internet service,No internet service,No internet service,Month-to-month,Yes,Mailed check,18.0,474.55,No
C7004516,Male,0,Yes,No,41,Yes,No,Fiber optic,Yes,Yes,No,Yes,No,No,Month-to-month,Yes,Electronic check,84.16,3457.14,No
C7004517,Male,1,No,No,43,No,No phone service,No,No internet service,No internet service,No internet service,No internet service,No internet service,No internet service,Two year,No,Electronic check,18.0,800.57,No
C7004518,Female,0,No,No,11,Yes,No,DSL,No,No,Yes,Yes,No,No,Two year,Yes,Bank transfer (automatic),58.12,649.83,No
C7004519,Male,0,Yes,No,43,Yes,Yes,DSL,No,No,No,Yes,Yes,No,Month-to-month,No,Bank transfer (automatic),64.1,2759.12,No
C7004520,Male,0,No,No,0,Yes,Yes,DSL,Yes,Yes,Yes,No,Yes,Yes,Month-to-month,No,Credit card (automatic),81.24,0.0,Yes
C7004521,Male,0,No,No,45,Yes,Yes,Fiber optic,No,No,No,Yes,No,Yes,Month-to-month,Yes,Mailed check,85.07,3810.75,No
C7004522,Female,0,No,No,53,Yes,Yes,Fiber optic,No,Yes,Yes,No,No,No,Month-to-month,Yes,Bank transfer (automatic),84.84,4502.38,No
C7004523,Female,0,No,Yes,34,Yes,No,Fiber optic,No,No,No,No,Yes,No,Two year,Yes,Credit card (automatic),74.15,2511.9,No
C7004524,Female,0,No,Yes,17,Yes,No,Fiber optic,No,Yes,No,No,Yes,No,Month-to-month,Yes,Electronic check,83.86,1414.87,No
C7004525,Female,0,No,No,17,Yes,Yes,Fiber optic,Yes,No,Yes,No,Yes,Yes,One year,Yes,Credit card (automatic),97.18,1649.5,Yes
C7004526,Female,0,Yes,No,50,Yes,Yes,Fiber optic,No,Yes,Yes,Yes,No,No,Two year,Yes,Bank transfer (automatic),87.98,4404.42,No
C7004527,Female,0,No,Yes,31,Yes,No,DSL,No,Yes,No,Yes,Yes,No,One year,Yes,Credit card (automatic),60.8,1900.23,No
C7004528,Male,1,No,No,67,Yes,No,Fiber optic,No,No,No,No,No,No,Two year,Yes,Credit card (automatic),70.5,4726.7,No
C7004529,Female,0,Yes,No,71,No,No phone service,No,No internet service,No internet service,No internet service,No internet service,No internet service,No internet service,Month-to-month,Yes,Bank transfer (automatic),20.34,1448.18,No
C7004530,Female,1,Yes,No,31,Yes,No,No,No internet service,No internet service,No internet service,No internet service,No internet service,No internet service,Two year,Yes,Credit card (automatic),22.61,695.26,No
C7004531,Male,0,No,Yes,19,Yes,No,DSL,Yes,Yes,Yes,No,No,No,Two year,No,Mailed check,62.8,1186.26,No
C7004532,Female,0,No,No,59,Yes,Yes,Fiber optic,No,No,Yes,No,Yes,Yes,Month-to-month,No,Electronic check,91.22,5377.97,Yes
C7004533,Male,0,No,No,52,Yes,Yes,DSL,No,No,No,Yes,Yes,No,Two year,Yes,Electronic check,71.61,3726.67,No
C7004534,Male,0,Yes,No,12,Yes,Yes,Fiber optic,Yes,No,Yes,Yes,No,Yes,Two year,No,Mailed check,99.05,1170.51,No
C7004535,Male,0,No,No,68,Yes,No,Fiber optic,Yes,Yes,Yes,No,Yes,Yes,Two year,No,Mailed check,92.59,6281.46,No
C7004536,Female,0,Yes,No,14,Yes,No,No,No internet service,No internet service,No internet service,No internet service,No internet service,No internet service,One year,Yes,Credit card (automatic),25.22,367.6,No
C7004537,Female,0,No,No,41,No,No phone service,No,No internet service,No internet service,No internet service,No internet service,No internet service,No internet service,Two year,Yes,Credit card (automatic),21.17,868.96,No
C7004538,Male,0,Yes,No,13,Yes,Yes,DSL,No,No,Yes,Yes,Yes,Yes,Month-to-month,Yes,Mailed check,76.74,956.12,Yes
C7004539,Male,0,Yes,No,35,Yes,Yes,Fiber optic,Yes,Yes,No,No,Yes,Yes,One year,Yes,Electronic check,100.09,3510.48,No
C7004540,Male,0,Yes,No,45,Yes,Yes,Fiber optic,No,Yes,Yes,No,Yes,No,Two year,No,Bank transfer (automatic),89.21,4015.24,Yes
C7004541,Male,1,Yes,Yes,8,Yes,No,Fiber optic,No,No,No,No,Yes,No,Two year,No,Bank transfer (automatic),72.32,581.41,No
C7004542,Female,1,Yes,No,18,Yes,No,Fiber optic,No,No,No,Yes,No,No,Two year,Yes,Bank transfer (automatic),75.5,1358.65,No
C7004543,Male,0,No,Yes,54,Yes,No,DSL,No,Yes,No,No,Yes,No,Month-to-month,Yes,Electronic check,57.36,3122.72,Yes
C7004544,Male,0,Yes,No,69,Yes,No,DSL,No,No,No,Yes,No,No,Two year,Yes,Bank transfer (automatic),55.19,3807.71,No
C7004545,Male,0,No,Yes,66,Yes,No,Fiber optic,Yes,Yes,No,No,Yes,Yes,Two year,Yes,Credit card (automatic),88.04,5775.7,No
C7004546,Female,0,No,No,54,Yes,No,Fiber optic,Yes,No,No,Yes,Yes,Yes,Two year,No,Mailed check,92.12,4995.63,No
C7004547,Male,0,Yes,No,71,Yes,No,Fiber optic,No,Yes,No,Yes,No,No,One year,Yes,Bank transfer (automatic),84.02,5980.88,No
C7004548,Female,0,No,No,12,Yes,No,DSL,Yes,No,No,No,Yes,No,Month-to-month,Yes,Electronic check,56.67,669.95,No
C7004549,Male,1,No,No,14,Yes,Yes,DSL,Yes,No,No,No,Yes,Yes,Two year,Yes,Mailed check,66.97,929.66,No
C7004550,Male,0,No,No,29,Yes,Yes,DSL,Yes,No,Yes,Yes,No,No,Month-to-month,Yes,Mailed check,66.97,1956.4,No
C7004551,Female,0,No,Yes,67,Yes,Yes,No,No internet service,No internet service,No internet service,No internet service,No internet service,No internet service,Month-to-month,Yes,Electronic check,29.04,1986.1,No
C7004552,Male,0,No,Yes,58,No,No phone service,Fiber optic,No,Yes,No,No,No,No,Month-to-month,Yes,Credit card (automatic),72.75,4227.63,No
C7004553,Female,0,No,No,27,Yes,No,DSL,No,No,No,No,No,Yes,Month-to-month,Yes,Electronic check,50.53,1353.52,Yes
C7004554,Male,0,Yes,No,1,Yes,No,DSL,No,No,No,Yes,Yes,Yes,Month-to-month,No,Bank transfer (automatic),65.88,75.63,Yes
C7004555,Female,0,Yes,Yes,45,Yes,Yes,No,No internet service,No internet service,No internet service,No internet service,No internet service,No internet service,Month-to-month,No,Bank transfer (automatic),35.01,1564.83,No
C7004556,Female,0,No,No,22,No,No phone service,Fiber optic,No,Yes,Yes,No,No,No,Month-to-month,Yes,Bank transfer (automatic),72.32,1579.34,No
C7004557,Female,1,Yes,No,16,Yes,Yes,No,No internet service,No internet service,No internet service,No internet service,No internet service,No internet service,Month-to-month,No,Electronic check,28.08,446.57,No
C7004558,Male,0,No,No,15,Yes,No,No,No internet service,No internet service,No internet service,No internet service,No internet service,No internet service,Month-to-month,Yes,Mailed check,23.13,358.89,No
C7004559,Female,0,Yes,No,18,Yes,Yes,DSL,No,No,Yes,No,Yes,No,One year,Yes,Bank transfer (automatic),69.38,1264.12,No
C7004560,Female,1,Yes,No,23,Yes,Yes,No,No internet service,No internet service,No internet service,No internet service,No internet service,No internet service,Month-to-month,No,Credit card (automatic),30.38,678.37,No
C7004561,Male,0,No,No,45,Yes,No,Fiber optic,No,No,No,Yes,Yes,No,Month-to-month,Yes,Bank transfer (automatic),82.61,3707.71,No
C7004562,Male,0,Yes,No,11,Yes,No,Fiber optic,Yes,No,No,Yes,No,Yes,Month-to-month,Yes,Electronic check,83.2,890.04,Yes
C7004563,Female,0,Yes,No,35,No,No phone service,Fiber optic,No,No,Yes,No,Yes,No,One year,No,Credit card (automatic),77.69,2735.13,Yes
C7004564,Male,0,No,No,67,Yes,No,Fiber optic,No,No,Yes,Yes,No,Yes,Two year,No,Bank transfer (automatic),84.63,5675.8,No
C7004565,Female,0,No,Yes,70,Yes,Yes,Fiber optic,Yes,Yes,Yes,Yes,Yes,No,Two year,No,Credit card (automatic),105.1,7362.71,No
C7004566,Female,0,No,Yes,60,Yes,No,DSL,No,No,Yes,No,No,No,Month-to-month,Yes,Bank transfer (automatic),57.58,3454.89,Yes
C7004567,Male,0,Yes,No,19,Yes,No,Fiber optic,Yes,No,Yes,No,No,No,One year,Yes,Credit card (automatic),85.0,1618.9,No
C7004568,Female,0,No,No,10,Yes,Yes,DSL,Yes,No,Yes,Yes,No,No,One year,Yes,Electronic check,73.3,737.27,No
C7004569,Female,0,No,No,64,Yes,Yes,DSL,Yes,Yes,No,Yes,No,No,Month-to-month,Yes,Mailed check,67.41,4319.37,No
C7004570,Male,0,No,No,29,Yes,Yes,Fiber optic,Yes,No,Yes,No,Yes,Yes,Month-to-month,Yes,Electronic check,99.99,2887.13,No
C7004571,Female,1,Yes,No,33,Yes,Yes,Fiber optic,Yes,Yes,No,No,Yes,Yes,Month-to-month,No,Electronic check,99.97,3312.31,Yes
C7004572,Male,0,Yes,Yes,31,Yes,Yes,DSL,No,Yes,No,Yes,No,Yes,Two year,Yes,Credit card (automatic),65.96,2063.1,Yes
C7004573,Male,0,No,No,9,Yes,Yes,DSL,Yes,Yes,No,No,Yes,No,Month-to-month,Yes,Credit card (automatic),69.8,631.92,No
C7004574,Female,0,No,Yes,52,Yes,Yes,No,No internet service,No internet service,No internet service,No internet service,No internet service,No internet service,Month-to-month,No,Electronic check,27.68,1435.96,No
C7004575,Male,0,Yes,Yes,17,No,No phone service,Fiber optic,No,Yes,No,Yes,Yes,Yes,Month-to-month,No,Bank transfer (automatic),86.14,1492.92,No
C7004576,Female,0,No,No,17,Yes,No,Fiber optic,No,No,No,No,Yes,No,One year,Yes,Mailed check,75.56,1295.58,No
C7004577,Male,0,No,Yes,55,Yes,No,DSL,No,No,No,Yes,Yes,No,Month-to-month,No,Electronic check,61.55,3360.97,No
C7004578,Male,0,Yes,Yes,52,No,No phone service,Fiber optic,No,No,Yes,No,Yes,No,Two year,Yes,Bank transfer (automatic),73.13,3812.63,No
C7004579,Male,0,No,No,60,Yes,No,Fiber optic,No,No,No,No,Yes,No,Month-to-month,Yes,Mailed check,70.58,4251.94,Yes
C7004580,Female,0,Yes,No,51,Yes,Yes,DSL,No,Yes,No,Yes,Yes,No,Two year,No,Electronic check,66.53,3390.53,No
C7004581,Female,0,No,No,2,No,No phone service,Fiber optic,No,Yes,No,No,No,No,One year,Yes,Mailed check,72.18,125.01,No
C7004582,Female,0,No,Yes,30,Yes,Yes,DSL,No,Yes,Yes,Yes,No,No,Month-to-month,No,Mailed check,67.5,2043.63,Yes
C7004583,Female,0,No,No,29,Yes,Yes,DSL,No,No,No,No,Yes,Yes,One year,No,Bank transfer (automatic),60.47,1758.23,Yes
C7004584,Female,1,No,No,23,Yes,No,Fiber optic,Yes,No,No,Yes,No,Yes,One year,No,Electronic check,82.41,1913.98,No
C7004585,Female,0,No,No,36,Yes,Yes,Fiber optic,Yes,Yes,Yes,No,No,No,One year,Yes,Bank transfer (automatic),92.6,3337.01,No
C7004586,Female,0,Yes,Yes,36,Yes,Yes,Fiber optic,No,No,No,No,Yes,No,Two year,Yes,Electronic check,77.28,2756.71,No
C7004587,Female,0,No,No,44,Yes,No,Fiber optic,No,No,Yes,Yes,No,Yes,Two year,No,Credit card (automatic),86.39,3812.27,No
C7004588,Female,0,No,No,70,Yes,Yes,Fiber optic,Yes,No,Yes,Yes,No,Yes,One year,No,Electronic check,95.04,6663.23,No
C7004589,Female,0,Yes,Yes,47,Yes,No,Fiber optic,No,Yes,No,Yes,Yes,No,Month-to-month,No,Bank transfer (automatic),85.37,3998.02,No
C7004590,Male,0,No,No,68,Yes,No,DSL,No,No,Yes,No,No,Yes,Two year,Yes,Mailed check,61.16,4196.92,No
C7004591,Male,0,Yes,Yes,60,Yes,Yes,DSL,Yes,No,No,Yes,Yes,No,Two year,Yes,Mailed check,65.59,3921.68,No
C7004592,Female,0,No,No,53,Yes,Yes,DSL,No,Yes,Yes,No,Yes,No,Month-to-month,Yes,Credit card (automatic),70.82,3742.62,No
C7004593,Male,0,No,No,19,Yes,No,No,No internet service,No internet service,No internet service,No internet service,No internet service,No internet service,One year,Yes,Mailed check,23.81,476.0,No
C7004594,Male,0,No,No,42,Yes,No,DSL,No,No,No,No,Yes,Yes,One year,Yes,Bank transfer (automatic),58.92,2454.64,No
C7004595,Female,1,No,No,8,Yes,No,Fiber optic,Yes,No,Yes,No,Yes,No,Two year,No,Credit card (automatic),83.53,666.86,No
C7004596,Male,1,Yes,Yes,67,Yes,Yes,Fiber optic,No,Yes,Yes,Yes,No,Yes,One year,Yes,Bank transfer (automatic),94.14,6297.14,No
C7004597,Male,0,No,Yes,13,Yes,No,Fiber optic,Yes,Yes,No,No,No,No,Month-to-month,Yes,Electronic check,81.0,1052.79,No
C7004598,Male,0,No,No,17,No,No phone service,Fiber optic,No,Yes,No,No,No,Yes,One year,No,Mailed check,77.24,1298.14,No
C7004599,Male,0,Yes,No,68,Yes,Yes,Fiber optic,Yes,Yes,No,No,No,Yes,Month-to-month,No,Credit card (automatic),92.6,6326.93,No
C7004600,Female,0,Yes,No,8,Yes,Yes,DSL,No,No,Yes,Yes,No,Yes,Two year,Yes,Bank transfer (automatic),80.2,628.19,No
C7004601,Female,0,No,No,39,No,No phone service,DSL,Yes,No,Yes,Yes,Yes,No,Two year,No,Electronic check,65.21,2554.36,No
C7004602,Female,0,No,No,41,Yes,No,No,No internet service,No internet service,No internet service,No internet service,No internet service,No internet service,Month-to-month,Yes,Mailed check,28.65,1153.05,No
C7004603,Female,0,Yes,Yes,15,Yes,No,No,No internet service,No internet service,No internet service,No internet service,No internet service,No internet service,Month-to-month,Yes,Electronic check,23.24,345.98,No
C7004604,Female,0,Yes,Yes,28,Yes,Yes,No,No internet service,No internet service,No internet service,No internet service,No internet service,No internet service,Month-to-month,Yes,Electronic check,27.26,783.32,No
C7004605,Male,0,Yes,Yes,57,Yes,No,No,No internet service,No internet service,No internet service,No internet service,No internet service,No internet service,One year,No,Mailed check,23.52,1342.95,No
C7004606,Female,0,No,No,51,Yes,Yes,Fiber optic,No,No,Yes,No,No,Yes,One year,No,Electronic check,82.43,4223.91,No
C7004607,Male,0,Yes,No,42,Yes,No,DSL,No,Yes,Yes,No,Yes,Yes,Two year,No,Bank transfer (automatic),73.37,3078.73,No
C7004608,Male,0,No,No,39,Yes,No,Fiber optic,No,Yes,Yes,No,Yes,Yes,One year,No,Mailed check,95.3,3726.64,No
C7004609,Female,0,No,No,26,Yes,Yes,Fiber optic,No,No,No,Yes,No,Yes,One year,Yes,Electronic check,86.88,2261.95,No
C7004610,Female,0,Yes,Yes,45,Yes,No,DSL,No,No,No,No,Yes,No,One year,Yes,Electronic check,54.92,2456.97,No
C7004611,Male,0,No,Yes,1,Yes,No,Fiber optic,No,Yes,No,Yes,Yes,Yes,Two year,No,Credit card (automatic),90.2,107.76,No
C7004612,Female,0,Yes,Yes,5,Yes,Yes,No,No internet service,No internet service,No internet service,No internet service,No internet service,No internet service,Month-to-month,No,Credit card (automatic),31.08,143.18,No
C7004613,Male,0,Yes,Yes,57,No,No phone service,DSL,No,No,No,No,Yes,Yes,Month-to-month,Yes,Mailed check,60.31,3444.78,No
C7004614,Male,0,No,No,12,Yes,No,Fiber optic,No,No,No,No,No,No,Two year,Yes,Credit card (automatic),72.97,873.14,No
C7004615,Male,0,No,Yes,52,Yes,No,Fiber optic,No,Yes,No,No,No,No,Month-to-month,Yes,Electronic check,80.6,4196.03,No
C7004616,Male,1,No,No,1,Yes,No,DSL,Yes,Yes,Yes,No,No,Yes,Month-to-month,Yes,Mailed check,69.26,69.93,Yes
C7004617,Female,0,Yes,No,19,Yes,Yes,No,No internet service,No internet service,No internet service,No internet service,No internet service,No internet service,Two year,No,Mailed check,29.6,593.52,No
C7004618,Male,0,Yes,No,68,No,No phone service,Fiber optic,Yes,Yes,No,Yes,No,No,One year,Yes,Electronic check,81.0,5518.83,No
C7004619,Female,0,Yes,Yes,19,Yes,Yes,DSL,Yes,No,No,No,No,No,Two year,No,Credit card (automatic),57.53,1087.66,No
C7004620,Male,0,No,No,71,Yes,No,No,No internet service,No internet service,No internet service,No internet service,No internet service,No internet service,Two year,No,Mailed check,27.73,1965.88,No
C7004621,Female,0,Yes,Yes,19,Yes,Yes,Fiber optic,Yes,No,Yes,Yes,Yes,Yes,Month-to-month,No,Electronic check,98.25,1866.85,No
C7004622,Female,0,No,Yes,46,Yes,Yes,Fiber optic,No,Yes,No,No,No,Yes,Two year,No,Electronic check,81.19,3728.7,No
C7004623,Female,0,No,No,48,Yes,No,Fiber optic,Yes,Yes,Yes,No,No,Yes,One year,Yes,Mailed check,96.76,4625.44,No
C7004624,Male,1,No,No,46,Yes,No,No,No internet service,No internet service,No internet service,No internet service,No internet service,No internet service,Month-to-month,No,Bank transfer (automatic),29.01,1365.46,No
C7004625,Female,0,Yes,No,21,Yes,Yes,DSL,Yes,No,Yes,Yes,No,Yes,Month-to-month,Yes,Bank transfer (automatic),76.68,1624.32,No
C7004626,Female,0,Yes,No,55,Yes,Yes,Fiber optic,No,Yes,No,No,Yes,Yes,Month-to-month,Yes,Mailed check,92.69,5088.14,No
C7004627,Male,0,No,Yes,22,Yes,No,Fiber optic,No,No,No,No,No,Yes,Two year,No,Bank transfer (automatic),77.4,1706.04,No
C7004628,Male,0,No,No,59,Yes,Yes,No,No internet service,No internet service,No internet service,No internet service,No internet service,No internet service,Month-to-month,Yes,Electronic check,29.65,1768.36,No
C7004629,Male,0,No,Yes,27,Yes,Yes,Fiber optic,No,No,No,Yes,Yes,Yes,Month-to-month,No,Bank transfer (automatic),95.18,2563.34,No
C7004630,Male,0,No,No,61,Yes,Yes,No,No internet service,No internet service,No internet service,No internet service,No internet service,No internet service,Month-to-month,Yes,Mailed check,34.19,2058.59,No
C7004631,Male,0,Yes,No,71,Yes,Yes,DSL,Yes,No,No,No,Yes,No,Month-to-month,Yes,Bank transfer (automatic),67.49,4779.39,Yes
C7004632,Male,0,Yes,Yes,55,Yes,No,Fiber optic,No,No,Yes,Yes,No,No,Two year,No,Credit card (automatic),75.75,4148.59,No
C7004633,Male,0,Yes,No,33,Yes,Yes,DSL,No,No,No,No,No,Yes,Two year,Yes,Bank transfer (automatic),55.9,1843.94,No
C7004634,Female,1,No,Yes,30,Yes,No,Fiber optic,No,No,No,No,Yes,Yes,Two year,Yes,Bank transfer (automatic),81.63,2429.39,No
C7004635,Male,0,No,No,27,Yes,Yes,No,No internet service,No internet service,No internet service,No internet service,No internet service,No internet service,One year,No,Electronic check,33.97,929.97,No
C7004636,Male,0,No,Yes,25,Yes,No,Fiber optic,No,Yes,Yes,No,No,Yes,Two year,Yes,Bank transfer (automatic),81.75,2046.69,Yes
C7004637,Female,0,No,No,34,No,No phone service,DSL,No,Yes,No,Yes,No,No,Two year,Yes,Mailed check,58.38,1995.16,No
C7004638,Male,0,Yes,No,35,Yes,No,Fiber optic,No,No,Yes,No,No,Yes,One year,Yes,Electronic check,78.36,2751.59,No
C7004639,Male,1,No,No,52,Yes,Yes,DSL,Yes,No,No,No,Yes,No,Month-to-month,No,Electronic check,66.37,3434.87,No
C7004640,Male,1,No,Yes,64,Yes,No,DSL,Yes,Yes,No,Yes,No,No,Month-to-month,No,Mailed check,64.57,4099.06,No
C7004641,Male,1,Yes,No,64,Yes,No,Fiber optic,No,Yes,Yes,No,Yes,Yes,Month-to-month,Yes,Mailed check,88.83,5697.76,No
C7004642,Male,1,No,No,44,Yes,Yes,No,No internet service,No internet service,No internet service,No internet service,No internet service,No internet service,One year,No,Credit card (automatic),29.51,1287.83,No
C7004643,Male,0,No,Yes,72,Yes,Yes,DSL,Yes,No,Yes,No,No,Yes,Two year,No,Electronic check,71.69,5172.15,No
C7004644,Male,0,No,Yes,65,Yes,Yes,Fiber optic,No,Yes,No,No,No,Yes,Month-to-month,Yes,Electronic check,89.37,5807.11,No
C7004645,Female,0,Yes,No,35,Yes,No,Fiber optic,No,No,No,No,Yes,No,Month-to-month,Yes,Bank transfer (automatic),73.37,2570.96,No
C7004646,Female,0,No,No,30,Yes,Yes,DSL,No,No,No,Yes,Yes,No,Month-to-month,No,Bank transfer (automatic),64.03,1935.04,No
C7004647,Male,0,No,No,33,Yes,Yes,Fiber optic,Yes,No,No,No,Yes,No,Two year,No,Bank transfer (automatic),86.74,2850.69,No
C7004648,Male,0,No,Yes,1,Yes,No,DSL,No,No,No,No,No,Yes,Month-to-month,No,Bank transfer (automatic),56.63,45.7,Yes
C7004649,Male,0,Yes,No,24,Yes,Yes,No,No internet service,No internet service,No internet service,No internet service,No internet service,No internet service,Two year,No,Bank transfer (automatic),27.19,672.75,No
C7004650,Female,0,Yes,No,27,Yes,Yes,Fiber optic,Yes,No,No,No,Yes,Yes,One year,No,Mailed check,82.92,2252.77,No
C7004651,Female,0,No,No,56,Yes,No,DSL,Yes,No,Yes,No,Yes,No,Month-to-month,Yes,Electronic check,61.35,3441.83,No
C7004652,Male,1,Yes,Yes,19,Yes,Yes,DSL,No,No,No,Yes,No,Yes,One year,No,Credit card (automatic),63.37,1183.78,No
C7004653,Male,0,Yes,Yes,47,Yes,Yes,DSL,No,No,Yes,No,Yes,No,Month-to-month,Yes,Bank transfer (automatic),64.85,3044.77,No
C7004654,Male,0,No,No,23,Yes,Yes,No,No internet service,No internet service,No internet service,No internet service,No internet service,No internet service,Month-to-month,Yes,Credit card (automatic),32.66,735.59,No
C7004655,Female,0,Yes,No,26,Yes,No,No,No internet service,No internet service,No internet service,No internet service,No internet service,No internet service,Month-to-month,Yes,Credit card (automatic),20.82,531.8,No
C7004656,Female,0,Yes,No,5,Yes,No,No,No internet service,No internet service,No internet service,No internet service,No internet service,No internet service,Month-to-month,Yes,Credit card (automatic),24.36,109.56,No
C7004657,Male,0,No,No,37,Yes,Yes,Fiber optic,No,Yes,No,No,No,No,Two year,No,Electronic check,84.6,3114.4,No
C7004658,Female,0,Yes,Yes,7,Yes,No,No,No internet service,No internet service,No internet service,No internet service,No internet service,No internet service,Month-to-month,Yes,Credit card (automatic),23.32,162.98,No
C7004659,Male,0,No,No,15,Yes,No,Fiber optic,Yes,Yes,Yes,No,Yes,No,One year,No,Bank transfer (automatic),93.5,1389.17,No
C7004660,Female,0,Yes,No,36,Yes,Yes,DSL,Yes,Yes,No,No,No,Yes,Month-to-month,Yes,Credit card (automatic),72.66,2608.69,No
C7004661,Female,0,Yes,No,50,Yes,No,Fiber optic,No,No,No,No,Yes,Yes,Two year,No,Credit card (automatic),83.99,4186.78,No
C7004662,Male,0,Yes,No,29,Yes,No,Fiber optic,Yes,No,No,Yes,Yes,No,One year,No,Mailed check,83.09,2429.24,No
C7004663,Male,0,Yes,No,18,Yes,Yes,Fiber optic,No,No,Yes,No,No,Yes,Two year,No,Mailed check,85.01,1533.7,No
C7004664,Female,0,Yes,Yes,65,Yes,No,DSL,No,Yes,Yes,Yes,Yes,No,Two year,No,Electronic check,68.69,4472.36,No
C7004665,Male,0,No,No,25,Yes,No,Fiber optic,No,No,No,No,No,No,Month-to-month,Yes,Electronic check,73.78,1842.48,No
C7004666,Female,0,No,No,23,Yes,No,Fiber optic,No,No,No,Yes,No,Yes,Month-to-month,Yes,Credit card (automatic),80.0,1839.5,No
C7004667,Male,0,Yes,No,4,No,No phone service,DSL,No,No,No,No,No,No,Month-to-month,Yes,Credit card (automatic),45.0,183.52,Yes
C7004668,Female,0,Yes,No,25,No,No phone service,DSL,Yes,No,Yes,No,No,No,Month-to-month,Yes,Electronic check,47.66,1214.23,Yes
C7004669,Male,0,No,No,16,Yes,No,Fiber optic,Yes,No,No,No,No,No,One year,Yes,Electronic check,70.19,1139.6,No
C7004670,Male,0,No,No,25,Yes,Yes,Fiber optic,No,Yes,No,Yes,No,Yes,Month-to-month,No,Electronic check,93.11,2329.3,No
C7004671,Male,1,Yes,No,14,Yes,No,Fiber optic,Yes,Yes,No,Yes,No,No,Two year,No,Electronic check,87.8,1215.11,No
C7004672,Male,1,Yes,No,14,Yes,No,No,No internet service,No internet service,No internet service,No internet service,No internet service,No internet service,Two year,Yes,Credit card (automatic),25.63,369.0,No
C7004673,Male,0,Yes,No,53,Yes,Yes,Fiber optic,Yes,Yes,No,No,Yes,Yes,Month-to-month,Yes,Mailed check,103.35,5470.43,Yes
C7004674,Female,0,No,No,34,No,No phone service,DSL,No,Yes,No,Yes,Yes,No,Month-to-month,Yes,Bank transfer (automatic),59.23,2007.2,Yes
C7004675,Male,0,Yes,No,50,Yes,No,DSL,No,No,No,No,No,No,Month-to-month,No,Electronic check,52.24,2609.19,No
C7004676,Male,1,No,Yes,42,Yes,No,DSL,No,No,Yes,No,Yes,Yes,Month-to-month,Yes,Electronic check,66.8,2807.8,Yes
C7004677,Male,0,Yes,No,39,Yes,Yes,DSL,No,No,Yes,No,No,No,One year,Yes,Mailed check,63.13,2476.65,No
C7004678,Male,0,Yes,No,34,Yes,No,No,No internet service,No internet service,No internet service,No internet service,No internet service,No internet service,Month-to-month,No,Mailed check,27.46,918.8,No
C7004679,Female,0,No,No,28,Yes,Yes,No,No internet service,No internet service,No internet service,No internet service,No internet service,No internet service,Month-to-month,Yes,Mailed check,26.64,754.09,No
C7004680,Female,0,Yes,No,19,Yes,Yes,Fiber optic,Yes,No,Yes,Yes,No,Yes,Month-to-month,No,Electronic check,91.88,1741.18,No
C7004681,Male,0,No,Yes,64,Yes,Yes,DSL,Yes,No,No,No,Yes,Yes,One year,Yes,Mailed check,69.77,4511.09,No
C7004682,Female,0,No,Yes,29,Yes,No,DSL,No,No,No,No,No,No,One year,Yes,Electronic check,52.13,1509.75,Yes
C7004683,Female,0,No,No,64,No,No phone service,Fiber optic,No,No,Yes,No,No,No,Two year,Yes,Credit card (automatic),75.69,4860.27,No
C7004684,Female,0,Yes,No,56,Yes,Yes,No,No internet service,No internet service,No internet service,No internet service,No internet service,No internet service,Two year,No,Mailed check,32.23,1831.0,No
C7004685,Male,0,Yes,No,44,Yes,Yes,Fiber optic,Yes,No,No,Yes,Yes,No,One year,Yes,Credit card (automatic),88.94,3898.28,No
C7004686,Male,0,Yes,Yes,61,Yes,Yes,No,No internet service,No internet service,No internet service,No internet service,No internet service,No internet service,Two year,Yes,Credit card (automatic),29.53,1801.08,No
C7004687,Male,1,No,No,48,Yes,No,DSL,Yes,Yes,No,No,Yes,Yes,Month-to-month,No,Bank transfer (automatic),72.67,3495.7,No
C7004688,Female,0,No,No,59,Yes,Yes,Fiber optic,No,No,No,Yes,Yes,No,Two year,No,Mailed check,84.13,4950.36,No
C7004689,Female,1,Yes,Yes,58,Yes,No,DSL,No,No,No,No,Yes,No,One year,No,Electronic check,57.2,3311.56,Yes
C7004690,Male,0,Yes,No,47,Yes,No,Fiber optic,Yes,No,No,Yes,Yes,Yes,Two year,Yes,Mailed check,84.13,3949.83,No
C7004691,Male,0,Yes,No,52,Yes,No,Fiber optic,No,Yes,No,Yes,Yes,Yes,Month-to-month,No,Bank transfer (automatic),86.61,4515.68,No
C7004692,Female,1,Yes,No,59,Yes,No,Fiber optic,No,No,No,No,Yes,Yes,One year,No,Mailed check,81.59,4838.22,No
C7004693,Female,0,Yes,No,16,Yes,Yes,Fiber optic,No,Yes,Yes,Yes,No,No,Month-to-month,Yes,Bank transfer (automatic),96.51,1541.36,No
C7004694,Male,0,No,No,63,No,No phone service,DSL,No,No,No,No,No,No,One year,Yes,Credit card (automatic),43.25,2710.42,No
C7004695,Female,0,No,Yes,36,Yes,Yes,DSL,No,No,No,No,Yes,Yes,Month-to-month,Yes,Credit card (automatic),66.78,2436.67,No
C7004696,Male,0,Yes,Yes,8,Yes,No,Fiber optic,No,Yes,Yes,No,Yes,No,Two year,Yes,Mailed check,89.3,722.95,No
C7004697,Male,0,Yes,Yes,11,Yes,Yes,Fiber optic,No,No,Yes,Yes,Yes,Yes,Two year,Yes,Credit card (automatic),96.42,1072.51,No
C7004698,Female,0,Yes,No,54,Yes,Yes,No,No internet service,No internet service,No internet service,No internet service,No internet service,No internet service,Month-to-month,Yes,Mailed check,30.04,1597.03,Yes
C7004699,Female,1,Yes,No,59,Yes,Yes,No,No internet service,No internet service,No internet service,No internet service,No internet service,No internet service,Two year,Yes,Mailed check,34.27,1997.75,No
C7004700,Female,0,No,No,47,Yes,Yes,Fiber optic,No,No,No,No,No,No,Month-to-month,Yes,Credit card (automatic),71.42,3351.3,No
C7004701,Male,0,Yes,No,47,Yes,Yes,Fiber optic,Yes,Yes,Yes,Yes,Yes,No,One year,No,Bank transfer (automatic),93.77,4415.96,No
C7004702,Male,1,No,No,63,Yes,Yes,Fiber optic,Yes,No,No,Yes,No,Yes,Two year,No,Mailed check,85.89,5411.5,No
C7004703,Male,0,No,Yes,71,Yes,Yes,DSL,No,Yes,Yes,Yes,Yes,Yes,Two year,No,Electronic check,74.82,5302.98,No
C7004704,Male,0,No,Yes,60,Yes,Yes,Fiber optic,Yes,No,Yes,No,No,No,Month-to-month,No,Electronic check,82.4,4927.31,No
C7004705,Male,0,No,No,9,Yes,Yes,DSL,No,No,Yes,No,Yes,No,Month-to-month,No,Electronic check,64.58,593.97,No
C7004706,Male,0,No,No,58,Yes,No,DSL,No,No,No,No,Yes,Yes,Month-to-month,Yes,Electronic check,58.33,3390.91,No
C7004707,Male,1,No,No,37,Yes,No,No,No internet service,No internet service,No internet service,No internet service,No internet service,No internet service,Month-to-month,No,Mailed check,18.0,656.38,No
C7004708,Male,0,Yes,No,58,Yes,No,Fiber optic,Yes,No,Yes,No,No,Yes,Month-to-month,No,Mailed check,84.22,4883.56,No
C7004709,Male,0,No,No,52,Yes,Yes,No,No internet service,No internet service,No internet service,No internet service,No internet service,No internet service,One year,Yes,Mailed check,29.78,1536.16,No
C7004710,Female,0,Yes,No,49,Yes,No,No,No internet service,No internet service,No internet service,No internet service,No internet service,No internet service,Month-to-month,No,Bank transfer (automatic),27.06,1313.16,No
C7004711,Male,0,Yes,No,63,Yes,Yes,No,No internet service,No internet service,No internet service,No internet service,No internet service,No internet service,Month-to-month,No,Bank transfer (automatic),33.34,2103.47,No
C7004712,Female,0,No,No,11,Yes,Yes,Fiber optic,No,No,Yes,No,Yes,No,Month-to-month,Yes,Mailed check,87.01,987.56,Yes
C7004713,Female,1,Yes,No,62,Yes,Yes,DSL,No,Yes,Yes,No,Yes,Yes,Month-to-month,No,Credit card (automatic),66.96,4156.05,No
C7004714,Female,0,Yes,No,25,No,No phone service,DSL,Yes,No,No,Yes,Yes,Yes,One year,No,Electronic check,62.85,1580.01,No
C7004715,Male,0,Yes,No,14,Yes,Yes,Fiber optic,No,Yes,Yes,Yes,No,Yes,Month-to-month,No,Electronic check,93.45,1304.31,Yes
C7004716,Male,0,Yes,No,52,Yes,Yes,DSL,No,No,No,Yes,No,Yes,One year,No,Electronic check,61.61,3200.26,No
C7004717,Female,0,Yes,No,71,No,No phone service,Fiber optic,No,Yes,No,No,No,Yes,Month-to-month,No,Electronic check,79.74,5670.58,No
C7004718,Female,0,Yes,No,6,Yes,No,No,No internet service,No internet service,No internet service,No internet service,No internet service,No internet service,Two year,Yes,Bank transfer (automatic),23.7,145.76,No
C7004719,Male,0,No,No,71,Yes,Yes,Fiber optic,Yes,Yes,No,Yes,No,No,Two year,No,Mailed check,86.97,6182.96,No
C7004720,Male,0,No,No,25,Yes,No,DSL,No,No,Yes,Yes,Yes,Yes,Month-to-month,No,Mailed check,71.5,1769.84,No
C7004721,Female,1,Yes,Yes,70,Yes,Yes,Fiber optic,Yes,No,No,Yes,No,No,Month-to-month,Yes,Electronic check,80.3,5619.22,No
C7004722,Male,0,No,Yes,3,Yes,Yes,No,No internet service,No internet service,No internet service,No internet service,No internet service,No internet service,One year,Yes,Electronic check,27.08,81.1,No
C7004723,Female,0,No,No,44,Yes,No,No,No internet service,No internet service,No internet service,No internet service,No internet service,No internet service,Two year,Yes,Electronic check,26.17,1160.41,No
C7004724,Male,0,No,No,39,No,No phone service,Fiber optic,No,No,No,No,Yes,No,Month-to-month,Yes,Mailed check,67.09,2622.0,No
C7004725,Male,0,No,No,60,No,No phone service,DSL,No,No,No,No,Yes,No,Month-to-month,No,Mailed check,55.08,3294.22,No
C7004726,Female,0,No,Yes,34,Yes,No,Fiber optic,Yes,No,No,No,No,No,Month-to-month,Yes,Mailed check,76.8,2628.21,No
C7004727,Male,0,Yes,No,5,No,No phone service,Fiber optic,No,No,No,No,No,Yes,One year,No,Electronic check,70.26,371.68,No
C7004728,Female,0,No,Yes,13,Yes,Yes,Fiber optic,Yes,No,Yes,No,Yes,No,Two year,Yes,Electronic check,90.82,1172.05,No
C7004729,Male,0,No,Yes,18,No,No phone service,Fiber optic,No,No,Yes,Yes,No,No,Month-to-month,No,Electronic check,70.76,1258.99,Yes
C7004730,Male,0,No,No,63,Yes,Yes,Fiber optic,Yes,Yes,Yes,No,No,No,Month-to-month,Yes,Mailed check,89.86,5650.83,Yes
C7004731,Female,0,Yes,Yes,6,Yes,No,No,No internet service,No internet service,No internet service,No internet service,No internet service,No internet service,Month-to-month,No,Credit card (automatic),21.28,117.69,No
C7004732,Male,0,No,No,61,Yes,No,No,No internet service,No internet service,No internet service,No internet service,No internet service,No internet service,One year,Yes,Credit card (automatic),28.67,1748.72,No
C7004733,Male,0,No,No,36,Yes,No,DSL,Yes,No,Yes,No,Yes,Yes,Two year,Yes,Credit card (automatic),76.27,2761.5,No
C7004734,Female,0,Yes,No,41,Yes,Yes,Fiber optic,No,No,Yes,Yes,No,Yes,One year,Yes,Credit card (automatic),86.24,3534.44,No
C7004735,Female,0,No,No,70,Yes,Yes,DSL,Yes,Yes,Yes,Yes,Yes,Yes,Two year,No,Bank transfer (automatic),83.47,5860.9,No
C7004736,Female,1,No,No,55,Yes,No,DSL,No,No,No,Yes,Yes,No,Month-to-month,No,Mailed check,60.54,3354.62,Yes
C7004737,Male,0,No,No,47,No,No phone service,DSL,No,Yes,Yes,No,No,Yes,Month-to-month,No,Electronic check,63.59,3004.1,No
C7004738,Male,0,Yes,No,60,Yes,No,Fiber optic,No,No,No,No,No,Yes,Month-to-month,No,Bank transfer (automatic),81.06,4878.32,No
C7004739,Female,0,No,No,33,Yes,Yes,DSL,No,Yes,No,No,No,No,Month-to-month,Yes,Bank transfer (automatic),59.96,1992.14,Yes
C7004740,Male,0,No,No,67,No,No phone service,No,No internet service,No internet service,No internet service,No internet service,No internet service,No internet service,Month-to-month,Yes,Mailed check,24.41,1636.48,No
C7004741,Male,0,Yes,No,57,Yes,No,DSL,No,Yes,No,No,Yes,Yes,Two year,No,Credit card (automatic),65.38,3710.28,No
C7004742,Female,0,No,Yes,71,Yes,Yes,DSL,No,No,Yes,Yes,No,Yes,Month-to-month,Yes,Electronic check,68.82,4903.46,No
C7004743,Male,0,Yes,Yes,40,Yes,No,DSL,Yes,No,Yes,No,No,No,Month-to-month,Yes,Bank transfer (automatic),55.42,2229.69,No
C7004744,Male,0,No,No,46,Yes,Yes,Fiber optic,No,No,No,No,No,Yes,Month-to-month,No,Electronic check,77.94,3564.15,No
C7004745,Male,0,No,No,33,Yes,No,DSL,No,No,No,No,Yes,No,Two year,Yes,Credit card (automatic),54.98,1811.43,No
C7004746,Male,0,No,Yes,67,Yes,Yes,No,No internet service,No internet service,No internet service,No internet service,No internet service,No internet service,Month-to-month,No,Bank transfer (automatic),28.7,1922.81,No
C7004747,Female,0,No,No,45,Yes,Yes,Fiber optic,Yes,Yes,No,No,No,Yes,One year,No,Bank transfer (automatic),98.16,4411.25,No
C7004748,Female,0,Yes,Yes,11,Yes,No,No,No internet service,No internet service,No internet service,No internet service,No internet service,No internet service,Two year,Yes,Electronic check,25.84,298.64,No
C7004749,Male,0,No,No,37,Yes,No,DSL,No,No,No,Yes,No,No,One year,Yes,Bank transfer (automatic),54.25,2019.46,No
C7004750,Male,0,Yes,No,9,Yes,Yes,DSL,No,Yes,No,No,No,Yes,One year,Yes,Bank transfer (automatic),60.42,554.51,No
C7004751,Female,0,No,No,46,Yes,No,No,No internet service,No internet service,No internet service,No internet service,No internet service,No internet service,Month-to-month,Yes,Bank transfer (automatic),23.83,1093.26,No
C7004752,Male,0,Yes,No,51,Yes,Yes,Fiber optic,No,No,Yes,No,No,No,One year,No,Bank transfer (automatic),78.29,3981.62,No
C7004753,Male,0,No,Yes,58,Yes,No,DSL,No,Yes,Yes,Yes,No,No,One year,No,Electronic check,64.73,3773.23,No
C7004754,Female,0,No,No,11,Yes,Yes,DSL,No,Yes,No,Yes,Yes,Yes,One year,No,Bank transfer (automatic),80.72,874.45,No
C7004755,Female,0,Yes,No,33,Yes,No,No,No internet service,No internet service,No internet service,No internet service,No internet service,No internet service,One year,Yes,Credit card (automatic),27.02,870.17,No
C7004756,Male,0,Yes,Yes,25,Yes,No,DSL,No,Yes,No,No,No,Yes,Two year,No,Credit card (automatic),61.02,1522.78,No
C7004757,Female,0,Yes,No,30,Yes,Yes,Fiber optic,No,Yes,Yes,No,Yes,No,Two year,Yes,Mailed check,89.22,2674.24,No
C7004758,Male,0,Yes,No,68,Yes,Yes,No,No internet service,No internet service,No internet service,No internet service,No internet service,No internet service,Month-to-month,No,Mailed check,28.91,1969.37,No
C7004759,Female,0,Yes,Yes,40,Yes,No,Fiber optic,No,Yes,Yes,No,Yes,No,Two year,No,Electronic check,85.95,3450.42,No
C7004760,Male,0,No,No,32,Yes,Yes,Fiber optic,No,Yes,No,No,Yes,No,Month-to-month,Yes,Bank transfer (automatic),86.79,2791.4,No
C7004761,Male,0,No,No,66,Yes,Yes,Fiber optic,Yes,Yes,Yes,No,Yes,No,Month-to-month,No,Mailed check,96.93,6407.59,No
C7004762,Female,0,No,No,38,Yes,No,Fiber optic,No,Yes,No,No,Yes,Yes,Month-to-month,Yes,Electronic check,87.62,3321.68,No
C7004763,Female,0,Yes,No,30,Yes,Yes,Fiber optic,Yes,No,No,No,Yes,Yes,Month-to-month,Yes,Bank transfer (automatic),92.72,2782.89,No
C7004764,Male,0,Yes,No,39,Yes,No,DSL,No,No,Yes,Yes,No,Yes,Month-to-month,Yes,Credit card (automatic),60.98,2377.84,No
C7004765,Male,0,Yes,No,61,No,No phone service,Fiber optic,No,Yes,Yes,No,No,Yes,Two year,Yes,Bank transfer (automatic),80.84,4954.58,No
C7004766,Female,1,No,No,33,No,No phone service,No,No internet service,No internet service,No internet service,No internet service,No internet service,No internet service,Month-to-month,No,Electronic check,23.54,762.28,No
C7004767,Female,1,No,No,45,Yes,Yes,Fiber optic,Yes,No,Yes,No,Yes,Yes,Month-to-month,No,Electronic check,93.46,4198.02,No
C7004768,Male,0,No,No,13,Yes,No,Fiber optic,Yes,No,No,No,No,Yes,One year,No,Electronic check,77.52,1036.15,Yes
C7004769,Female,1,No,Yes,0,Yes,No,Fiber optic,No,No,No,No,Yes,No,Month-to-month,Yes,Mailed check,69.66,0.0,Yes
C7004770,Female,1,No,No,4,Yes,No,Fiber optic,No,No,Yes,No,No,Yes,Two year,Yes,Credit card (automatic),77.23,309.56,Yes
C7004771,Male,0,No,No,34,Yes,Yes,Fiber optic,No,No,Yes,No,Yes,No,Month-to-month,Yes,Bank transfer (automatic),84.34,2864.87,Yes
C7004772,Male,0,Yes,Yes,52,Yes,Yes,Fiber optic,No,Yes,Yes,No,Yes,No,Two year,No,Mailed check,93.37,4869.17,No
C7004773,Male,0,No,No,15,Yes,No,DSL,Yes,No,No,No,Yes,No,Month-to-month,Yes,Bank transfer (automatic),55.61,850.3,Yes
C7004774,Male,0,No,No,68,Yes,Yes,DSL,No,No,No,No,No,No,Month-to-month,Yes,Credit card (automatic),58.49,3977.3,No
C7004775,Male,0,Yes,No,10,No,No phone service,DSL,No,Yes,No,No,No,Yes,Month-to-month,Yes,Bank transfer (automatic),55.25,581.78,No
C7004776,Male,0,No,No,50,Yes,No,Fiber optic,No,No,Yes,Yes,Yes,No,Two year,Yes,Bank transfer (automatic),80.52,4023.94,No
C7004777,Male,0,No,Yes,17,Yes,Yes,Fiber optic,Yes,No,Yes,No,Yes,Yes,Month-to-month,No,Electronic check,96.93,1650.69,Yes
C7004778,Male,0,No,Yes,4,Yes,Yes,Fiber optic,No,No,No,Yes,No,No,Month-to-month,Yes,Bank transfer (automatic),81.98,350.58,No
C7004779,Female,0,Yes,Yes,52,No,No phone service,Fiber optic,No,Yes,Yes,Yes,No,No,Month-to-month,No,Credit card (automatic),80.68,4193.36,No
C7004780,Male,0,Yes,No,37,Yes,Yes,Fiber optic,No,Yes,No,Yes,Yes,No,Month-to-month,Yes,Electronic check,91.25,3403.5,Yes
C7004781,Female,0,No,No,45,Yes,Yes,Fiber optic,Yes,Yes,Yes,Yes,No,No,Month-to-month,Yes,Electronic check,97.21,4386.25,Yes
C7004782,Female,0,Yes,No,68,Yes,Yes,Fiber optic,No,No,Yes,Yes,No,No,Month-to-month,Yes,Credit card (automatic),85.52,5806.33,No
C7004783,Female,0,Yes,No,39,Yes,No,Fiber optic,Yes,Yes,No,No,No,No,Two year,No,Mailed check,82.8,3251.52,No
C7004784,Female,0,Yes,No,61,Yes,Yes,DSL,Yes,No,No,No,Yes,Yes,Two year,Yes,Mailed check,66.31,4037.61,No
C7004785,Female,0,Yes,Yes,36,Yes,Yes,Fiber optic,Yes,No,No,No,No,No,Month-to-month,Yes,Bank transfer (automatic),81.09,2902.14,No
C7004786,Male,0,No,Yes,25,Yes,No,DSL,No,Yes,Yes,No,No,Yes,Two year,Yes,Mailed check,66.13,1653.67,No
C7004787,Female,0,No,No,28,Yes,No,DSL,No,No,Yes,No,No,No,Month-to-month,Yes,Credit card (automatic),58.28,1622.84,No
C7004788,Male,0,Yes,Yes,25,Yes,Yes,Fiber optic,No,No,No,No,Yes,No,Month-to-month,No,Electronic check,82.1,2048.73,No
C7004789,Female,0,No,No,64,Yes,No,DSL,No,Yes,Yes,No,No,Yes,Month-to-month,Yes,Bank transfer (automatic),63.81,4077.13,No
C7004790,Male,0,Yes,Yes,37,No,No phone service,DSL,No,Yes,Yes,Yes,No,Yes,Month-to-month,No,Mailed check,66.8,2458.81,No
C7004791,Male,0,Yes,No,68,No,No phone service,DSL,Yes,Yes,Yes,No,Yes,Yes,Month-to-month,Yes,Mailed check,67.51,4566.18,No
C7004792,Male,1,No,No,18,Yes,No,Fiber optic,No,No,No,No,No,No,Two year,No,Mailed check,67.23,1222.35,No
C7004793,Female,0,No,No,55,Yes,No,DSL,Yes,No,Yes,Yes,No,No,One year,Yes,Credit card (automatic),64.76,3571.13,No
C7004794,Male,1,Yes,No,8,Yes,No,No,No internet service,No internet service,No internet service,No internet service,No internet service,No internet service,Month-to-month,Yes,Mailed check,22.01,185.27,No
C7004795,Male,0,No,No,21,No,No phone service,Fiber optic,No,Yes,Yes,No,No,No,Month-to-month,No,Electronic check,74.25,1563.4,Yes
C7004796,Male,0,Yes,Yes,2,Yes,No,DSL,Yes,No,No,No,No,Yes,Month-to-month,No,Electronic check,61.98,110.96,Yes
C7004797,Male,1,No,No,66,Yes,Yes,Fiber optic,Yes,No,Yes,No,Yes,Yes,Month-to-month,Yes,Credit card (automatic),97.76,6458.4,No
C7004798,Female,1,Yes,Yes,21,Yes,No,Fiber optic,No,Yes,No,Yes,Yes,No,Month-to-month,Yes,Mailed check,81.81,1709.04,Yes
C7004799,Female,0,No,Yes,59,Yes,No,Fiber optic,Yes,Yes,No,Yes,No,No,Month-to-month,Yes,Bank transfer (automatic),78.78,4637.11,No
C7004800,Male,0,No,No,31,Yes,Yes,DSL,Yes,No,Yes,No,No,Yes,Month-to-month,Yes,Bank transfer (automatic),67.11,2051.18,No
C7004801,Male,0,Yes,Yes,9,Yes,Yes,Fiber optic,No,No,No,No,No,Yes,Month-to-month,Yes,Electronic check,78.95,725.45,No
C7004802,Male,0,No,Yes,25,Yes,No,Fiber optic,Yes,No,No,No,No,Yes,Two year,Yes,Electronic check,86.89,2160.82,No
C7004803,Male,0,No,No,24,Yes,No,No,No internet service,No internet service,No internet service,No internet service,No internet service,No internet service,One year,Yes,Bank transfer (automatic),22.85,557.6,No
C7004804,Female,0,Yes,No,37,Yes,No,Fiber optic,No,Yes,No,No,No,Yes,Month-to-month,Yes,Mailed check,85.23,3133.49,No
C7004805,Female,0,No,No,23,Yes,No,DSL,No,No,No,No,No,No,Month-to-month,Yes,Bank transfer (automatic),52.24,1190.55,Yes
C7004806,Male,0,No,Yes,49,Yes,Yes,Fiber optic,Yes,Yes,No,Yes,No,Yes,Two year,Yes,Bank transfer (automatic),94.83,4664.0,No
C7004807,Female,0,Yes,No,53,Yes,No,DSL,Yes,Yes,Yes,Yes,No,Yes,Month-to-month,No,Mailed check,74.53,3963.24,No
C7004808,Male,0,No,No,11,Yes,No,Fiber optic,No,Yes,No,No,Yes,Yes,Month-to-month,Yes,Credit card (automatic),88.54,992.84,Yes
C7004809,Female,0,Yes,No,38,Yes,Yes,Fiber optic,Yes,No,Yes,Yes,Yes,No,Month-to-month,No,Credit card (automatic),93.31,3538.94,No
C7004810,Female,1,No,No,42,Yes,Yes,DSL,Yes,No,Yes,No,No,No,Two year,Yes,Mailed check,70.74,2955.35,No
C7004811,Female,0,No,No,19,No,No phone service,DSL,Yes,No,Yes,Yes,No,Yes,Month-to-month,Yes,Mailed check,66.8,1275.92,No
C7004812,Female,0,No,No,56,Yes,No,DSL,No,No,Yes,No,No,Yes,One year,No,Mailed check,59.11,3286.64,No
C7004813,Female,0,No,No,16,Yes,No,DSL,No,Yes,Yes,Yes,Yes,No,Month-to-month,No,Electronic check,70.5,1118.92,No
C7004814,Male,0,No,Yes,63,Yes,Yes,Fiber optic,Yes,No,No,Yes,Yes,Yes,Month-to-month,No,Bank transfer (automatic),98.41,6188.54,No
C7004815,Male,0,Yes,No,33,Yes,No,Fiber optic,Yes,Yes,No,Yes,No,No,Month-to-month,No,Credit card (automatic),90.38,3005.3,No
C7004816,Male,0,Yes,Yes,26,Yes,Yes,DSL,No,Yes,Yes,No,Yes,No,One year,Yes,Electronic check,71.22,1841.96,No
C7004817,Male,1,No,No,48,Yes,Yes,DSL,Yes,No,Yes,No,Yes,No,One year,No,Bank transfer (automatic),68.63,3296.77,No
C7004818,Female,1,Yes,No,45,Yes,No,No,No internet service,No internet service,No internet service,No internet service,No internet service,No internet service,One year,Yes,Bank transfer (automatic),25.8,1141.45,No
C7004819,Female,0,No,Yes,37,Yes,No,DSL,No,No,Yes,No,Yes,Yes,Month-to-month,Yes,Electronic check,61.68,2298.07,No
C7004820,Female,0,Yes,Yes,50,Yes,No,No,No internet service,No internet service,No internet service,No internet service,No internet service,No internet service,One year,No,Mailed check,27.3,1375.82,No
C7004821,Male,0,Yes,No,19,Yes,Yes,DSL,Yes,Yes,No,Yes,Yes,Yes,Month-to-month,Yes,Credit card (automatic),78.11,1477.86,No
C7004822,Female,0,Yes,No,59,Yes,No,No,No internet service,No internet service,No internet service,No internet service,No internet service,No internet service,Month-to-month,Yes,Electronic check,23.67,1411.65,No
C7004823,Female,0,No,No,45,Yes,No,Fiber optic,Yes,No,No,No,No,Yes,Two year,Yes,Credit card (automatic),82.8,3747.26,No
C7004824,Male,0,Yes,No,15,Yes,Yes,DSL,No,Yes,No,No,No,Yes,Month-to-month,Yes,Mailed check,67.68,1008.56,Yes
C7004825,Male,0,Yes,No,72,Yes,No,DSL,No,No,Yes,No,Yes,No,One year,Yes,Credit card (automatic),57.47,4154.7,No
C7004826,Male,0,No,No,63,No,No phone service,DSL,No,Yes,No,Yes,No,No,Month-to-month,Yes,Credit card (automatic),55.79,3514.64,No
C7004827,Male,0,No,No,12,Yes,Yes,DSL,No,No,Yes,No,Yes,Yes,Month-to-month,No,Mailed check,70.32,823.6,Yes
C7004828,Female,0,No,No,57,Yes,No,Fiber optic,No,No,No,No,Yes,Yes,Two year,No,Bank transfer (automatic),78.18,4461.9,No
C7004829,Female,0,Yes,Yes,38,Yes,No,Fiber optic,Yes,No,Yes,No,No,Yes,Month-to-month,Yes,Bank transfer (automatic),85.73,3249.97,No
C7004830,Female,0,Yes,Yes,56,Yes,Yes,Fiber optic,No,Yes,No,No,No,Yes,Month-to-month,No,Mailed check,85.02,4741.81,No
C7004831,Male,0,No,Yes,27,Yes,No,DSL,No,Yes,Yes,Yes,Yes,Yes,Two year,No,Electronic check,74.31,2009.73,No
C7004832,Female,0,Yes,No,17,No,No phone service,Fiber optic,Yes,No,No,Yes,Yes,Yes,Two year,No,Bank transfer (automatic),87.78,1498.15,No
C7004833,Female,0,Yes,No,15,Yes,Yes,DSL,No,Yes,Yes,No,Yes,Yes,Month-to-month,Yes,Electronic check,71.14,1096.91,No
C7004834,Male,0,No,Yes,4,Yes,Yes,DSL,No,No,Yes,Yes,Yes,Yes,Month-to-month,Yes,Bank transfer (automatic),73.84,293.32,No
C7004835,Female,0,Yes,No,63,Yes,No,DSL,Yes,No,Yes,Yes,Yes,Yes,Month-to-month,No,Credit card (automatic),73.25,4596.21,No
C7004836,Male,0,No,No,22,Yes,Yes,Fiber optic,No,No,Yes,Yes,No,No,One year,Yes,Electronic check,81.12,1777.91,Yes
C7004837,Male,0,Yes,No,69,Yes,No,DSL,No,Yes,No,No,Yes,No,One year,No,Mailed check,60.56,4194.45,No
C7004838,Male,0,Yes,No,16,Yes,Yes,DSL,Yes,No,No,No,No,No,One year,Yes,Electronic check,57.41,947.12,No
C7004839,Male,0,Yes,Yes,25,Yes,No,Fiber optic,No,No,No,No,Yes,No,Month-to-month,No,Mailed check,73.24,1844.31,No
C7004840,Female,1,No,No,64,Yes,No,No,No internet service,No internet service,No internet service,No internet service,No internet service,No internet service,Month-to-month,No,Mailed check,27.02,1735.77,No
C7004841,Male,0,No,Yes,25,Yes,Yes,Fiber optic,No,No,No,No,Yes,No,Month-to-month,No,Credit card (automatic),75.3,1876.1,Yes
C7004842,Male,0,No,Yes,55,Yes,Yes,No,No internet service,No internet service,No internet service,No internet service,No internet service,No internet service,Two year,No,Electronic check,31.69,1735.4,No
C7004843,Male,1,Yes,Yes,6,Yes,Yes,DSL,No,No,No,No,No,Yes,Month-to-month,No,Bank transfer (automatic),64.33,393.63,Yes
C7004844,Male,0,No,No,69,Yes,Yes,No,No internet service,No internet service,No internet service,No internet service,No internet service,No internet service,Month-to-month,No,Bank transfer (automatic),30.96,2139.53,No
C7004845,Male,0,No,Yes,45,Yes,Yes,DSL,No,No,Yes,Yes,Yes,No,One year,Yes,Electronic check,72.4,3234.67,No
C7004846,Male,0,No,No,54,Yes,No,DSL,Yes,Yes,Yes,No,No,No,Two year,Yes,Mailed check,72.91,3918.48,No
C7004847,Female,0,No,No,1,Yes,Yes,DSL,No,Yes,No,Yes,No,Yes,Month-to-month,No,Electronic check,70.77,67.19,Yes
C7004848,Male,0,No,No,70,No,No phone service,Fiber optic,Yes,No,No,No,No,No,Month-to-month,Yes,Electronic check,71.25,4988.37,No
C7004849,Female,0,No,No,36,Yes,Yes,DSL,No,No,No,No,No,No,One year,No,Mailed check,58.19,2085.56,No
C7004850,Male,0,Yes,No,15,Yes,No,Fiber optic,No,No,Yes,Yes,Yes,Yes,Two year,Yes,Electronic check,88.55,1333.51,No
C7004851,Female,0,No,No,11,Yes,No,Fiber optic,No,Yes,Yes,Yes,No,Yes,Month-to-month,Yes,Bank transfer (automatic),87.85,970.34,No
C7004852,Female,0,Yes,No,6,Yes,No,DSL,No,No,Yes,No,No,No,Two year,Yes,Electronic check,54.96,335.69,No
C7004853,Male,0,No,No,49,Yes,No,No,No internet service,No internet service,No internet service,No internet service,No internet service,No internet service,Two year,Yes,Bank transfer (automatic),24.15,1196.56,No
C7004854,Male,0,Yes,No,15,Yes,No,DSL,Yes,No,No,No,No,Yes,Month-to-month,No,Electronic check,56.38,829.28,Yes
C7004855,Female,0,Yes,Yes,67,Yes,Yes,DSL,No,Yes,No,Yes,Yes,No,Month-to-month,Yes,Mailed check,66.16,4434.59,No
C7004856,Male,1,Yes,No,16,Yes,No,DSL,No,Yes,Yes,No,Yes,No,Month-to-month,No,Electronic check,60.9,977.53,No
C7004857,Female,0,No,No,6,No,No phone service,DSL,No,Yes,Yes,Yes,No,Yes,Month-to-month,Yes,Bank transfer (automatic),63.49,391.43,Yes
C7004858,Male,0,Yes,No,62,Yes,No,DSL,No,Yes,No,No,Yes,Yes,Month-to-month,No,Credit card (automatic),61.78,3830.24,No
C7004859,Male,0,No,No,56,Yes,No,DSL,No,No,Yes,Yes,No,Yes,Month-to-month,No,Electronic check,66.71,3723.06,No
C7004860,Female,0,No,No,37,Yes,No,DSL,No,No,Yes,Yes,Yes,Yes,One year,No,Bank transfer (automatic),74.31,2748.54,No
C7004861,Female,0,Yes,No,60,Yes,Yes,No,No internet service,No internet service,No internet service,No internet service,No internet service,No internet service,Month-to-month,Yes,Mailed check,31.49,1889.0,No
C7004862,Male,0,No,No,52,Yes,No,No,No internet service,No internet service,No internet service,No internet service,No internet service,No internet service,Two year,Yes,Bank transfer (automatic),22.86,1189.77,No
C7004863,Female,0,No,No,12,Yes,No,No,No internet service,No internet service,No internet service,No internet service,No internet service,No internet service,One year,No,Mailed check,31.45,399.05,No
C7004864,Female,0,No,No,30,Yes,Yes,DSL,No,No,Yes,No,No,No,Month-to-month,Yes,Mailed check,58.25,1738.87,Yes
C7004865,Male,0,Yes,No,67,Yes,Yes,DSL,Yes,No,Yes,No,Yes,Yes,Month-to-month,Yes,Credit card (automatic),73.75,4945.14,No
C7004866,Male,0,No,Yes,49,Yes,No,Fiber optic,No,No,No,Yes,No,No,Month-to-month,Yes,Credit card (automatic),74.2,3608.04,No
C7004867,Male,1,Yes,No,45,Yes,Yes,Fiber optic,No,Yes,Yes,Yes,No,Yes,Month-to-month,No,Credit card (automatic),97.88,4392.09,No
C7004868,Male,1,No,Yes,12,Yes,Yes,DSL,No,No,No,No,Yes,No,Two year,Yes,Electronic check,57.57,683.14,No
C7004869,Female,1,No,No,39,Yes,No,No,No internet service,No internet service,No internet service,No internet service,No internet service,No internet service,Month-to-month,Yes,Credit card (automatic),30.11,1168.96,No
C7004870,Male,0,Yes,Yes,12,Yes,No,No,No internet service,No internet service,No internet service,No internet service,No internet service,No internet service,Month-to-month,No,Bank transfer (automatic),19.33,247.37,Yes
C7004871,Male,1,Yes,Yes,49,Yes,Yes,DSL,Yes,No,No,No,No,No,One year,No,Credit card (automatic),57.94,2854.29,No
C7004872,Female,0,No,No,16,Yes,No,No,No internet service,No internet service,No internet service,No internet service,No internet service,No internet service,Month-to-month,Yes,Bank transfer (automatic),27.72,413.88,No
C7004873,Female,0,Yes,Yes,21,Yes,No,DSL,Yes,Yes,Yes,Yes,No,No,Month-to-month,No,Electronic check,77.34,1620.83,Yes
C7004874,Female,0,Yes,No,41,Yes,No,Fiber optic,Yes,Yes,No,Yes,No,Yes,Month-to-month,Yes,Bank transfer (automatic),94.75,3899.76,Yes
C7004875,Female,1,Yes,No,1,Yes,No,DSL,Yes,Yes,Yes,No,No,Yes,Month-to-month,No,Electronic check,71.86,75.58,Yes
C7004876,Male,0,No,Yes,51,Yes,No,Fiber optic,No,No,No,No,No,Yes,Month-to-month,Yes,Mailed check,72.62,3701.59,Yes
C7004877,Female,0,Yes,No,32,Yes,No,DSL,No,No,Yes,No,No,Yes,Two year,Yes,Electronic check,58.18,1854.81,No
C7004878,Male,0,No,Yes,37,Yes,Yes,Fiber optic,Yes,Yes,No,No,No,Yes,Month-to-month,Yes,Bank transfer (automatic),92.4,3374.6,No
C7004879,Male,0,No,No,54,Yes,Yes,DSL,No,Yes,Yes,Yes,Yes,Yes,Month-to-month,No,Mailed check,82.44,4452.0,No
C7004880,Male,0,No,No,56,Yes,Yes,Fiber optic,No,No,No,No,Yes,Yes,Month-to-month,Yes,Credit card (automatic),83.83,4668.76,No
C7004881,Female,0,No,No,67,Yes,Yes,Fiber optic,No,No,Yes,No,No,Yes,Two year,Yes,Bank transfer (automatic),83.83,5613.28,No
C7004882,Female,0,No,No,13,Yes,Yes,DSL,No,No,Yes,No,Yes,No,Month-to-month,No,Credit card (automatic),68.34,907.56,No
C7004883,Male,0,Yes,No,31,Yes,Yes,Fiber optic,No,Yes,No,No,Yes,No,Month-to-month,No,Credit card (automatic),87.45,2720.09,No
C7004884,Female,0,Yes,No,6,Yes,Yes,No,No internet service,No internet service,No internet service,No internet service,No internet service,No internet service,Two year,Yes,Credit card (automatic),31.22,173.68,No
C7004885,Female,0,Yes,No,19,Yes,Yes,No,No internet service,No internet service,No internet service,No internet service,No internet service,No internet service,Month-to-month,Yes,Bank transfer (automatic),27.92,532.2,No
C7004886,Male,0,Yes,No,40,Yes,No,No,No internet service,No internet service,No internet service,No internet service,No internet service,No internet service,One year,Yes,Bank transfer (automatic),26.37,1074.32,No
C7004887,Female,0,Yes,No,9,Yes,Yes,DSL,Yes,No,Yes,No,No,Yes,Month-to-month,Yes,Mailed check,68.74,614.58,Yes
C7004888,Male,0,No,No,32,Yes,No,Fiber optic,No,No,Yes,No,No,No,Month-to-month,Yes,Electronic check,74.99,2406.2,Yes
C7004889,Female,0,Yes,No,68,Yes,No,No,No internet service,No internet service,No internet service,No internet service,No internet service,No internet service,Two year,Yes,Bank transfer (automatic),25.69,1753.14,No
C7004890,Male,0,Yes,Yes,5,Yes,No,No,No internet service,No internet service,No internet service,No internet service,No internet service,No internet service,Month-to-month,Yes,Electronic check,26.81,136.13,No
C7004891,Male,1,No,No,16,Yes,Yes,DSL,Yes,No,No,Yes,No,No,One year,Yes,Electronic check,59.15,941.21,No
C7004892,Male,0,Yes,Yes,20,Yes,Yes,No,No internet service,No internet service,No internet service,No internet service,No internet service,No internet service,Month-to-month,Yes,Bank transfer (automatic),33.16,697.02,No
C7004893,Male,1,No,Yes,66,Yes,No,Fiber optic,Yes,No,Yes,No,No,Yes,One year,Yes,Mailed check,87.95,5827.85,No
C7004894,Female,1,Yes,No,53,Yes,No,Fiber optic,Yes,Yes,No,No,No,Yes,Month-to-month,Yes,Credit card (automatic),87.25,4626.05,No
C7004895,Male,0,No,Yes,13,Yes,No,Fiber optic,Yes,No,No,Yes,No,No,Two year,Yes,Mailed check,81.2,1050.86,No
C7004896,Male,0,Yes,No,51,Yes,Yes,DSL,No,Yes,Yes,Yes,No,No,Month-to-month,No,Bank transfer (automatic),66.17,3381.83,Yes
C7004897,Female,0,Yes,No,1,Yes,Yes,DSL,Yes,Yes,No,Yes,Yes,Yes,Two year,Yes,Electronic check,82.92,112.74,No
C7004898,Female,0,No,Yes,58,Yes,Yes,DSL,No,No,Yes,No,Yes,No,Month-to-month,Yes,Bank transfer (automatic),63.41,3682.94,No
C7004899,Female,0,Yes,Yes,16,Yes,No,Fiber optic,No,No,Yes,No,No,Yes,Month-to-month,Yes,Mailed check,78.01,1264.33,No
C7004900,Male,0,Yes,Yes,51,Yes,Yes,Fiber optic,No,Yes,No,No,No,Yes,Month-to-month,No,Electronic check,90.95,4626.26,No
C7004901,Male,0,Yes,No,35,Yes,Yes,Fiber optic,Yes,Yes,Yes,Yes,No,Yes,Month-to-month,Yes,Bank transfer (automatic),100.88,3538.47,Yes
C7004902,Male,0,No,Yes,53,Yes,No,Fiber optic,No,Yes,Yes,No,Yes,No,One year,Yes,Electronic check,84.3,4491.72,No
C7004903,Female,0,Yes,No,25,No,No phone service,Fiber optic,Yes,Yes,No,Yes,No,No,Month-to-month,Yes,Electronic check,78.63,1981.43,Yes
C7004904,Female,0,No,No,38,Yes,Yes,DSL,No,Yes,No,No,Yes,No,Two year,Yes,Bank transfer (automatic),65.58,2511.98,No
C7004905,Female,0,No,No,66,No,No phone service,DSL,Yes,No,Yes,No,Yes,Yes,Two year,Yes,Electronic check,62.83,4144.16,No
C7004906,Female,0,No,Yes,58,Yes,No,Fiber optic,Yes,Yes,No,No,Yes,Yes,Month-to-month,No,Electronic check,82.69,4788.78,Yes
C7004907,Male,1,No,No,39,Yes,No,Fiber optic,Yes,No,Yes,No,No,Yes,Two year,Yes,Electronic check,81.61,3198.57,No
C7004908,Female,0,Yes,No,67,Yes,No,No,No internet service,No internet service,No internet service,No internet service,No internet service,No internet service,Two year,Yes,Electronic check,25.0,1664.8,No
C7004909,Male,0,No,No,8,Yes,No,No,No internet service,No internet service,No internet service,No internet service,No internet service,No internet service,Month-to-month,No,Electronic check,27.32,241.37,Yes
C7004910,Male,1,Yes,No,51,Yes,No,Fiber optic,Yes,No,No,Yes,Yes,No,Two year,Yes,Electronic check,86.94,4449.44,No
C7004911,Male,1,Yes,Yes,45,Yes,Yes,DSL,Yes,No,Yes,Yes,No,Yes,Two year,No,Credit card (automatic),76.96,3492.55,No
C7004912,Male,0,No,Yes,18,Yes,Yes,No,No internet service,No internet service,No internet service,No internet service,No internet service,No internet service,Month-to-month,No,Mailed check,27.34,485.28,Yes
C7004913,Female,0,No,No,28,Yes,No,DSL,No,Yes,Yes,Yes,Yes,No,One year,No,Electronic check,70.68,1964.99,No
C7004914,Male,0,Yes,No,29,No,No phone service,Fiber optic,No,Yes,No,Yes,No,Yes,Month-to-month,Yes,Credit card (automatic),82.05,2390.07,No
C7004915,Female,0,No,No,49,No,No phone service,No,No internet service,No internet service,No internet service,No internet service,No internet service,No internet service,One year,Yes,Mailed check,22.14,1089.16,No
C7004916,Female,0,No,No,45,Yes,No,No,No internet service,No internet service,No internet service,No internet service,No internet service,No internet service,One year,Yes,Bank transfer (automatic),23.38,1038.16,No
C7004917,Female,0,Yes,Yes,57,Yes,No,No,No internet service,No internet service,No internet service,No internet service,No internet service,No internet service,Month-to-month,No,Electronic check,26.88,1544.49,No
C7004918,Female,0,No,No,47,Yes,No,DSL,No,Yes,Yes,No,No,Yes,Two year,Yes,Mailed check,65.39,3099.95,No
C7004919,Male,0,No,No,71,Yes,Yes,Fiber optic,No,Yes,No,Yes,Yes,No,Two year,Yes,Bank transfer (automatic),88.97,6343.92,No
C7004920,Male,0,No,No,60,No,No phone service,Fiber optic,No,Yes,No,No,No,No,Two year,No,Mailed check,66.81,4007.61,No
C7004921,Male,0,No,No,42,Yes,No,DSL,No,Yes,No,Yes,No,No,Month-to-month,Yes,Credit card (automatic),59.3,2471.98,No
C7004922,Male,0,Yes,No,1,Yes,Yes,Fiber optic,No,No,No,Yes,No,No,Month-to-month,Yes,Credit card (automatic),78.07,68.8,Yes
C7004923,Female,0,No,No,26,Yes,Yes,Fiber optic,No,Yes,No,Yes,No,No,One year,Yes,Bank transfer (automatic),81.99,2117.97,No
C7004924,Male,0,Yes,Yes,9,Yes,Yes,No,No internet service,No internet service,No internet service,No internet service,No internet service,No internet service,One year,Yes,Electronic check,28.99,249.51,No
C7004925,Male,0,No,No,31,No,No phone service,Fiber optic,No,No,Yes,Yes,No,Yes,Two year,No,Mailed check,78.68,2442.74,No
C7004926,Male,0,No,Yes,72,No,No phone service,DSL,Yes,No,Yes,No,No,No,Two year,Yes,Electronic check,61.7,4430.2,No
C7004927,Male,0,No,No,29,Yes,Yes,No,No internet service,No internet service,No internet service,No internet service,No internet service,No internet service,Month-to-month,Yes,Mailed check,32.68,922.71,No
C7004928,Female,0,Yes,Yes,59,Yes,No,Fiber optic,Yes,No,No,No,No,No,One year,Yes,Mailed check,73.08,4297.54,No
C7004929,Male,1,No,No,32,No,No phone service,Fiber optic,No,Yes,No,Yes,No,Yes,Month-to-month,Yes,Electronic check,83.33,2688.84,Yes
C7004930,Female,0,No,No,42,Yes,Yes,No,No internet service,No internet service,No internet service,No internet service,No internet service,No internet service,Two year,Yes,Bank transfer (automatic),31.29,1325.36,No
C7004931,Female,0,Yes,No,2,Yes,Yes,Fiber optic,Yes,No,No,No,No,No,Month-to-month,No,Electronic check,75.95,136.27,Yes
C7004932,Female,0,Yes,No,50,Yes,No,Fiber optic,No,Yes,Yes,No,Yes,No,Month-to-month,Yes,Credit card (automatic),85.25,4270.57,Yes
C7004933,Male,0,Yes,No,18,Yes,No,Fiber optic,No,Yes,No,Yes,Yes,No,Month-to-month,Yes,Electronic check,85.73,1543.4,No
C7004934,Female,0,No,No,33,Yes,Yes,No,No internet service,No internet service,No internet service,No internet service,No internet service,No internet service,Month-to-month,Yes,Electronic check,29.18,958.93,No
C7004935,Male,0,Yes,No,72,No,No phone service,Fiber optic,No,Yes,Yes,Yes,No,Yes,Month-to-month,No,Electronic check,79.6,5726.74,No
C7004936,Male,1,No,Yes,16,No,No phone service,Fiber optic,No,Yes,No,No,No,No,Two year,Yes,Bank transfer (automatic),63.62,1038.34,Yes
C7004937,Female,0,No,No,67,Yes,Yes,No,No internet service,No internet service,No internet service,No internet service,No internet service,No internet service,One year,Yes,Bank transfer (automatic),32.21,2144.78,No
C7004938,Female,0,No,No,60,No,No phone service,DSL,No,Yes,No,No,Yes,No,Month-to-month,Yes,Electronic check,55.22,3316.22,No
C7004939,Male,0,No,Yes,3,Yes,No,No,No internet service,No internet service,No internet service,No internet service,No internet service,No internet service,Month-to-month,Yes,Electronic check,22.91,61.86,No
C7004940,Female,0,Yes,No,26,Yes,No,No,No internet service,No internet service,No internet service,No internet service,No internet service,No internet service,Month-to-month,Yes,Electronic check,28.18,713.89,No
C7004941,Male,0,Yes,No,71,Yes,No,DSL,No,Yes,No,Yes,Yes,No,Two year,Yes,Electronic check,65.19,4644.04,No
C7004942,Female,0,Yes,No,33,Yes,No,Fiber optic,No,No,No,No,Yes,No,One year,Yes,Electronic check,71.43,2376.43,No
C7004943,Female,0,No,Yes,57,No,No phone service,No,No internet service,No internet service,No internet service,No internet service,No internet service,No internet service,Month-to-month,No,Credit card (automatic),20.49,1169.34,No
C7004944,Female,0,No,No,67,Yes,Yes,Fiber optic,No,Yes,No,Yes,No,Yes,Month-to-month,No,Electronic check,92.59,6217.14,No
C7004945,Female,1,No,No,0,No,No phone service,DSL,Yes,No,Yes,Yes,Yes,Yes,Two year,Yes,Electronic check,63.41,0.0,Yes
C7004946,Female,0,No,No,53,Yes,No,DSL,Yes,Yes,Yes,Yes,No,Yes,Two year,Yes,Electronic check,78.19,4155.4,No
C7004947,Female,1,No,Yes,66,Yes,No,DSL,No,No,Yes,No,No,Yes,Two year,No,Bank transfer (automatic),63.44,4186.66,No
C7004948,Female,0,No,No,42,Yes,Yes,Fiber optic,Yes,No,Yes,No,Yes,Yes,Month-to-month,No,Credit card (automatic),96.67,4049.23,Yes
C7004949,Female,1,No,No,70,Yes,No,Fiber optic,No,Yes,No,No,No,No,Month-to-month,No,Electronic check,74.82,5235.58,Yes
C7004950,Male,0,Yes,Yes,51,Yes,Yes,Fiber optic,No,No,No,Yes,Yes,Yes,Month-to-month,Yes,Mailed check,90.8,4630.82,No
C7004951,Female,0,Yes,Yes,45,Yes,Yes,Fiber optic,Yes,Yes,Yes,Yes,Yes,No,Two year,Yes,Electronic check,97.19,4380.81,No
C7004952,Male,0,No,No,9,Yes,Yes,Fiber optic,No,No,No,Yes,Yes,No,Month-to-month,Yes,Electronic check,82.38,705.72,Yes
C7004953,Female,0,No,No,57,Yes,No,Fiber optic,No,No,No,Yes,No,No,Two year,Yes,Mailed check,79.36,4517.34,No
C7004954,Male,0,No,Yes,62,Yes,Yes,No,No internet service,No internet service,No internet service,No internet service,No internet service,No internet service,Month-to-month,No,Credit card (automatic),28.36,1776.6,No
C7004955,Male,0,Yes,No,24,Yes,Yes,No,No internet service,No internet service,No internet service,No internet service,No internet service,No internet service,Month-to-month,Yes,Credit card (automatic),28.8,689.66,No
C7004956,Female,0,No,Yes,11,Yes,Yes,Fiber optic,No,Yes,Yes,Yes,No,Yes,Month-to-month,No,Bank transfer (automatic),97.16,1049.67,Yes
C7004957,Male,0,Yes,Yes,41,No,No phone service,DSL,Yes,No,No,Yes,Yes,Yes,Two year,Yes,Mailed check,59.1,2438.33,No
C7004958,Male,0,Yes,Yes,68,Yes,Yes,No,No internet service,No internet service,No internet service,No internet service,No internet service,No internet service,Two year,Yes,Bank transfer (automatic),28.23,1928.47,No
C7004959,Female,0,No,Yes,53,Yes,No,No,No internet service,No internet service,No internet service,No internet service,No internet service,No internet service,Month-to-month,No,Mailed check,23.53,1235.36,No
C7004960,Male,1,No,No,59,Yes,No,No,No internet service,No internet service,No internet service,No internet service,No internet service,No internet service,Month-to-month,No,Mailed check,25.09,1460.21,No
C7004961,Male,0,Yes,Yes,40,Yes,No,Fiber optic,No,No,No,Yes,No,No,Month-to-month,Yes,Mailed check,76.75,3080.69,No
C7004962,Male,0,Yes,No,30,Yes,Yes,DSL,Yes,Yes,Yes,No,No,Yes,Month-to-month,Yes,Electronic check,74.75,2237.0,No
C7004963,Male,0,No,No,22,Yes,Yes,Fiber optic,No,No,No,Yes,Yes,No,Month-to-month,Yes,Credit card (automatic),85.08,1827.8,No
C7004964,Male,1,Yes,No,58,Yes,Yes,DSL,No,No,Yes,Yes,Yes,Yes,Month-to-month,Yes,Bank transfer (automatic),70.61,4077.22,No
C7004965,Male,0,Yes,No,47,Yes,No,Fiber optic,No,No,No,No,No,Yes,One year,No,Mailed check,67.03,3144.81,No
C7004966,Male,0,No,No,54,Yes,No,Fiber optic,No,Yes,No,No,No,Yes,Month-to-month,Yes,Mailed check,79.22,4304.86,Yes
C7004967,Male,1,No,No,61,Yes,Yes,No,No internet service,No internet service,No internet service,No internet service,No internet service,No internet service,Two year,No,Credit card (automatic),27.34,1678.53,No
C7004968,Male,0,Yes,Yes,71,Yes,Yes,Fiber optic,No,No,No,Yes,Yes,Yes,Month-to-month,No,Electronic check,89.16,6306.93,No
C7004969,Female,1,No,No,61,Yes,Yes,Fiber optic,Yes,No,No,No,No,Yes,One year,Yes,Mailed check,86.29,5252.9,No
C7004970,Female,0,No,Yes,32,Yes,No,Fiber optic,Yes,Yes,Yes,No,No,Yes,Month-to-month,Yes,Electronic check,86.02,2774.21,No
C7004971,Male,0,Yes,Yes,9,Yes,Yes,DSL,Yes,Yes,No,No,Yes,No,Two year,Yes,Electronic check,74.13,649.86,Yes
C7004972,Male,0,Yes,No,40,Yes,No,DSL,Yes,No,Yes,No,No,No,Two year,Yes,Credit card (automatic),61.71,2479.19,No
C7004973,Female,1,Yes,Yes,32,Yes,Yes,Fiber optic,No,No,Yes,No,No,Yes,Two year,No,Bank transfer (automatic),84.5,2691.07,No
C7004974,Female,1,Yes,No,68,Yes,Yes,DSL,No,Yes,No,Yes,Yes,Yes,Month-to-month,Yes,Bank transfer (automatic),76.02,5163.56,No
C7004975,Male,0,No,Yes,2,Yes,No,DSL,No,No,Yes,Yes,Yes,No,Two year,No,Electronic check,63.2,99.35,No
C7004976,Male,0,Yes,No,62,Yes,No,Fiber optic,No,No,No,No,Yes,No,Month-to-month,No,Bank transfer (automatic),73.15,4531.01,No
C7004977,Male,0,No,No,46,Yes,Yes,DSL,No,No,No,Yes,No,Yes,Month-to-month,Yes,Electronic check,59.13,2715.44,Yes
C7004978,Female,0,Yes,Yes,5,Yes,No,DSL,No,Yes,No,No,No,No,Month-to-month,Yes,Bank transfer (automatic),47.81,233.28,Yes
C7004979,Female,0,No,No,17,Yes,Yes,Fiber optic,Yes,No,No,Yes,Yes,No,Two year,No,Mailed check,89.74,1555.39,No
C7004980,Female,0,No,Yes,4,Yes,No,No,No internet service,No internet service,No internet service,No internet service,No internet service,No internet service,Two year,No,Electronic check,19.87,92.03,No
C7004981,Male,0,No,Yes,67,Yes,No,DSL,No,No,Yes,No,Yes,No,Two year,Yes,Mailed check,62.08,4146.49,No
C7004982,Male,0,No,No,47,Yes,No,Fiber optic,Yes,No,Yes,No,No,Yes,One year,Yes,Mailed check,84.22,3943.75,No
C7004983,Male,1,No,No,45,Yes,No,Fiber optic,No,Yes,No,No,No,Yes,One year,No,Mailed check,78.26,3534.05,Yes
C7004984,Male,0,No,No,37,Yes,Yes,Fiber optic,No,No,Yes,Yes,No,Yes,Two year,Yes,Credit card (automatic),87.82,3232.75,No
C7004985,Male,0,No,Yes,29,Yes,No,Fiber optic,Yes,No,No,No,No,Yes,Month-to-month,Yes,Mailed check,73.67,2129.59,Yes
C7004986,Female,0,No,No,12,Yes,Yes,Fiber optic,Yes,No,Yes,No,No,Yes,Month-to-month,Yes,Credit card (automatic),91.41,1112.33,No
C7004987,Male,0,No,No,53,Yes,Yes,No,No internet service,No internet service,No internet service,No internet service,No internet service,No internet service,Two year,No,Mailed check,31.56,1666.24,No
C7004988,Female,0,Yes,Yes,9,Yes,Yes,DSL,No,No,Yes,No,No,Yes,Month-to-month,Yes,Credit card (automatic),61.26,540.93,Yes
C7004989,Male,0,Yes,No,15,Yes,No,No,No internet service,No internet service,No internet service,No internet service,No internet service,No internet service,One year,No,Mailed check,26.47,386.55,No
C7004990,Male,0,Yes,No,71,No,No phone service,DSL,Yes,No,No,No,Yes,No,Month-to-month,No,Bank transfer (automatic),50.97,3605.66,No
C7004991,Female,0,No,No,6,No,No phone service,No,No internet service,No internet service,No internet service,No internet service,No internet service,No internet service,One year,Yes,Electronic check,18.0,123.86,No
C7004992,Female,1,Yes,No,69,Yes,Yes,Fiber optic,No,No,Yes,No,No,No,Two year,No,Credit card (automatic),83.89,5791.12,No
C7004993,Male,0,Yes,No,6,Yes,Yes,Fiber optic,No,No,Yes,Yes,No,No,Two year,No,Mailed check,79.59,473.25,Yes
C7004994,Female,0,No,No,35,No,No phone service,Fiber optic,Yes,No,Yes,No,Yes,Yes,Month-to-month,Yes,Electronic check,79.44,2777.83,Yes
C7004995,Male,0,Yes,No,42,Yes,Yes,Fiber optic,Yes,No,Yes,No,Yes,Yes,One year,Yes,Bank transfer (automatic),92.45,3893.47,No
C7004996,Male,0,No,Yes,8,Yes,Yes,DSL,No,No,Yes,No,Yes,No,One year,Yes,Bank transfer (automatic),66.52,524.51,No
C7004997,Male,0,Yes,No,64,No,No phone service,Fiber optic,Yes,Yes,No,No,No,No,Month-to-month,No,Bank transfer (automatic),73.68,4715.37,Yes
C7004998,Male,0,No,No,69,Yes,No,Fiber optic,No,No,No,No,Yes,No,Month-to-month,No,Electronic check,78.06,5372.04,No
C7004999,Female,1,Yes,Yes,16,No,No phone service,Fiber optic,Yes,No,No,No,Yes,No,Month-to-month,No,Electronic check,78.61,1281.19,No
C7005000,Male,0,No,No,16,Yes,No,Fiber optic,Yes,Yes,Yes,Yes,No,No,Month-to-month,No,Electronic check,89.74,1442.09,Yes
C7005001,Female,0,No,Yes,55,Yes,No,Fiber optic,No,Yes,No,No,Yes,No,Month-to-month,Yes,Mailed check,78.45,4295.28,No
C7005002,Female,0,Yes,No,27,Yes,Yes,No,No internet service,No internet service,No internet service,No internet service,No internet service,No internet service,One year,No,Mailed check,32.61,871.71,Yes
C7005003,Male,0,Yes,No,2,Yes,No,Fiber optic,Yes,Yes,Yes,Yes,Yes,No,Month-to-month,Yes,Credit card (automatic),98.25,186.72,No
C7005004,Male,0,No,No,54,No,No phone service,Fiber optic,No,No,Yes,No,No,Yes,Month-to-month,Yes,Credit card (automatic),71.25,3844.43,No
C7005005,Male,0,No,No,25,Yes,No,No,No internet service,No internet service,No internet service,No internet service,No internet service,No internet service,Month-to-month,Yes,Electronic check,27.89,724.67,No
C7005006,Female,0,Yes,Yes,29,No,No phone service,DSL,No,No,Yes,Yes,Yes,No,Month-to-month,No,Electronic check,58.51,1689.74,No
C7005007,Female,0,No,No,47,Yes,Yes,DSL,No,No,Yes,No,Yes,No,One year,Yes,Credit card (automatic),64.65,3035.59,No
C7005008,Female,0,Yes,Yes,42,No,No phone service,No,No internet service,No internet service,No internet service,No internet service,No internet service,No internet service,One year,No,Bank transfer (automatic),22.85,948.5,No
C7005009,Male,0,No,No,60,Yes,Yes,Fiber optic,Yes,No,No,No,Yes,Yes,Month-to-month,Yes,Bank transfer (automatic),87.58,5256.69,No
C7005010,Male,0,Yes,No,58,Yes,No,Fiber optic,Yes,No,No,Yes,No,Yes,Month-to-month,Yes,Credit card (automatic),88.27,5109.08,No
C7005011,Female,1,No,Yes,68,Yes,No,DSL,No,No,No,No,Yes,Yes,Two year,No,Credit card (automatic),56.28,3815.47,No
C7005012,Male,0,Yes,Yes,67,Yes,Yes,Fiber optic,No,Yes,No,No,Yes,No,One year,No,Mailed check,85.11,5694.7,No
C7005013,Female,0,Yes,Yes,46,Yes,Yes,No,No internet service,No internet service,No internet service,No internet service,No internet service,No internet service,One year,No,Electronic check,25.52,1174.9,Yes
C7005014,Male,1,Yes,No,40,No,No phone service,Fiber optic,No,No,No,No,No,No,Two year,No,Credit card (automatic),63.72,2545.78,No
C7005015,Male,0,Yes,Yes,33,No,No phone service,No,No internet service,No internet service,No internet service,No internet service,No internet service,No internet service,Two year,Yes,Credit card (automatic),23.08,760.5,No
C7005016,Female,0,No,No,48,Yes,No,DSL,No,No,No,Yes,Yes,Yes,Two year,Yes,Electronic check,59.44,2865.45,No
C7005017,Male,0,No,Yes,4,Yes,Yes,Fiber optic,No,No,No,Yes,No,Yes,Two year,Yes,Mailed check,80.09,301.25,No
C7005018,Female,0,Yes,Yes,29,Yes,No,DSL,No,No,Yes,No,Yes,Yes,One year,Yes,Electronic check,67.95,1972.65,No
C7005019,Male,0,Yes,No,20,Yes,Yes,Fiber optic,No,No,No,Yes,No,Yes,One year,No,Electronic check,83.4,1685.17,No
C7005020,Female,0,No,No,40,Yes,No,No,No internet service,No internet service,No internet service,No internet service,No internet service,No internet service,Two year,No,Bank transfer (automatic),24.13,981.48,No
C7005021,Female,0,No,Yes,67,Yes,No,DSL,Yes,Yes,No,Yes,No,Yes,Month-to-month,Yes,Electronic check,72.21,4840.2,No
C7005022,Female,0,No,Yes,35,Yes,Yes,Fiber optic,No,No,No,No,No,Yes,Month-to-month,No,Electronic check,82.02,2880.09,No
C7005023,Female,0,Yes,Yes,42,No,No phone service,DSL,Yes,Yes,No,No,Yes,No,Two year,No,Electronic check,56.13,2375.65,No
C7005024,Female,1,Yes,No,29,Yes,Yes,Fiber optic,No,Yes,No,Yes,Yes,Yes,Two year,Yes,Electronic check,94.74,2735.6,No
C7005025,Female,0,Yes,No,25,Yes,No,DSL,No,No,No,Yes,Yes,No,Two year,No,Electronic check,60.21,1499.34,No
C7005026,Male,0,No,No,49,Yes,No,Fiber optic,Yes,No,No,No,No,No,One year,No,Bank transfer (automatic),74.49,3640.93,No
C7005027,Male,0,No,No,18,No,No phone service,No,No internet service,No internet service,No internet service,No internet service,No internet service,No internet service,One year,Yes,Electronic check,18.0,320.34,No
C7005028,Female,0,Yes,No,64,Yes,No,DSL,No,No,Yes,No,Yes,Yes,Month-to-month,Yes,Credit card (automatic),66.05,4214.31,No
C7005029,Male,0,Yes,Yes,8,Yes,No,DSL,Yes,No,No,No,Yes,Yes,Month-to-month,Yes,Electronic check,63.23,498.96,No
C7005030,Male,0,No,Yes,16,Yes,Yes,DSL,No,No,Yes,Yes,No,Yes,Month-to-month,No,Credit card (automatic),70.37,1133.59,No
C7005031,Female,0,Yes,No,54,Yes,No,Fiber optic,Yes,No,No,Yes,Yes,No,Month-to-month,No,Credit card (automatic),84.84,4575.25,No
C7005032,Male,1,No,No,6,Yes,Yes,DSL,No,No,No,No,No,No,Month-to-month,Yes,Mailed check,56.23,339.3,No
C7005033,Female,0,Yes,Yes,30,Yes,No,No,No internet service,No internet service,No internet service,No internet service,No internet service,No internet service,Month-to-month,Yes,Mailed check,19.83,583.24,No
C7005034,Female,1,Yes,No,27,Yes,No,Fiber optic,No,Yes,Yes,Yes,No,Yes,Two year,No,Mailed check,90.5,2455.19,No
C7005035,Male,0,Yes,No,68,Yes,No,Fiber optic,No,No,No,No,No,No,Month-to-month,Yes,Mailed check,74.44,5038.61,Yes
C7005036,Female,0,No,No,11,Yes,No,DSL,No,No,Yes,Yes,Yes,No,One year,No,Electronic check,68.37,748.4,No
C7005037,Male,1,Yes,No,33,Yes,No,Fiber optic,Yes,Yes,Yes,Yes,Yes,Yes,Month-to-month,Yes,Bank transfer (automatic),98.1,3251.42,No
C7005038,Female,1,Yes,No,33,Yes,Yes,No,No internet service,No internet service,No internet service,No internet service,No internet service,No internet service,Month-to-month,Yes,Credit card (automatic),31.04,1019.23,Yes
C7005039,Female,0,No,No,59,Yes,No,Fiber optic,No,No,No,No,Yes,Yes,Month-to-month,No,Electronic check,78.52,4619.75,No
C7005040,Male,0,Yes,No,39,Yes,No,Fiber optic,No,Yes,Yes,No,No,Yes,Month-to-month,No,Mailed check,82.88,3248.9,No
C7005041,Male,1,Yes,No,9,Yes,No,Fiber optic,No,Yes,Yes,No,No,No,Month-to-month,Yes,Credit card (automatic),80.54,713.66,Yes
C7005042,Male,0,Yes,No,63,Yes,No,No,No internet service,No internet service,No internet service,No internet service,No internet service,No internet service,Month-to-month,Yes,Mailed check,24.28,1525.13,No
C7005043,Male,0,No,No,11,Yes,Yes,Fiber optic,Yes,No,No,No,No,Yes,Month-to-month,Yes,Mailed check,79.09,864.76,No
C7005044,Male,0,Yes,No,50,Yes,Yes,No,No internet service,No internet service,No internet service,No internet service,No internet service,No internet service,One year,No,Bank transfer (automatic),32.81,1633.16,No
C7005045,Female,0,No,No,19,No,No phone service,DSL,Yes,Yes,Yes,Yes,No,Yes,Two year,Yes,Mailed check,71.22,1369.92,No
C7005046,Male,0,No,Yes,8,Yes,No,Fiber optic,No,No,No,No,Yes,Yes,Two year,Yes,Bank transfer (automatic),82.54,637.63,Yes
C7005047,Female,0,No,No,13,Yes,No,Fiber optic,No,Yes,Yes,No,No,No,Month-to-month,Yes,Credit card (automatic),81.73,1052.19,Yes
C7005048,Male,0,Yes,No,68,Yes,Yes,Fiber optic,No,No,Yes,No,Yes,No,Month-to-month,No,Electronic check,88.38,6008.0,No
C7005049,Female,0,No,No,71,Yes,Yes,DSL,Yes,Yes,No,Yes,No,Yes,Month-to-month,Yes,Credit card (automatic),76.46,5436.28,Yes
C7005050,Male,0,No,No,43,Yes,Yes,Fiber optic,No,No,Yes,No,Yes,Yes,Month-to-month,No,Electronic check,86.67,3709.6,Yes
C7005051,Male,0,No,No,58,Yes,Yes,DSL,Yes,No,No,No,No,Yes,One year,Yes,Mailed check,61.58,3580.93,No
C7005052,Female,0,Yes,Yes,65,Yes,Yes,Fiber optic,No,Yes,No,No,Yes,No,Month-to-month,Yes,Credit card (automatic),83.67,5444.69,No
C7005053,Male,0,No,No,25,Yes,Yes,DSL,Yes,Yes,No,No,Yes,No,Month-to-month,Yes,Credit card (automatic),67.36,1663.76,No
C7005054,Female,0,No,Yes,55,Yes,Yes,Fiber optic,Yes,No,Yes,No,Yes,No,Month-to-month,No,Bank transfer (automatic),83.06,4559.31,No
C7005055,Male,1,No,Yes,37,Yes,Yes,Fiber optic,Yes,Yes,No,Yes,Yes,Yes,One year,No,Electronic check,96.87,3580.27,No
C7005056,Female,0,Yes,Yes,12,Yes,No,DSL,Yes,No,No,Yes,Yes,No,Two year,No,Bank transfer (automatic),68.36,837.12,No
C7005057,Female,0,No,No,38,Yes,No,Fiber optic,Yes,Yes,No,Yes,No,No,Two year,Yes,Bank transfer (automatic),81.75,3125.54,No
C7005058,Female,0,No,Yes,3,Yes,No,DSL,No,Yes,No,No,Yes,No,Month-to-month,Yes,Credit card (automatic),60.7,193.59,No
C7005059,Male,0,No,No,44,Yes,No,Fiber optic,No,No,No,No,Yes,Yes,Two year,Yes,Electronic check,77.44,3399.09,No
C7005060,Male,0,No,No,18,Yes,No,No,No internet service,No internet service,No internet service,No internet service,No internet service,No internet service,Month-to-month,Yes,Mailed check,25.05,454.56,Yes
C7005061,Male,0,No,No,7,Yes,No,No,No internet service,No internet service,No internet service,No internet service,No internet service,No internet service,One year,Yes,Mailed check,23.88,171.37,No
C7005062,Male,0,Yes,No,51,Yes,Yes,Fiber optic,No,No,No,No,No,No,Month-to-month,Yes,Bank transfer (automatic),72.67,3688.53,No
C7005063,Male,0,Yes,No,25,Yes,Yes,Fiber optic,No,No,Yes,No,No,No,Month-to-month,Yes,Electronic check,81.16,2026.34,Yes
C7005064,Female,0,Yes,Yes,32,Yes,Yes,Fiber optic,Yes,Yes,No,No,No,Yes,One year,No,Credit card (automatic),88.43,2852.44,No
C7005065,Female,0,No,No,6,Yes,No,Fiber optic,No,No,No,No,Yes,Yes,Two year,Yes,Mailed check,76.44,441.84,No
C7005066,Female,0,Yes,No,5,Yes,No,DSL,Yes,Yes,Yes,Yes,Yes,No,Two year,No,Electronic check,74.67,378.14,No
C7005067,Male,0,No,No,67,Yes,Yes,DSL,No,No,Yes,Yes,No,No,Two year,Yes,Electronic check,69.42,4651.51,No
C7005068,Male,0,No,Yes,43,Yes,No,No,No internet service,No internet service,No internet service,No internet service,No internet service,No internet service,Two year,No,Bank transfer (automatic),22.78,966.01,No
C7005069,Male,0,No,No,29,Yes,Yes,DSL,Yes,Yes,No,No,No,Yes,Month-to-month,No,Electronic check,69.68,2031.55,No
C7005070,Male,0,No,No,48,Yes,No,Fiber optic,Yes,No,No,Yes,No,No,Two year,Yes,Electronic check,82.21,3937.89,No
C7005071,Male,0,No,No,53,Yes,Yes,DSL,No,No,No,No,Yes,Yes,One year,Yes,Credit card (automatic),65.03,3464.72,No
C7005072,Male,0,Yes,Yes,8,Yes,No,DSL,No,Yes,Yes,No,No,No,Month-to-month,No,Electronic check,55.55,479.01,Yes
C7005073,Female,0,No,No,67,Yes,Yes,DSL,No,No,No,No,No,Yes,Month-to-month,Yes,Electronic check,56.28,3771.64,No
C7005074,Female,0,No,Yes,47,Yes,No,Fiber optic,No,No,Yes,No,No,No,One year,No,Electronic check,69.28,3283.43,No
C7005075,Male,0,No,No,22,Yes,Yes,Fiber optic,No,No,Yes,No,Yes,No,Month-to-month,Yes,Credit card (automatic),84.3,1856.45,Yes
C7005076,Male,0,Yes,Yes,19,Yes,No,No,No internet service,No internet service,No internet service,No internet service,No internet service,No internet service,Two year,No,Bank transfer (automatic),20.89,364.5,No
C7005077,Male,0,Yes,No,6,Yes,Yes,Fiber optic,No,No,Yes,No,Yes,No,Two year,No,Credit card (automatic),82.67,491.53,No
C7005078,Male,0,No,No,18,Yes,No,No,No internet service,No internet service,No internet service,No internet service,No internet service,No internet service,Two year,No,Credit card (automatic),25.73,462.27,No
C7005079,Female,0,No,No,24,Yes,Yes,Fiber optic,No,Yes,Yes,Yes,No,No,Month-to-month,No,Bank transfer (automatic),89.35,2170.79,Yes
C7005080,Male,1,No,No,15,Yes,Yes,DSL,Yes,Yes,No,Yes,Yes,No,Two year,Yes,Mailed check,69.8,1048.66,No
C7005081,Female,1,No,No,48,Yes,No,No,No internet service,No internet service,No internet service,No internet service,No internet service,No internet service,One year,No,Mailed check,24.46,1141.33,No
C7005082,Male,0,No,Yes,18,No,No phone service,Fiber optic,No,Yes,No,No,Yes,No,Month-to-month,Yes,Electronic check,74.65,1350.19,No
C7005083,Male,0,No,No,36,No,No phone service,Fiber optic,No,No,No,No,No,No,Month-to-month,Yes,Bank transfer (automatic),69.28,2495.61,Yes
C7005084,Female,0,No,No,40,Yes,Yes,DSL,Yes,Yes,Yes,No,Yes,Yes,Month-to-month,No,Electronic check,80.34,3210.88,No
C7005085,Male,0,No,No,5,Yes,No,Fiber optic,No,Yes,Yes,No,Yes,Yes,Month-to-month,No,Credit card (automatic),92.62,463.02,Yes
C7005086,Female,1,Yes,Yes,12,Yes,No,DSL,No,No,No,Yes,No,Yes,Two year,No,Credit card (automatic),65.56,804.0,No
C7005087,Male,0,Yes,No,5,Yes,Yes,DSL,No,No,Yes,Yes,Yes,No,Month-to-month,Yes,Bank transfer (automatic),73.61,370.44,Yes
C7005088,Female,0,No,No,50,Yes,Yes,Fiber optic,Yes,Yes,No,No,Yes,No,Two year,No,Bank transfer (automatic),86.62,4333.89,No
C7005089,Male,0,Yes,No,51,Yes,No,No,No internet service,No internet service,No internet service,No internet service,No internet service,No internet service,Month-to-month,No,Electronic check,24.31,1232.3,No
C7005090,Male,0,No,No,9,Yes,No,No,No internet service,No internet service,No internet service,No internet service,No internet service,No internet service,Two year,Yes,Mailed check,33.53,282.81,No
C7005091,Female,1,Yes,No,53,Yes,Yes,No,No internet service,No internet service,No internet service,No internet service,No internet service,No internet service,Month-to-month,Yes,Mailed check,27.39,1454.51,No
C7005092,Male,0,No,Yes,59,Yes,Yes,No,No internet service,No internet service,No internet service,No internet service,No internet service,No internet service,Month-to-month,No,Electronic check,29.75,1746.83,No
C7005093,Male,0,Yes,No,7,Yes,No,No,No internet service,No internet service,No internet service,No internet service,No internet service,No internet service,Month-to-month,No,Bank transfer (automatic),27.79,196.77,No
C7005094,Female,0,No,Yes,8,Yes,Yes,Fiber optic,Yes,No,Yes,No,No,No,Month-to-month,Yes,Electronic check,86.17,659.09,Yes
C7005095,Female,0,No,No,58,Yes,Yes,Fiber optic,No,Yes,Yes,No,No,Yes,Month-to-month,Yes,Electronic check,88.53,5136.34,Yes
C7005096,Female,0,Yes,Yes,22,Yes,Yes,DSL,No,Yes,Yes,No,Yes,Yes,Two year,No,Mailed check,77.87,1712.29,No
C7005097,Female,0,No,No,25,Yes,No,No,No internet service,No internet service,No internet service,No internet service,No internet service,No internet service,Month-to-month,No,Credit card (automatic),20.82,521.44,No
C7005098,Female,0,No,Yes,42,Yes,No,Fiber optic,Yes,No,Yes,No,No,Yes,Month-to-month,Yes,Credit card (automatic),83.76,3521.42,Yes
C7005099,Female,1,No,Yes,4,Yes,Yes,DSL,Yes,Yes,No,Yes,No,No,Two year,No,Bank transfer (automatic),71.36,292.64,No
C7005100,Female,0,No,No,31,Yes,Yes,Fiber optic,Yes,No,Yes,No,No,Yes,One year,Yes,Bank transfer (automatic),86.82,2699.8,No
C7005101,Male,0,No,Yes,24,No,No phone service,No,No internet service,No internet service,No internet service,No internet service,No internet service,No internet service,One year,No,Electronic check,23.89,570.53,No
C7005102,Male,0,No,Yes,60,Yes,Yes,Fiber optic,No,No,No,No,No,No,Month-to-month,No,Electronic check,77.01,4634.7,No
C7005103,Female,0,No,No,53,No,No phone service,DSL,No,Yes,Yes,No,No,Yes,Two year,Yes,Mailed check,63.83,3381.79,No
C7005104,Female,0,No,No,20,Yes,Yes,Fiber optic,Yes,Yes,Yes,No,Yes,Yes,One year,No,Credit card (automatic),105.88,2097.33,No
C7005105,Male,0,No,Yes,47,No,No phone service,Fiber optic,No,Yes,No,No,Yes,Yes,Month-to-month,Yes,Electronic check,80.8,3808.15,No
C7005106,Male,0,Yes,No,29,No,No phone service,Fiber optic,No,No,Yes,No,Yes,Yes,Two year,Yes,Credit card (automatic),75.84,2196.41,No
C7005107,Male,0,No,Yes,35,Yes,Yes,DSL,Yes,No,No,No,No,No,One year,No,Bank transfer (automatic),61.13,2133.99,Yes
C7005108,Female,1,No,No,53,Yes,Yes,Fiber optic,Yes,No,Yes,No,Yes,Yes,Month-to-month,No,Electronic check,95.91,5105.38,Yes
C7005109,Female,0,Yes,No,20,Yes,Yes,Fiber optic,No,Yes,No,No,No,No,Two year,Yes,Bank transfer (automatic),83.34,1663.51,No
C7005110,Male,0,Yes,No,42,Yes,No,DSL,Yes,No,No,Yes,Yes,Yes,Two year,No,Mailed check,67.66,2846.09,No
C7005111,Female,0,No,No,30,Yes,Yes,DSL,No,No,No,Yes,No,Yes,One year,Yes,Electronic check,61.12,1849.24,Yes
C7005112,Female,0,No,No,47,Yes,No,Fiber optic,No,Yes,Yes,Yes,Yes,No,Two year,Yes,Credit card (automatic),89.02,4176.03,No
C7005113,Female,1,Yes,No,27,Yes,Yes,Fiber optic,Yes,No,Yes,No,Yes,No,Two year,Yes,Credit card (automatic),94.27,2556.38,No
C7005114,Male,0,No,No,68,Yes,Yes,No,No internet service,No internet service,No internet service,No internet service,No internet service,No internet service,Two year,Yes,Credit card (automatic),30.78,2095.62,No
C7005115,Female,0,No,No,28,No,No phone service,No,No internet service,No internet service,No internet service,No internet service,No internet service,No internet service,Month-to-month,Yes,Bank transfer (automatic),19.35,561.41,No
C7005116,Female,1,Yes,No,7,Yes,Yes,Fiber optic,No,No,Yes,No,Yes,No,Month-to-month,Yes,Bank transfer (automatic),84.72,584.6,Yes
C7005117,Female,0,No,No,35,Yes,No,Fiber optic,No,No,Yes,Yes,No,No,Month-to-month,Yes,Bank transfer (automatic),80.07,2792.9,Yes
C7005118,Male,0,Yes,No,17,Yes,No,DSL,Yes,No,No,No,Yes,Yes,One year,Yes,Bank transfer (automatic),68.43,1167.65,No
C7005119,Female,0,No,Yes,33,Yes,No,Fiber optic,No,No,Yes,No,No,No,One year,Yes,Mailed check,75.65,2481.86,No
C7005120,Female,0,Yes,Yes,67,Yes,Yes,Fiber optic,No,Yes,Yes,Yes,No,No,Month-to-month,Yes,Bank transfer (automatic),95.57,6421.95,No
C7005121,Male,0,No,No,7,Yes,Yes,Fiber optic,No,No,Yes,Yes,No,No,Two year,Yes,Electronic check,85.04,591.05,No
C7005122,Male,0,Yes,Yes,3,No,No phone service,No,No internet service,No internet service,No internet service,No internet service,No internet service,No internet service,Two year,Yes,Electronic check,19.88,85.51,No
C7005123,Female,0,No,Yes,21,Yes,Yes,DSL,No,No,No,Yes,No,Yes,Month-to-month,No,Bank transfer (automatic),67.71,1406.98,No
C7005124,Female,1,No,No,31,Yes,No,Fiber optic,No,No,Yes,Yes,Yes,No,Month-to-month,Yes,Bank transfer (automatic),85.12,2654.39,No
C7005125,Male,0,Yes,No,9,Yes,No,Fiber optic,Yes,Yes,Yes,Yes,No,Yes,Month-to-month,Yes,Mailed check,102.62,919.85,No
C7005126,Male,0,No,Yes,50,Yes,Yes,Fiber optic,No,Yes,No,No,Yes,Yes,One year,Yes,Credit card (automatic),88.17,4399.5,No
C7005127,Male,0,No,No,43,Yes,No,DSL,No,Yes,No,Yes,No,Yes,Two year,Yes,Bank transfer (automatic),64.14,2764.69,No
C7005128,Female,1,No,Yes,51,Yes,Yes,Fiber optic,No,Yes,Yes,Yes,Yes,Yes,One year,No,Electronic check,94.85,4839.46,No
C7005129,Female,0,No,No,30,Yes,No,DSL,No,Yes,No,No,No,No,Month-to-month,Yes,Electronic check,58.9,1775.42,No
C7005130,Male,0,No,No,67,Yes,Yes,Fiber optic,No,Yes,No,No,No,No,Two year,No,Mailed check,85.66,5728.68,No
C7005131,Male,1,No,No,49,No,No phone service,No,No internet service,No internet service,No internet service,No internet service,No internet service,No internet service,Two year,No,Mailed check,21.11,1011.15,No
C7005132,Male,0,No,No,67,Yes,No,Fiber optic,Yes,Yes,No,No,Yes,Yes,Two year,No,Electronic check,94.46,6338.57,No
C7005133,Male,0,Yes,No,6,Yes,Yes,DSL,Yes,Yes,No,No,No,Yes,One year,No,Electronic check,65.7,384.15,No
C7005134,Female,1,Yes,No,48,No,No phone service,No,No internet service,No internet service,No internet service,No internet service,No internet service,No internet service,Month-to-month,No,Credit card (automatic),22.48,1079.82,No
C7005135,Male,0,Yes,No,25,Yes,Yes,DSL,Yes,No,Yes,No,No,Yes,One year,Yes,Electronic check,71.78,1803.72,No
C7005136,Male,0,Yes,No,14,Yes,No,DSL,No,Yes,No,Yes,No,Yes,One year,Yes,Credit card (automatic),71.03,996.77,No
C7005137,Male,0,No,No,13,Yes,No,No,No internet service,No internet service,No internet service,No internet service,No internet service,No internet service,Two year,No,Electronic check,27.03,348.41,No
C7005138,Male,0,Yes,No,14,No,No phone service,Fiber optic,No,No,Yes,Yes,Yes,No,Two year,Yes,Bank transfer (automatic),81.96,1139.09,No
C7005139,Female,1,No,No,6,Yes,No,DSL,No,No,Yes,Yes,Yes,No,Month-to-month,Yes,Bank transfer (automatic),64.14,401.24,Yes
C7005140,Female,0,Yes,Yes,33,No,No phone service,Fiber optic,No,Yes,Yes,No,Yes,No,One year,Yes,Electronic check,83.03,2751.52,No
C7005141,Female,0,Yes,No,56,Yes,Yes,Fiber optic,No,Yes,Yes,No,Yes,Yes,Month-to-month,Yes,Bank transfer (automatic),91.1,5118.88,Yes
C7005142,Male,0,No,No,33,Yes,No,No,No internet service,No internet service,No internet service,No internet service,No internet service,No internet service,Month-to-month,No,Mailed check,23.95,773.68,No
C7005143,Female,0,Yes,No,9,Yes,Yes,Fiber optic,No,No,No,Yes,No,No,Two year,No,Credit card (automatic),79.34,704.32,No
C7005144,Male,0,No,No,51,Yes,Yes,Fiber optic,Yes,No,No,Yes,Yes,No,Month-to-month,Yes,Mailed check,84.31,4294.03,No
C7005145,Female,0,No,No,12,Yes,No,DSL,Yes,No,No,No,No,Yes,Month-to-month,No,Mailed check,61.95,748.56,No
C7005146,Female,0,No,No,63,Yes,No,DSL,Yes,No,Yes,No,Yes,No,Month-to-month,Yes,Electronic check,60.42,3831.65,No
C7005147,Male,0,No,No,26,Yes,No,DSL,Yes,No,Yes,No,No,Yes,Month-to-month,Yes,Electronic check,68.47,1781.07,Yes
C7005148,Female,0,No,No,0,Yes,Yes,Fiber optic,No,No,Yes,No,Yes,Yes,Two year,Yes,Mailed check,87.04,0.0,No
C7005149,Male,0,Yes,No,21,Yes,Yes,Fiber optic,No,Yes,No,Yes,No,No,One year,Yes,Mailed check,84.82,1784.96,No
C7005150,Female,0,No,Yes,60,Yes,Yes,DSL,No,Yes,Yes,No,No,No,One year,Yes,Bank transfer (automatic),67.47,4027.73,No
C7005151,Male,0,Yes,No,67,Yes,No,DSL,No,No,Yes,Yes,Yes,Yes,One year,No,Mailed check,76.56,5097.84,No
C7005152,Male,0,Yes,Yes,30,Yes,Yes,Fiber optic,No,Yes,Yes,Yes,Yes,No,Month-to-month,Yes,Electronic check,93.47,2786.32,No
C7005153,Male,0,No,No,72,Yes,Yes,DSL,No,Yes,No,Yes,No,No,Month-to-month,Yes,Mailed check,63.08,4535.51,No
C7005154,Male,0,No,No,16,No,No phone service,No,No internet service,No internet service,No internet service,No internet service,No internet service,No internet service,One year,Yes,Mailed check,23.33,379.71,No
C7005155,Male,0,No,Yes,30,Yes,No,No,No internet service,No internet service,No internet service,No internet service,No internet service,No internet service,Two year,No,Mailed check,25.77,789.84,No
C7005156,Male,0,No,Yes,33,Yes,Yes,Fiber optic,No,No,No,No,No,No,Month-to-month,Yes,Electronic check,76.9,2557.59,No
C7005157,Female,1,No,No,14,Yes,No,No,No internet service,No internet service,No internet service,No internet service,No internet service,No internet service,Month-to-month,No,Mailed check,26.24,380.88,Yes
C7005158,Male,0,No,Yes,27,Yes,Yes,Fiber optic,Yes,No,No,No,No,Yes,Month-to-month,No,Electronic check,84.92,2273.22,No
C7005159,Male,0,Yes,No,36,Yes,No,Fiber optic,No,Yes,Yes,No,Yes,Yes,Two year,Yes,Bank transfer (automatic),89.45,3216.94,No
C7005160,Female,1,Yes,Yes,51,Yes,Yes,Fiber optic,Yes,No,No,Yes,Yes,Yes,Month-to-month,Yes,Bank transfer (automatic),100.13,5127.88,No
C7005161,Female,0,No,No,36,Yes,Yes,DSL,Yes,No,No,Yes,Yes,Yes,Two year,No,Bank transfer (automatic),71.13,2539.63,No
C7005162,Male,0,No,Yes,7,Yes,No,DSL,Yes,Yes,Yes,Yes,Yes,Yes,Two year,Yes,Electronic check,75.76,530.45,No
C7005163,Male,0,Yes,Yes,34,Yes,No,Fiber optic,Yes,No,Yes,No,Yes,No,Two year,No,Electronic check,82.28,2797.87,No
C7005164,Female,0,Yes,Yes,61,Yes,Yes,DSL,Yes,No,Yes,No,No,No,Two year,No,Electronic check,70.26,4297.82,No
C7005165,Female,0,Yes,No,1,Yes,No,No,No internet service,No internet service,No internet service,No internet service,No internet service,No internet service,Month-to-month,Yes,Mailed check,31.25,0.0,Yes
C7005166,Male,0,No,No,72,Yes,Yes,DSL,No,No,Yes,No,No,Yes,Month-to-month,No,Electronic check,67.85,4894.27,No
C7005167,Female,0,Yes,No,9,Yes,Yes,Fiber optic,No,Yes,No,Yes,Yes,No,One year,Yes,Bank transfer (automatic),84.53,742.51,Yes
C7005168,Male,0,Yes,No,0,Yes,Yes,Fiber optic,Yes,Yes,No,No,No,Yes,Month-to-month,Yes,Electronic check,92.11,0.0,No
C7005169,Male,0,Yes,Yes,10,Yes,No,DSL,Yes,No,Yes,No,Yes,No,One year,Yes,Credit card (automatic),64.87,629.8,No
C7005170,Female,1,Yes,Yes,18,No,No phone service,DSL,No,No,Yes,No,Yes,Yes,Month-to-month,Yes,Electronic check,57.3,1033.06,Yes
C7005171,Female,0,No,No,25,Yes,No,Fiber optic,No,Yes,Yes,No,Yes,Yes,Two year,Yes,Electronic check,94.48,2332.55,Yes
C7005172,Female,0,No,Yes,60,Yes,No,DSL,No,No,No,Yes,Yes,No,Month-to-month,Yes,Electronic check,64.35,3845.49,Yes
C7005173,Male,0,Yes,Yes,42,Yes,No,DSL,No,No,No,No,No,No,One year,No,Bank transfer (automatic),48.21,2031.93,No
C7005174,Male,0,No,No,46,Yes,Yes,DSL,Yes,Yes,No,No,No,No,One year,Yes,Electronic check,68.19,3126.54,No
C7005175,Male,1,No,Yes,64,Yes,Yes,Fiber optic,Yes,Yes,Yes,No,No,No,Two year,Yes,Credit card (automatic),88.39,5665.92,No
C7005176,Male,0,No,No,9,Yes,Yes,No,No internet service,No internet service,No internet service,No internet service,No internet service,No internet service,Two year,No,Mailed check,30.41,278.22,No
C7005177,Male,0,Yes,No,16,Yes,No,No,No internet service,No internet service,No internet service,No internet service,No internet service,No internet service,Two year,Yes,Mailed check,21.08,334.87,No
C7005178,Male,0,Yes,No,70,Yes,No,Fiber optic,No,No,Yes,Yes,No,Yes,Month-to-month,No,Electronic check,82.82,5764.89,Yes
C7005179,Female,0,No,No,56,Yes,Yes,Fiber optic,Yes,Yes,No,No,No,No,Month-to-month,No,Credit card (automatic),80.83,4528.82,No
C7005180,Female,0,No,No,4,Yes,Yes,No,No internet service,No internet service,No internet service,No internet service,No internet service,No internet service,Month-to-month,Yes,Credit card (automatic),28.78,125.61,No
C7005181,Male,0,Yes,No,16,Yes,No,Fiber optic,No,No,Yes,No,No,No,Month-to-month,Yes,Electronic check,69.9,1125.94,Yes
C7005182,Male,0,No,Yes,27,Yes,Yes,No,No internet service,No internet service,No internet service,No internet service,No internet service,No internet service,Two year,No,Mailed check,38.21,1018.84,No
C7005183,Female,0,Yes,No,2,Yes,No,Fiber optic,Yes,Yes,Yes,Yes,No,Yes,Month-to-month,Yes,Electronic check,93.38,190.16,Yes
C7005184,Male,0,Yes,Yes,42,Yes,Yes,DSL,Yes,Yes,Yes,No,No,Yes,One year,No,Bank transfer (automatic),76.16,3195.64,No
C7005185,Female,1,Yes,No,47,Yes,Yes,Fiber optic,No,No,No,Yes,Yes,No,Month-to-month,Yes,Electronic check,86.76,4079.73,Yes
C7005186,Male,0,No,No,24,Yes,Yes,No,No internet service,No internet service,No internet service,No internet service,No internet service,No internet service,Two year,Yes,Electronic check,25.36,626.7,No
C7005187,Female,0,Yes,No,15,No,No phone service,DSL,No,No,No,Yes,No,No,Two year,No,Mailed check,51.67,779.09,No
C7005188,Female,1,Yes,Yes,31,Yes,Yes,DSL,Yes,No,Yes,Yes,No,No,One year,Yes,Electronic check,67.95,2098.45,No
C7005189,Female,0,Yes,Yes,67,Yes,Yes,DSL,Yes,Yes,No,Yes,No,Yes,Two year,Yes,Mailed check,75.75,5083.09,No
C7005190,Female,0,Yes,Yes,52,Yes,Yes,DSL,No,Yes,Yes,No,Yes,No,Two year,Yes,Mailed check,69.94,3638.13,No
C7005191,Female,1,Yes,No,68,No,No phone service,DSL,No,Yes,No,No,No,No,Month-to-month,Yes,Mailed check,49.2,3360.41,No
C7005192,Male,1,No,No,40,Yes,No,Fiber optic,No,No,Yes,No,No,No,Two year,No,Credit card (automatic),72.76,2893.6,No
C7005193,Female,0,No,No,7,Yes,No,Fiber optic,No,No,No,No,No,No,Month-to-month,Yes,Electronic check,73.93,499.75,No
C7005194,Female,0,Yes,Yes,4,Yes,No,DSL,Yes,No,No,No,No,Yes,Month-to-month,Yes,Bank transfer (automatic),64.48,254.14,Yes
C7005195,Female,1,Yes,No,14,Yes,Yes,No,No internet service,No internet service,No internet service,No internet service,No internet service,No internet service,Two year,No,Electronic check,31.93,420.86,No
C7005196,Male,0,No,No,38,Yes,Yes,No,No internet service,No internet service,No internet service,No internet service,No internet service,No internet service,Month-to-month,No,Mailed check,31.2,1179.1,No
C7005197,Male,0,Yes,Yes,15,Yes,Yes,Fiber optic,Yes,No,Yes,Yes,No,Yes,One year,No,Mailed check,92.31,1387.35,No
C7005198,Female,0,Yes,No,23,Yes,Yes,No,No internet service,No internet service,No internet service,No internet service,No internet service,No internet service,Two year,Yes,Mailed check,31.48,740.3,No
C7005199,Female,0,No,No,66,Yes,No,Fiber optic,Yes,Yes,Yes,Yes,No,No,Two year,No,Mailed check,88.82,5856.41,No
C7005200,Male,0,No,No,3,Yes,No,DSL,No,No,Yes,Yes,No,No,Two year,Yes,Credit card (automatic),54.71,176.9,No
C7005201,Male,1,Yes,No,5,Yes,No,DSL,No,Yes,No,No,Yes,No,Two year,No,Mailed check,58.5,295.54,No
C7005202,Male,0,Yes,No,28,Yes,No,Fiber optic,Yes,Yes,No,No,No,No,Month-to-month,No,Mailed check,79.56,2225.47,Yes
C7005203,Male,0,Yes,No,54,Yes,No,No,No internet service,No internet service,No internet service,No internet service,No internet service,No internet service,Two year,No,Bank transfer (automatic),27.92,1492.74,No
C7005204,Male,0,Yes,No,60,Yes,No,DSL,Yes,No,No,No,No,No,Month-to-month,No,Bank transfer (automatic),55.65,3329.98,No
C7005205,Male,0,No,No,21,No,No phone service,Fiber optic,No,Yes,No,Yes,No,Yes,Month-to-month,No,Credit card (automatic),79.64,1664.09,Yes
C7005206,Male,0,No,No,21,Yes,Yes,No,No internet service,No internet service,No internet service,No internet service,No internet service,No internet service,Month-to-month,Yes,Credit card (automatic),29.71,618.97,No
C7005207,Female,0,Yes,No,42,Yes,No,No,No internet service,No internet service,No internet service,No internet service,No internet service,No internet service,One year,No,Credit card (automatic),27.88,1162.7,No
C7005208,Male,0,Yes,No,63,Yes,No,No,No internet service,No internet service,No internet service,No internet service,No internet service,No internet service,Month-to-month,Yes,Credit card (automatic),22.02,1399.72,No
C7005209,Male,0,Yes,No,12,Yes,No,DSL,No,No,Yes,Yes,Yes,No,Month-to-month,Yes,Electronic check,65.46,783.15,No
C7005210,Male,0,Yes,No,65,Yes,No,DSL,No,No,Yes,No,No,Yes,Month-to-month,No,Electronic check,63.47,4149.79,No
C7005211,Male,0,No,No,58,Yes,No,DSL,No,Yes,Yes,No,Yes,No,Month-to-month,No,Electronic check,65.37,3777.64,Yes
C7005212,Female,1,Yes,No,19,Yes,Yes,DSL,Yes,No,No,Yes,Yes,Yes,Month-to-month,No,Bank transfer (automatic),74.49,1427.0,No
C7005213,Female,0,No,No,48,Yes,No,No,No internet service,No internet service,No internet service,No internet service,No internet service,No internet service,Month-to-month,Yes,Credit card (automatic),24.47,1157.21,No
C7005214,Male,0,No,No,45,Yes,Yes,Fiber optic,No,Yes,Yes,No,Yes,Yes,Month-to-month,No,Mailed check,89.39,4018.52,No
C7005215,Male,0,No,No,1,Yes,Yes,No,No internet service,No internet service,No internet service,No internet service,No internet service,No internet service,Month-to-month,No,Mailed check,30.59,26.7,No
C7005216,Male,0,No,No,29,Yes,Yes,Fiber optic,No,Yes,Yes,Yes,No,Yes,Month-to-month,Yes,Electronic check,91.31,2644.54,Yes
C7005217,Male,0,No,No,17,Yes,No,Fiber optic,No,Yes,Yes,Yes,Yes,No,Month-to-month,Yes,Mailed check,90.3,1550.87,Yes
C7005218,Male,0,No,Yes,4,Yes,Yes,DSL,No,No,No,Yes,Yes,Yes,Two year,Yes,Electronic check,68.29,274.31,No
C7005219,Male,0,Yes,Yes,34,Yes,Yes,Fiber optic,No,Yes,Yes,Yes,No,No,Month-to-month,Yes,Mailed check,95.92,3286.04,No
C7005220,Male,0,Yes,Yes,51,Yes,No,No,No internet service,No internet service,No internet service,No internet service,No internet service,No internet service,Month-to-month,No,Credit card (automatic),24.09,1247.12,No
C7005221,Female,0,Yes,Yes,38,Yes,No,Fiber optic,No,No,Yes,No,Yes,Yes,Month-to-month,No,Mailed check,78.41,2978.06,No
C7005222,Male,0,No,No,6,Yes,Yes,No,No internet service,No internet service,No internet service,No internet service,No internet service,No internet service,Month-to-month,Yes,Mailed check,29.8,193.29,No
C7005223,Male,0,No,Yes,60,Yes,No,No,No internet service,No internet service,No internet service,No internet service,No internet service,No internet service,Month-to-month,Yes,Bank transfer (automatic),20.81,1230.35,Yes
C7005224,Male,0,Yes,No,5,Yes,No,DSL,Yes,No,No,No,Yes,Yes,Two year,Yes,Credit card (automatic),66.26,329.87,No
C7005225,Male,0,No,No,28,Yes,No,DSL,No,Yes,Yes,Yes,No,No,Month-to-month,Yes,Credit card (automatic),67.72,1893.41,No
C7005226,Male,0,No,No,41,Yes,No,Fiber optic,Yes,Yes,Yes,No,Yes,No,Two year,No,Electronic check,87.14,3578.78,No
C7005227,Male,1,No,No,67,Yes,No,Fiber optic,Yes,No,Yes,No,No,Yes,One year,No,Electronic check,85.97,5768.63,No
C7005228,Male,0,Yes,No,55,Yes,No,DSL,No,No,No,Yes,Yes,Yes,Month-to-month,Yes,Bank transfer (automatic),65.75,3603.3,Yes
C7005229,Male,0,Yes,No,14,No,No phone service,DSL,No,No,Yes,No,Yes,No,Two year,Yes,Mailed check,51.86,731.58,No
C7005230,Female,0,No,No,31,Yes,Yes,No,No internet service,No internet service,No internet service,No internet service,No internet service,No internet service,Month-to-month,No,Electronic check,28.54,902.91,No
C7005231,Female,0,Yes,No,62,Yes,Yes,No,No internet service,No internet service,No internet service,No internet service,No internet service,No internet service,Two year,No,Credit card (automatic),34.2,2130.4,No
C7005232,Male,0,No,No,18,Yes,No,DSL,No,No,No,Yes,Yes,No,Month-to-month,No,Bank transfer (automatic),59.5,1076.21,No
C7005233,Male,1,Yes,No,66,Yes,No,Fiber optic,Yes,Yes,Yes,No,No,Yes,Two year,Yes,Electronic check,89.01,5887.11,No
C7005234,Female,0,Yes,No,38,Yes,Yes,DSL,Yes,No,No,No,Yes,No,Two year,Yes,Bank transfer (automatic),65.5,2455.26,No
C7005235,Female,0,Yes,No,45,Yes,No,DSL,No,No,Yes,No,Yes,No,Month-to-month,Yes,Bank transfer (automatic),59.07,2631.11,No
C7005236,Male,0,No,No,48,Yes,Yes,DSL,No,No,No,Yes,No,No,Month-to-month,Yes,Electronic check,59.53,2880.67,No
C7005237,Male,0,Yes,No,70,Yes,No,DSL,No,Yes,No,No,No,No,Two year,Yes,Mailed check,56.42,3957.94,No
C7005238,Male,1,No,No,50,Yes,No,No,No internet service,No internet service,No internet service,No internet service,No internet service,No internet service,One year,Yes,Mailed check,25.48,1277.82,No
C7005239,Female,1,Yes,Yes,29,Yes,No,DSL,No,Yes,No,No,Yes,No,Month-to-month,Yes,Electronic check,67.99,1973.17,Yes
C7005240,Male,0,No,Yes,43,No,No phone service,Fiber optic,Yes,Yes,Yes,No,No,Yes,Two year,Yes,Mailed check,89.93,3866.07,No
C7005241,Male,0,Yes,No,51,Yes,No,No,No internet service,No internet service,No internet service,No internet service,No internet service,No internet service,One year,No,Bank transfer (automatic),25.17,1289.44,No
C7005242,Male,0,Yes,Yes,43,Yes,No,DSL,No,Yes,No,No,Yes,Yes,Two year,No,Mailed check,65.89,2836.92,No
C7005243,Male,0,No,No,0,No,No phone service,Fiber optic,Yes,No,No,Yes,No,Yes,Month-to-month,No,Mailed check,76.74,0.0,Yes
C7005244,Male,0,No,No,65,Yes,No,Fiber optic,No,No,No,No,No,Yes,Month-to-month,Yes,Bank transfer (automatic),73.18,4759.75,No
C7005245,Female,1,No,No,20,Yes,No,DSL,No,No,No,No,No,Yes,Month-to-month,No,Credit card (automatic),54.97,1102.15,No
C7005246,Female,0,No,No,47,Yes,Yes,DSL,No,Yes,Yes,No,Yes,No,One year,No,Electronic check,73.12,3427.77,No
C7005247,Male,0,Yes,No,41,Yes,Yes,No,No internet service,No internet service,No internet service,No internet service,No internet service,No internet service,Two year,No,Mailed check,31.09,1290.06,No
C7005248,Male,0,No,No,8,Yes,Yes,Fiber optic,Yes,No,No,Yes,Yes,Yes,Two year,Yes,Mailed check,95.76,757.15,No
C7005249,Female,0,Yes,No,63,Yes,No,DSL,No,Yes,Yes,No,Yes,No,Month-to-month,No,Bank transfer (automatic),63.91,4015.77,No
C7005250,Male,0,No,No,6,Yes,Yes,Fiber optic,No,No,No,Yes,No,No,Two year,Yes,Credit card (automatic),76.28,451.06,No
C7005251,Male,0,No,No,69,Yes,No,No,No internet service,No internet service,No internet service,No internet service,No internet service,No internet service,Month-to-month,Yes,Mailed check,22.94,1562.18,No
C7005252,Male,0,No,Yes,67,Yes,Yes,Fiber optic,Yes,Yes,No,No,Yes,Yes,One year,Yes,Electronic check,93.36,6252.94,No
C7005253,Female,1,No,No,42,Yes,No,No,No internet service,No internet service,No internet service,No internet service,No internet service,No internet service,Month-to-month,Yes,Mailed check,26.79,1119.02,No
C7005254,Female,0,No,No,69,Yes,No,Fiber optic,No,No,No,No,Yes,Yes,One year,Yes,Bank transfer (automatic),84.67,5850.68,Yes
C7005255,Female,0,No,No,62,Yes,Yes,DSL,No,No,No,No,Yes,Yes,One year,Yes,Bank transfer (automatic),62.45,3870.23,No
C7005256,Female,0,Yes,No,65,Yes,Yes,DSL,No,No,No,Yes,Yes,No,Two year,Yes,Mailed check,65.45,4230.77,No
C7005257,Male,0,No,No,58,Yes,No,Fiber optic,No,No,No,No,No,Yes,Month-to-month,Yes,Bank transfer (automatic),80.26,4648.53,No
C7005258,Male,0,No,No,67,Yes,No,Fiber optic,No,Yes,No,No,No,Yes,Month-to-month,No,Mailed check,79.49,5305.68,Yes
C7005259,Male,1,Yes,No,56,Yes,Yes,Fiber optic,Yes,No,No,Yes,Yes,Yes,Month-to-month,No,Bank transfer (automatic),97.61,5480.07,No
C7005260,Female,0,No,No,64,Yes,Yes,Fiber optic,No,No,No,No,No,Yes,Two year,No,Electronic check,76.04,4881.18,No
C7005261,Female,0,Yes,No,8,Yes,No,DSL,No,No,Yes,Yes,No,Yes,Two year,No,Electronic check,71.13,574.25,No
C7005262,Male,0,No,No,31,Yes,Yes,No,No internet service,No internet service,No internet service,No internet service,No internet service,No internet service,Two year,No,Mailed check,28.05,879.38,No
C7005263,Female,0,No,No,34,Yes,Yes,Fiber optic,No,No,No,Yes,No,No,Month-to-month,Yes,Credit card (automatic),77.6,2639.56,No
C7005264,Male,0,Yes,No,66,Yes,No,Fiber optic,No,Yes,Yes,No,Yes,Yes,Month-to-month,Yes,Credit card (automatic),95.4,6300.1,No
C7005265,Male,0,Yes,No,35,Yes,No,Fiber optic,No,No,No,Yes,Yes,No,Month-to-month,Yes,Bank transfer (automatic),82.83,2890.13,No
C7005266,Male,0,No,No,32,Yes,Yes,Fiber optic,No,No,No,No,Yes,Yes,Two year,Yes,Bank transfer (automatic),82.58,2637.32,No
C7005267,Female,1,Yes,No,57,Yes,No,No,No internet service,No internet service,No internet service,No internet service,No internet service,No internet service,Month-to-month,No,Mailed check,26.36,1512.95,No
C7005268,Female,0,No,No,47,Yes,No,DSL,No,Yes,No,No,Yes,Yes,Two year,Yes,Bank transfer (automatic),66.73,3123.49,No
C7005269,Male,0,Yes,No,42,Yes,Yes,Fiber optic,No,Yes,No,No,No,Yes,One year,Yes,Credit card (automatic),81.44,3422.41,No
C7005270,Female,0,Yes,No,66,Yes,Yes,Fiber optic,No,No,No,No,No,No,One year,Yes,Mailed check,71.74,4726.03,No
C7005271,Female,0,Yes,No,59,Yes,No,No,No internet service,No internet service,No internet service,No internet service,No internet service,No internet service,One year,No,Electronic check,27.88,1635.5,No
C7005272,Female,0,No,No,51,Yes,No,Fiber optic,No,Yes,No,No,No,No,Month-to-month,No,Credit card (automatic),76.99,3941.81,No
C7005273,Female,1,No,No,69,Yes,No,DSL,No,No,No,Yes,No,No,Month-to-month,No,Electronic check,51.61,3568.36,No
C7005274,Male,0,No,No,3,Yes,Yes,Fiber optic,No,Yes,No,No,No,No,One year,No,Bank transfer (automatic),79.69,242.73,Yes
C7005275,Female,0,No,No,40,Yes,Yes,Fiber optic,No,Yes,No,No,No,No,Two year,No,Credit card (automatic),82.2,3274.16,No
C7005276,Female,1,No,No,2,Yes,No,DSL,Yes,Yes,No,No,Yes,Yes,Month-to-month,Yes,Credit card (automatic),70.48,140.98,Yes
C7005277,Female,0,Yes,No,57,Yes,Yes,Fiber optic,No,No,No,No,No,No,Month-to-month,No,Bank transfer (automatic),74.07,4217.58,Yes
C7005278,Male,0,Yes,No,9,Yes,No,Fiber optic,Yes,No,Yes,Yes,Yes,No,Month-to-month,Yes,Electronic check,87.73,772.39,Yes
C7005279,Female,0,No,No,40,Yes,Yes,DSL,No,No,No,No,No,Yes,One year,No,Credit card (automatic),61.54,2469.02,No
C7005280,Female,0,Yes,No,57,Yes,Yes,DSL,Yes,No,Yes,Yes,Yes,Yes,Two year,Yes,Mailed check,79.76,4552.69,No
C7005281,Male,0,No,No,45,Yes,Yes,Fiber optic,No,No,Yes,No,Yes,No,Month-to-month,No,Credit card (automatic),84.67,3782.05,No
C7005282,Female,0,No,Yes,4,Yes,No,DSL,No,No,Yes,Yes,Yes,No,Month-to-month,Yes,Electronic check,65.33,258.59,No
C7005283,Male,0,No,No,34,Yes,Yes,DSL,No,No,No,No,Yes,Yes,Month-to-month,No,Bank transfer (automatic),67.73,2326.13,No
C7005284,Male,0,No,No,56,Yes,Yes,Fiber optic,No,No,No,No,No,No,Month-to-month,No,Bank transfer (automatic),69.06,3870.51,No
C7005285,Male,0,No,No,70,Yes,No,DSL,Yes,No,No,No,Yes,Yes,Month-to-month,No,Electronic check,63.47,4466.15,No
C7005286,Female,0,No,No,65,Yes,No,DSL,No,No,Yes,No,No,Yes,One year,Yes,Credit card (automatic),61.0,3969.85,No
C7005287,Female,0,No,No,59,Yes,No,No,No internet service,No internet service,No internet service,No internet service,No internet service,No internet service,One year,Yes,Mailed check,25.6,1517.95,No
C7005288,Male,0,Yes,Yes,22,Yes,Yes,Fiber optic,No,Yes,Yes,No,No,No,Month-to-month,No,Electronic check,90.89,1996.73,No
C7005289,Female,0,No,No,54,Yes,Yes,DSL,Yes,No,No,No,Yes,Yes,Month-to-month,Yes,Credit card (automatic),71.01,3822.47,No
C7005290,Male,0,Yes,Yes,12,Yes,No,DSL,No,No,Yes,No,Yes,Yes,One year,Yes,Bank transfer (automatic),68.78,812.39,No
C7005291,Male,0,No,Yes,24,Yes,No,DSL,Yes,No,No,Yes,Yes,No,Two year,No,Electronic check,67.53,1635.63,No
C7005292,Female,0,No,No,20,Yes,No,Fiber optic,Yes,Yes,Yes,No,No,No,Month-to-month,No,Bank transfer (automatic),88.4,1764.81,Yes
C7005293,Female,0,No,No,35,No,No phone service,Fiber optic,No,No,No,No,Yes,No,Two year,Yes,Electronic check,69.43,2422.99,Yes
C7005294,Female,0,Yes,Yes,63,Yes,No,DSL,Yes,Yes,No,No,Yes,Yes,Month-to-month,Yes,Electronic check,66.67,4225.55,No
C7005295,Female,0,No,No,62,Yes,No,No,No internet service,No internet service,No internet service,No internet service,No internet service,No internet service,Month-to-month,No,Mailed check,30.88,1943.38,No
C7005296,Female,0,Yes,No,65,Yes,Yes,Fiber optic,Yes,No,No,No,No,No,Two year,No,Bank transfer (automatic),80.25,5219.07,No
C7005297,Male,0,No,No,68,Yes,Yes,No,No internet service,No internet service,No internet service,No internet service,No internet service,No internet service,Two year,No,Bank transfer (automatic),29.51,1983.44,No
C7005298,Male,1,Yes,No,2,Yes,Yes,Fiber optic,No,No,No,Yes,No,Yes,Two year,Yes,Credit card (automatic),81.88,162.28,No
C7005299,Male,0,No,No,72,Yes,Yes,No,No internet service,No internet service,No internet service,No internet service,No internet service,No internet service,Month-to-month,No,Credit card (automatic),32.02,2291.45,No
C7005300,Female,1,No,No,64,Yes,No,Fiber optic,Yes,No,Yes,No,No,Yes,Month-to-month,No,Credit card (automatic),76.83,4900.6,No
C7005301,Female,0,Yes,No,53,Yes,Yes,DSL,No,Yes,No,Yes,No,No,Month-to-month,Yes,Credit card (automatic),60.25,3211.99,No
C7005302,Female,0,Yes,No,5,No,No phone service,DSL,No,No,Yes,Yes,No,No,Month-to-month,No,Mailed check,49.89,232.4,No
C7005303,Male,0,Yes,No,53,Yes,Yes,DSL,No,Yes,No,No,No,Yes,Month-to-month,Yes,Mailed check,61.44,3246.88,Yes
C7005304,Male,0,Yes,No,49,Yes,Yes,No,No internet service,No internet service,No internet service,No internet service,No internet service,No internet service,Two year,Yes,Electronic check,29.01,1418.81,No
C7005305,Female,1,Yes,No,6,Yes,No,Fiber optic,No,Yes,Yes,Yes,Yes,Yes,Month-to-month,No,Mailed check,97.04,566.46,No
C7005306,Female,0,Yes,No,14,Yes,Yes,DSL,No,Yes,No,No,No,No,Two year,No,Mailed check,59.26,821.48,No
C7005307,Male,1,Yes,Yes,54,Yes,No,DSL,Yes,Yes,No,Yes,Yes,Yes,Month-to-month,No,Credit card (automatic),77.88,4190.3,No
C7005308,Male,0,Yes,No,12,Yes,No,Fiber optic,No,Yes,No,No,Yes,Yes,Two year,Yes,Electronic check,91.73,1083.26,No
C7005309,Male,0,No,No,25,Yes,Yes,Fiber optic,No,No,No,No,Yes,Yes,Month-to-month,Yes,Mailed check,85.75,2142.01,Yes
C7005310,Male,0,Yes,Yes,44,Yes,No,Fiber optic,No,Yes,No,No,Yes,No,Month-to-month,No,Credit card (automatic),83.13,3657.08,No
C7005311,Male,0,Yes,Yes,63,Yes,No,No,No internet service,No internet service,No internet service,No internet service,No internet service,No internet service,Month-to-month,No,Bank transfer (automatic),27.44,1709.65,No
C7005312,Male,0,No,No,20,Yes,No,Fiber optic,No,Yes,No,No,Yes,No,Two year,No,Credit card (automatic),81.25,1606.84,No
C7005313,Female,1,Yes,No,0,Yes,Yes,DSL,No,Yes,No,No,Yes,No,One year,No,Credit card (automatic),61.15,0.0,No
C7005314,Male,0,No,Yes,62,Yes,Yes,Fiber optic,No,Yes,No,Yes,No,Yes,Two year,No,Bank transfer (automatic),90.02,5563.12,No
C7005315,Male,1,No,No,68,Yes,Yes,Fiber optic,No,No,No,No,No,No,Month-to-month,No,Mailed check,72.4,4921.21,No
C7005316,Male,1,No,Yes,62,Yes,Yes,No,No internet service,No internet service,No internet service,No internet service,No internet service,No internet service,Two year,No,Electronic check,31.3,1944.19,No
C7005317,Female,0,No,No,35,Yes,Yes,DSL,No,No,No,Yes,No,No,Month-to-month,Yes,Electronic check,61.16,2133.82,No
C7005318,Male,0,No,No,52,Yes,No,Fiber optic,No,Yes,Yes,No,No,Yes,Month-to-month,Yes,Electronic check,83.67,4368.5,Yes
C7005319,Male,0,No,No,9,Yes,No,Fiber optic,Yes,No,No,No,Yes,Yes,Month-to-month,Yes,Electronic check,87.14,803.04,Yes
C7005320,Male,0,No,No,46,Yes,No,Fiber optic,No,No,No,Yes,No,No,Month-to-month,Yes,Bank transfer (automatic),73.98,3377.47,No
C7005321,Female,1,Yes,No,43,No,No phone service,DSL,Yes,Yes,No,Yes,No,Yes,Two year,Yes,Credit card (automatic),66.12,2844.48,No
C7005322,Female,1,No,No,46,Yes,Yes,DSL,No,Yes,No,No,Yes,Yes,Month-to-month,No,Mailed check,66.49,3033.11,No
C7005323,Male,1,No,Yes,50,No,No phone service,No,No internet service,No internet service,No internet service,No internet service,No internet service,No internet service,Two year,No,Mailed check,18.0,901.32,No
C7005324,Male,0,No,Yes,64,Yes,No,DSL,No,No,No,No,No,No,One year,No,Credit card (automatic),54.5,3502.16,No
C7005325,Male,0,Yes,No,56,Yes,Yes,Fiber optic,Yes,Yes,Yes,No,No,No,Month-to-month,No,Credit card (automatic),93.3,5229.56,No
C7005326,Female,0,Yes,Yes,2,Yes,No,Fiber optic,Yes,Yes,No,No,No,Yes,Two year,Yes,Credit card (automatic),86.54,160.91,Yes
C7005327,Female,1,No,No,51,Yes,Yes,DSL,Yes,No,No,No,No,No,Two year,No,Electronic check,57.48,2947.51,No
C7005328,Male,0,Yes,No,53,Yes,Yes,Fiber optic,No,Yes,No,No,No,No,Two year,Yes,Bank transfer (automatic),77.21,4080.91,No
C7005329,Male,0,No,Yes,40,Yes,Yes,DSL,Yes,Yes,No,No,Yes,Yes,Month-to-month,Yes,Mailed check,71.04,2844.53,No
C7005330,Female,0,Yes,No,45,Yes,Yes,Fiber optic,Yes,Yes,No,No,No,Yes,Two year,No,Electronic check,89.6,4018.33,No
C7005331,Female,0,Yes,No,5,Yes,No,DSL,No,No,Yes,No,No,No,Month-to-month,No,Bank transfer (automatic),56.27,285.61,Yes
C7005332,Male,0,Yes,No,19,Yes,No,Fiber optic,No,Yes,Yes,No,No,Yes,Two year,Yes,Electronic check,83.62,1584.41,No
C7005333,Male,0,No,Yes,62,Yes,No,Fiber optic,No,No,No,No,Yes,No,Month-to-month,No,Bank transfer (automatic),79.61,4910.18,No
C7005334,Male,1,No,No,0,Yes,No,No,No internet service,No internet service,No internet service,No internet service,No internet service,No internet service,Month-to-month,No,Mailed check,18.43,0.0,No
C7005335,Female,0,No,No,71,No,No phone service,DSL,Yes,No,Yes,Yes,No,No,Two year,Yes,Electronic check,62.46,4444.63,No
C7005336,Female,0,No,No,16,Yes,Yes,DSL,No,No,Yes,No,No,No,Two year,Yes,Bank transfer (automatic),59.64,971.8,No
C7005337,Female,0,No,No,56,No,No phone service,DSL,No,No,Yes,No,Yes,Yes,One year,Yes,Bank transfer (automatic),60.22,3366.48,No
C7005338,Female,0,No,No,16,Yes,Yes,DSL,Yes,No,No,No,Yes,No,Month-to-month,Yes,Electronic check,56.38,917.37,Yes
C7005339,Male,0,Yes,Yes,2,Yes,No,Fiber optic,No,Yes,Yes,Yes,No,Yes,Two year,Yes,Bank transfer (automatic),87.79,167.64,No
C7005340,Male,0,No,No,44,Yes,No,No,No internet service,No internet service,No internet service,No internet service,No internet service,No internet service,Month-to-month,Yes,Bank transfer (automatic),21.38,971.53,No
C7005341,Male,0,No,Yes,55,Yes,No,Fiber optic,Yes,No,Yes,No,No,No,Two year,Yes,Mailed check,83.89,4603.3,No
C7005342,Female,0,Yes,No,6,Yes,Yes,DSL,Yes,No,No,No,Yes,No,One year,No,Credit card (automatic),63.14,379.69,No
C7005343,Female,0,No,Yes,19,Yes,Yes,No,No internet service,No internet service,No internet service,No internet service,No internet service,No internet service,One year,No,Credit card (automatic),24.29,443.44,Yes
C7005344,Male,0,Yes,No,22,Yes,Yes,Fiber optic,Yes,Yes,Yes,No,No,No,One year,Yes,Electronic check,90.96,1997.86,No
C7005345,Male,0,No,No,70,Yes,Yes,Fiber optic,No,No,No,No,No,No,Month-to-month,No,Electronic check,77.94,5464.7,No
C7005346,Female,0,No,No,22,Yes,No,Fiber optic,Yes,Yes,No,No,Yes,No,Month-to-month,Yes,Bank transfer (automatic),87.02,1956.65,No
C7005347,Female,0,Yes,No,4,Yes,Yes,Fiber optic,Yes,No,Yes,Yes,Yes,No,One year,No,Electronic check,94.87,369.38,No
C7005348,Female,0,No,No,71,Yes,No,No,No internet service,No internet service,No internet service,No internet service,No internet service,No internet service,Month-to-month,Yes,Bank transfer (automatic),27.25,1902.2,No
C7005349,Male,0,No,No,6,Yes,No,DSL,No,No,Yes,No,Yes,Yes,Month-to-month,Yes,Mailed check,61.98,389.35,Yes
C7005350,Female,0,No,No,35,Yes,Yes,Fiber optic,No,Yes,No,No,Yes,Yes,One year,Yes,Electronic check,90.87,3181.18,No
C7005351,Female,0,No,No,13,Yes,Yes,Fiber optic,No,No,Yes,No,No,No,Month-to-month,Yes,Electronic check,81.39,1078.14,No
C7005352,Female,0,Yes,No,18,Yes,Yes,No,No internet service,No internet service,No internet service,No internet service,No internet service,No internet service,Month-to-month,Yes,Electronic check,30.0,523.14,Yes
C7005353,Female,0,Yes,No,54,Yes,No,Fiber optic,Yes,Yes,Yes,Yes,No,No,One year,Yes,Mailed check,88.82,4826.43,No
C7005354,Female,0,Yes,Yes,9,Yes,No,DSL,Yes,No,Yes,Yes,Yes,No,Month-to-month,No,Mailed check,67.15,595.42,No
C7005355,Female,0,Yes,Yes,47,Yes,Yes,No,No internet service,No internet service,No internet service,No internet service,No internet service,No internet service,Two year,No,Bank transfer (automatic),28.14,1319.65,Yes
C7005356,Female,0,Yes,Yes,41,Yes,Yes,Fiber optic,No,Yes,No,Yes,Yes,Yes,Month-to-month,Yes,Credit card (automatic),98.25,4029.8,Yes
C7005357,Male,0,No,No,53,Yes,Yes,Fiber optic,No,No,Yes,No,Yes,No,Two year,Yes,Credit card (automatic),82.79,4370.91,No
C7005358,Male,0,Yes,No,11,Yes,Yes,DSL,Yes,No,No,No,No,No,Month-to-month,No,Mailed check,58.9,642.67,Yes
C7005359,Female,0,No,Yes,25,Yes,No,No,No internet service,No internet service,No internet service,No internet service,No internet service,No internet service,Two year,No,Bank transfer (automatic),26.97,648.67,No
C7005360,Female,0,Yes,Yes,0,Yes,No,Fiber optic,No,No,Yes,No,No,No,One year,No,Bank transfer (automatic),70.9,0.0,Yes
C7005361,Male,1,Yes,Yes,64,Yes,Yes,No,No internet service,No internet service,No internet service,No internet service,No internet service,No internet service,Month-to-month,Yes,Electronic check,27.47,1751.26,No
C7005362,Male,0,No,No,72,Yes,No,Fiber optic,No,No,No,No,No,Yes,Two year,Yes,Mailed check,69.46,4961.21,No
C7005363,Female,0,No,Yes,32,No,No phone service,DSL,No,Yes,No,No,No,Yes,Month-to-month,Yes,Credit card (automatic),61.31,1956.18,No
C7005364,Female,0,No,No,38,Yes,No,Fiber optic,No,Yes,No,No,Yes,No,Two year,Yes,Mailed check,78.99,3005.93,No
C7005365,Female,0,Yes,No,9,Yes,No,DSL,No,No,No,Yes,No,No,Two year,Yes,Electronic check,56.81,516.02,No
C7005366,Male,0,No,No,63,Yes,No,DSL,No,No,No,No,No,Yes,Two year,Yes,Electronic check,61.56,3904.0,No
C7005367,Female,0,Yes,No,56,No,No phone service,No,No internet service,No internet service,No internet service,No internet service,No internet service,No internet service,Two year,Yes,Bank transfer (automatic),18.0,1010.74,No
C7005368,Female,0,No,No,8,Yes,No,No,No internet service,No internet service,No internet service,No internet service,No internet service,No internet service,Month-to-month,No,Bank transfer (automatic),24.64,193.38,No
C7005369,Male,1,No,No,38,Yes,No,Fiber optic,Yes,No,No,No,Yes,Yes,Two year,Yes,Electronic check,83.21,3159.95,No
C7005370,Male,1,Yes,No,12,Yes,Yes,DSL,No,No,Yes,No,No,No,One year,Yes,Mailed check,58.99,732.38,No
C7005371,Female,0,No,No,43,No,No phone service,Fiber optic,Yes,Yes,No,Yes,No,No,One year,Yes,Bank transfer (automatic),80.11,3430.72,No
C7005372,Male,1,No,No,47,Yes,No,Fiber optic,No,No,Yes,Yes,Yes,No,Month-to-month,No,Bank transfer (automatic),89.22,4186.83,No
C7005373,Female,1,Yes,No,28,Yes,Yes,Fiber optic,No,No,No,No,No,No,Month-to-month,Yes,Mailed check,76.73,2159.45,Yes
C7005374,Female,0,Yes,Yes,32,No,No phone service,Fiber optic,Yes,Yes,Yes,No,No,Yes,Month-to-month,No,Bank transfer (automatic),89.95,2881.48,No
C7005375,Female,0,No,No,51,Yes,Yes,Fiber optic,No,No,Yes,Yes,No,Yes,Month-to-month,Yes,Bank transfer (automatic),90.26,4586.9,Yes
C7005376,Male,0,Yes,No,11,Yes,Yes,DSL,Yes,No,Yes,Yes,No,No,Month-to-month,Yes,Credit card (automatic),68.3,754.93,Yes
C7005377,Female,0,Yes,No,2,Yes,No,Fiber optic,Yes,No,No,Yes,Yes,No,Two year,Yes,Bank transfer (automatic),88.35,203.32,No
C7005378,Male,0,Yes,No,30,Yes,Yes,DSL,No,Yes,No,Yes,Yes,No,One year,No,Mailed check,68.2,2044.72,No
C7005379,Female,0,No,No,35,Yes,Yes,No,No internet service,No internet service,No internet service,No internet service,No internet service,No internet service,Month-to-month,Yes,Electronic check,30.24,1051.93,No
C7005380,Male,0,Yes,No,20,Yes,Yes,No,No internet service,No internet service,No internet service,No internet service,No internet service,No internet service,Two year,No,Credit card (automatic),31.69,633.73,No
C7005381,Female,0,No,No,31,No,No phone service,Fiber optic,No,No,No,No,No,Yes,One year,Yes,Mailed check,72.66,2249.52,No
C7005382,Female,0,No,No,7,No,No phone service,No,No internet service,No internet service,No internet service,No internet service,No internet service,No internet service,Month-to-month,Yes,Bank transfer (automatic),19.79,171.45,No
C7005383,Male,0,Yes,No,54,Yes,No,Fiber optic,No,No,Yes,No,Yes,Yes,Month-to-month,No,Electronic check,87.22,4723.05,Yes
C7005384,Male,1,Yes,No,55,Yes,No,No,No internet service,No internet service,No internet service,No internet service,No internet service,No internet service,Month-to-month,No,Mailed check,22.99,1233.02,No
C7005385,Female,1,No,No,19,Yes,Yes,No,No internet service,No internet service,No internet service,No internet service,No internet service,No internet service,Month-to-month,Yes,Electronic check,29.0,570.84,No
C7005386,Male,0,Yes,Yes,47,Yes,Yes,Fiber optic,No,Yes,Yes,No,No,No,Month-to-month,No,Mailed check,86.56,4061.23,Yes
C7005387,Male,0,Yes,No,17,No,No phone service,No,No internet service,No internet service,No internet service,No internet service,No internet service,No internet service,One year,Yes,Electronic check,20.05,344.43,No
C7005388,Male,1,Yes,Yes,28,No,No phone service,DSL,No,No,No,Yes,No,No,Two year,Yes,Mailed check,47.93,1356.5,No
C7005389,Female,0,No,No,23,Yes,No,No,No internet service,No internet service,No internet service,No internet service,No internet service,No internet service,Month-to-month,No,Mailed check,27.6,656.76,No
C7005390,Female,1,No,No,70,Yes,No,Fiber optic,No,No,No,Yes,No,No,One year,Yes,Bank transfer (automatic),75.63,5300.33,No
C7005391,Male,0,No,No,35,Yes,No,Fiber optic,No,Yes,Yes,No,No,No,Two year,No,Electronic check,75.54,2644.51,No
C7005392,Female,0,Yes,No,46,Yes,No,DSL,No,No,Yes,Yes,No,Yes,One year,No,Bank transfer (automatic),66.27,3042.79,Yes
C7005393,Male,0,Yes,No,15,Yes,Yes,DSL,No,Yes,Yes,No,No,No,Month-to-month,No,Credit card (automatic),66.56,998.58,No
C7005394,Male,0,No,No,67,Yes,No,DSL,No,Yes,Yes,No,Yes,Yes,Two year,Yes,Bank transfer (automatic),69.86,4708.27,No
C7005395,Male,0,Yes,Yes,49,Yes,No,DSL,Yes,Yes,No,No,Yes,No,Month-to-month,Yes,Bank transfer (automatic),65.76,3200.42,Yes
C7005396,Male,0,No,Yes,7,Yes,No,Fiber optic,No,Yes,No,Yes,Yes,No,Month-to-month,Yes,Mailed check,88.55,617.27,Yes
C7005397,Male,1,No,Yes,24,Yes,No,DSL,No,No,No,No,Yes,No,Two year,No,Bank transfer (automatic),49.78,1205.88,No
C7005398,Female,0,Yes,No,36,Yes,Yes,No,No internet service,No internet service,No internet service,No internet service,No internet service,No internet service,Month-to-month,Yes,Credit card (automatic),32.62,1206.83,No
C7005399,Male,0,No,No,30,Yes,No,No,No internet service,No internet service,No internet service,No internet service,No internet service,No internet service,Two year,No,Bank transfer (automatic),18.0,568.66,No
C7005400,Female,0,No,Yes,58,Yes,Yes,Fiber optic,No,Yes,Yes,No,Yes,No,One year,Yes,Electronic check,87.81,5098.12,No
C7005401,Male,0,No,No,40,Yes,No,No,No internet service,No internet service,No internet service,No internet service,No internet service,No internet service,Two year,Yes,Electronic check,19.59,795.66,No
C7005402,Male,0,Yes,No,40,Yes,Yes,Fiber optic,Yes,No,No,No,Yes,Yes,Month-to-month,Yes,Electronic check,94.3,3787.16,No
C7005403,Male,0,No,No,27,Yes,Yes,No,No internet service,No internet service,No internet service,No internet service,No internet service,No internet service,Two year,No,Electronic check,29.05,780.42,No
C7005404,Female,0,Yes,No,61,Yes,No,Fiber optic,No,Yes,Yes,No,Yes,No,Month-to-month,Yes,Bank transfer (automatic),84.93,5194.16,No
C7005405,Female,0,No,No,51,Yes,Yes,Fiber optic,Yes,No,Yes,No,Yes,Yes,Month-to-month,Yes,Mailed check,94.08,4791.28,Yes
C7005406,Male,0,Yes,Yes,51,Yes,No,DSL,No,No,Yes,Yes,No,Yes,Month-to-month,Yes,Electronic check,64.53,3272.32,No
C7005407,Male,0,Yes,No,47,Yes,No,No,No internet service,No internet service,No internet service,No internet service,No internet service,No internet service,Month-to-month,Yes,Bank transfer (automatic),24.59,1166.46,No
C7005408,Male,0,No,No,48,Yes,No,Fiber optic,No,No,Yes,Yes,No,Yes,Month-to-month,Yes,Credit card (automatic),87.67,4208.81,Yes
C7005409,Female,0,No,No,55,Yes,Yes,DSL,No,No,Yes,No,Yes,No,Month-to-month,Yes,Electronic check,65.79,3633.18,No
C7005410,Male,0,Yes,Yes,17,Yes,Yes,DSL,No,No,No,Yes,Yes,Yes,Two year,Yes,Electronic check,67.69,1156.64,No
C7005411,Female,0,No,No,38,Yes,Yes,No,No internet service,No internet service,No internet service,No internet service,No internet service,No internet service,Month-to-month,Yes,Electronic check,24.87,934.18,No
C7005412,Male,1,Yes,No,9,Yes,Yes,No,No internet service,No internet service,No internet service,No internet service,No internet service,No internet service,Two year,Yes,Electronic check,33.61,323.65,No
C7005413,Male,0,No,No,26,Yes,No,Fiber optic,No,Yes,Yes,No,No,No,Two year,No,Electronic check,81.41,2128.12,No
C7005414,Female,0,No,Yes,21,Yes,No,DSL,No,No,Yes,No,No,No,Month-to-month,No,Electronic check,54.11,1149.15,Yes
C7005415,Male,0,Yes,No,14,Yes,No,Fiber optic,Yes,No,Yes,No,Yes,Yes,Month-to-month,Yes,Mailed check,93.07,1287.43,Yes
C7005416,Male,0,No,No,39,No,No phone service,DSL,Yes,No,No,No,Yes,Yes,Two year,Yes,Electronic check,66.54,2586.0,No
C7005417,Female,0,No,No,31,Yes,No,No,No internet service,No internet service,No internet service,No internet service,No internet service,No internet service,Two year,No,Credit card (automatic),25.13,772.61,No
C7005418,Male,0,No,No,33,Yes,Yes,DSL,No,No,No,No,No,Yes,Two year,No,Electronic check,64.02,2113.57,No
C7005419,Male,0,No,No,63,Yes,No,DSL,No,Yes,Yes,Yes,Yes,No,Month-to-month,Yes,Bank transfer (automatic),70.13,4450.68,No
C7005420,Male,0,No,No,26,Yes,No,Fiber optic,No,No,No,No,No,No,Month-to-month,No,Bank transfer (automatic),75.36,1940.26,Yes
C7005421,Male,1,No,No,8,Yes,No,Fiber optic,No,No,Yes,Yes,No,No,Month-to-month,Yes,Electronic check,80.38,645.09,Yes
C7005422,Female,0,Yes,No,57,Yes,Yes,No,No internet service,No internet service,No internet service,No internet service,No internet service,No internet service,Month-to-month,Yes,Electronic check,28.74,1624.57,No
C7005423,Male,0,No,No,15,Yes,Yes,Fiber optic,No,No,No,No,Yes,No,Month-to-month,No,Mailed check,84.05,1248.35,No
C7005424,Female,0,Yes,No,71,Yes,No,DSL,No,Yes,No,Yes,No,No,Two year,No,Bank transfer (automatic),60.42,4285.77,No
C7005425,Female,0,Yes,Yes,48,Yes,Yes,DSL,No,Yes,No,No,No,Yes,Two year,No,Credit card (automatic),65.13,3134.09,No
C7005426,Female,0,Yes,No,18,Yes,Yes,Fiber optic,Yes,No,No,No,Yes,No,Month-to-month,No,Electronic check,87.57,1540.24,Yes
C7005427,Female,0,No,No,41,Yes,No,DSL,No,Yes,No,No,No,No,Two year,Yes,Bank transfer (automatic),54.76,2223.51,No
C7005428,Female,0,Yes,No,68,Yes,No,Fiber optic,Yes,Yes,No,No,No,Yes,Two year,Yes,Mailed check,79.76,5416.21,No
C7005429,Female,0,Yes,No,66,Yes,Yes,Fiber optic,No,Yes,No,No,No,Yes,Two year,No,Credit card (automatic),83.98,5539.68,No
C7005430,Male,0,Yes,No,28,Yes,Yes,Fiber optic,No,No,No,No,No,Yes,Two year,No,Mailed check,78.17,2175.1,No
C7005431,Male,0,Yes,No,2,No,No phone service,DSL,Yes,No,No,No,Yes,No,Month-to-month,Yes,Bank transfer (automatic),52.41,99.72,No
C7005432,Female,0,No,Yes,5,Yes,Yes,No,No internet service,No internet service,No internet service,No internet service,No internet service,No internet service,Month-to-month,Yes,Credit card (automatic),33.16,160.18,No
C7005433,Male,0,Yes,Yes,64,No,No phone service,Fiber optic,No,No,Yes,No,Yes,No,Two year,No,Electronic check,73.56,4716.55,No
C7005434,Female,0,Yes,Yes,48,Yes,No,Fiber optic,No,Yes,Yes,No,Yes,Yes,One year,Yes,Bank transfer (automatic),88.61,4257.71,No
C7005435,Male,1,No,No,52,Yes,No,Fiber optic,No,No,No,No,Yes,Yes,Month-to-month,Yes,Electronic check,79.78,4147.75,Yes
C7005436,Female,0,Yes,Yes,52,Yes,No,Fiber optic,No,Yes,No,No,Yes,No,Two year,Yes,Credit card (automatic),81.01,4230.64,No
C7005437,Male,1,No,Yes,56,Yes,No,Fiber optic,Yes,No,Yes,No,Yes,Yes,Two year,No,Credit card (automatic),91.44,5133.73,No
C7005438,Female,0,No,No,37,Yes,No,No,No internet service,No internet service,No internet service,No internet service,No internet service,No internet service,Month-to-month,No,Mailed check,25.5,939.78,No
C7005439,Male,0,No,No,27,Yes,No,Fiber optic,No,Yes,No,Yes,No,Yes,Two year,No,Credit card (automatic),85.47,2288.17,No
C7005440,Male,0,Yes,Yes,17,Yes,No,DSL,No,No,No,Yes,No,Yes,Month-to-month,Yes,Credit card (automatic),56.53,958.23,No
C7005441,Female,0,No,No,22,Yes,Yes,No,No internet service,No internet service,No internet service,No internet service,No internet service,No internet service,Two year,No,Electronic check,31.49,671.28,No
C7005442,Female,0,No,Yes,54,Yes,No,Fiber optic,No,No,Yes,No,Yes,No,Month-to-month,Yes,Bank transfer (automatic),77.08,4171.26,Yes
C7005443,Female,0,No,Yes,1,No,No phone service,DSL,No,No,No,No,No,Yes,Month-to-month,Yes,Electronic check,53.43,82.65,No
C7005444,Female,0,Yes,No,10,Yes,Yes,DSL,Yes,Yes,Yes,No,No,Yes,Month-to-month,No,Electronic check,74.18,747.97,No
C7005445,Male,1,No,No,57,Yes,No,Fiber optic,No,No,No,No,No,No,One year,No,Mailed check,66.1,3781.53,Yes
C7005446,Female,0,No,No,47,Yes,Yes,Fiber optic,Yes,No,Yes,No,No,Yes,Month-to-month,No,Mailed check,90.68,4247.91,No
C7005447,Male,0,No,No,11,Yes,Yes,No,No internet service,No internet service,No internet service,No internet service,No internet service,No internet service,Month-to-month,No,Mailed check,32.32,358.39,No
C7005448,Female,0,No,No,2,No,No phone service,DSL,Yes,Yes,Yes,No,Yes,No,Two year,No,Electronic check,63.99,125.57,No
C7005449,Male,0,No,No,16,Yes,No,Fiber optic,No,No,Yes,No,Yes,No,Month-to-month,No,Mailed check,81.94,1298.12,No
C7005450,Male,0,No,No,8,Yes,No,DSL,No,No,No,Yes,Yes,Yes,One year,Yes,Electronic check,69.27,551.94,No
C7005451,Female,0,Yes,No,20,Yes,No,Fiber optic,No,Yes,No,No,Yes,Yes,One year,Yes,Bank transfer (automatic),85.99,1702.79,No
C7005452,Female,1,Yes,No,60,No,No phone service,No,No internet service,No internet service,No internet service,No internet service,No internet service,No internet service,Two year,Yes,Electronic check,18.0,1093.18,No
C7005453,Male,0,No,Yes,63,Yes,No,DSL,Yes,No,No,No,No,No,Two year,Yes,Mailed check,54.93,3453.58,No
C7005454,Female,0,Yes,Yes,20,No,No phone service,No,No internet service,No internet service,No internet service,No internet service,No internet service,No internet service,Month-to-month,Yes,Electronic check,18.54,358.05,No
C7005455,Female,0,No,Yes,21,Yes,Yes,DSL,No,Yes,No,Yes,No,Yes,Month-to-month,Yes,Electronic check,64.19,1351.0,Yes
C7005456,Male,0,No,No,60,No,No phone service,Fiber optic,No,No,No,No,Yes,No,Month-to-month,No,Mailed check,65.89,3964.15,No
C7005457,Female,0,No,No,31,Yes,No,Fiber optic,Yes,No,No,Yes,No,Yes,One year,No,Electronic check,90.44,2818.9,No
C7005458,Male,0,Yes,Yes,15,Yes,Yes,Fiber optic,No,No,Yes,No,Yes,No,One year,Yes,Bank transfer (automatic),83.87,1247.66,No
C7005459,Male,0,No,Yes,54,Yes,Yes,No,No internet service,No internet service,No internet service,No internet service,No internet service,No internet service,Month-to-month,Yes,Mailed check,29.41,1588.29,No
C7005460,Female,1,No,No,35,Yes,No,Fiber optic,No,No,Yes,Yes,No,Yes,Month-to-month,No,Mailed check,81.32,2862.18,No
C7005461,Male,0,No,No,65,Yes,No,No,No internet service,No internet service,No internet service,No internet service,No internet service,No internet service,One year,Yes,Electronic check,31.02,2000.78,No
C7005462,Male,0,No,Yes,64,Yes,No,Fiber optic,No,Yes,Yes,No,Yes,No,Month-to-month,No,Credit card (automatic),86.2,5518.04,No
C7005463,Female,0,Yes,No,57,Yes,Yes,Fiber optic,No,Yes,No,No,No,Yes,One year,No,Electronic check,83.97,4787.47,No
C7005464,Male,0,No,No,70,Yes,Yes,DSL,No,No,No,Yes,No,No,Month-to-month,No,Electronic check,62.37,4351.16,No
C7005465,Female,1,Yes,No,39,No,No phone service,Fiber optic,Yes,Yes,No,No,No,Yes,One year,Yes,Electronic check,83.89,3288.66,No
C7005466,Female,0,No,No,39,Yes,No,No,No internet service,No internet service,No internet service,No internet service,No internet service,No internet service,One year,No,Mailed check,18.79,728.38,No
C7005467,Male,0,Yes,No,0,Yes,Yes,Fiber optic,No,No,Yes,Yes,No,Yes,One year,Yes,Credit card (automatic),93.69,0.0,No
C7005468,Female,0,Yes,No,12,Yes,No,No,No internet service,No internet service,No internet service,No internet service,No internet service,No internet service,Month-to-month,Yes,Bank transfer (automatic),22.33,252.16,No
C7005469,Male,0,Yes,No,11,Yes,Yes,No,No internet service,No internet service,No internet service,No internet service,No internet service,No internet service,Month-to-month,Yes,Electronic check,25.06,239.05,No
C7005470,Female,0,Yes,No,67,Yes,Yes,DSL,No,No,Yes,No,No,Yes,Two year,Yes,Bank transfer (automatic),71.13,4757.42,No
C7005471,Male,0,No,No,18,Yes,Yes,Fiber optic,Yes,No,Yes,No,No,No,Month-to-month,Yes,Electronic check,86.03,1554.9,No
C7005472,Female,0,No,No,45,Yes,No,No,No internet service,No internet service,No internet service,No internet service,No internet service,No internet service,Month-to-month,No,Mailed check,23.02,1028.43,No
C7005473,Male,0,Yes,No,30,Yes,No,DSL,Yes,No,No,No,No,No,Month-to-month,No,Bank transfer (automatic),60.6,1819.55,No
C7005474,Female,0,Yes,Yes,55,Yes,No,DSL,No,No,No,Yes,Yes,No,One year,Yes,Mailed check,58.58,3221.51,No
C7005475,Male,0,No,Yes,26,Yes,No,DSL,Yes,Yes,No,No,No,No,Two year,No,Electronic check,56.96,1467.57,No
C7005476,Male,0,Yes,No,68,Yes,Yes,No,No internet service,No internet service,No internet service,No internet service,No internet service,No internet service,Two year,Yes,Electronic check,32.66,2262.89,No
C7005477,Male,0,Yes,Yes,37,Yes,Yes,No,No internet service,No internet service,No internet service,No internet service,No internet service,No internet service,One year,Yes,Electronic check,25.24,932.28,No
C7005478,Female,0,Yes,No,17,Yes,No,No,No internet service,No internet service,No internet service,No internet service,No internet service,No internet service,Month-to-month,Yes,Bank transfer (automatic),25.12,417.39,Yes
C7005479,Female,1,No,No,30,Yes,Yes,Fiber optic,Yes,No,No,No,No,No,Month-to-month,No,Electronic check,75.69,2310.7,Yes
C7005480,Male,0,No,No,26,Yes,No,Fiber optic,No,No,No,No,No,No,Month-to-month,Yes,Credit card (automatic),66.65,1719.18,Yes
C7005481,Male,0,Yes,Yes,53,Yes,No,DSL,Yes,Yes,No,No,No,No,Month-to-month,Yes,Electronic check,61.76,3275.26,No
C7005482,Male,0,No,No,23,Yes,No,No,No internet service,No internet service,No internet service,No internet service,No internet service,No internet service,Month-to-month,No,Electronic check,22.1,499.96,No
C7005483,Male,0,No,Yes,3,Yes,No,No,No internet service,No internet service,No internet service,No internet service,No internet service,No internet service,Month-to-month,No,Mailed check,27.42,64.31,No
C7005484,Female,0,No,Yes,57,Yes,No,Fiber optic,Yes,Yes,No,No,Yes,No,Two year,Yes,Mailed check,78.51,4489.49,No
C7005485,Female,0,No,No,72,Yes,Yes,DSL,No,Yes,No,Yes,No,No,Month-to-month,Yes,Bank transfer (automatic),64.34,4633.27,No
C7005486,Female,0,No,Yes,18,Yes,No,No,No internet service,No internet service,No internet service,No internet service,No internet service,No internet service,Month-to-month,Yes,Credit card (automatic),23.34,401.66,No
C7005487,Male,0,No,No,61,Yes,Yes,No,No internet service,No internet service,No internet service,No internet service,No internet service,No internet service,One year,No,Bank transfer (automatic),29.26,1815.29,No
C7005488,Male,0,No,No,2,Yes,No,No,No internet service,No internet service,No internet service,No internet service,No internet service,No internet service,Two year,Yes,Electronic check,23.69,48.36,No
C7005489,Female,0,Yes,No,24,Yes,No,Fiber optic,No,Yes,Yes,Yes,Yes,Yes,Month-to-month,Yes,Electronic check,96.11,2326.93,No
C7005490,Male,0,No,No,0,Yes,Yes,Fiber optic,No,No,No,Yes,No,Yes,Month-to-month,Yes,Credit card (automatic),86.25,0.0,No
C7005491,Female,0,No,No,28,Yes,Yes,Fiber optic,No,Yes,No,No,Yes,Yes,Two year,Yes,Mailed check,88.79,2463.52,No
C7005492,Male,1,Yes,No,44,Yes,No,Fiber optic,Yes,Yes,No,Yes,No,Yes,Month-to-month,Yes,Bank transfer (automatic),88.43,3902.84,No
C7005493,Male,0,Yes,No,70,Yes,No,No,No internet service,No internet service,No internet service,No internet service,No internet service,No internet service,One year,Yes,Bank transfer (automatic),26.23,1852.8,No
C7005494,Female,0,Yes,No,61,Yes,No,DSL,No,Yes,Yes,Yes,No,Yes,Month-to-month,Yes,Mailed check,71.58,4369.37,No
C7005495,Male,1,Yes,Yes,68,Yes,No,Fiber optic,Yes,Yes,Yes,No,No,No,Month-to-month,Yes,Mailed check,78.34,5343.73,Yes
C7005496,Female,0,Yes,Yes,47,No,No phone service,No,No internet service,No internet service,No internet service,No internet service,No internet service,No internet service,Month-to-month,No,Bank transfer (automatic),18.0,839.81,No
C7005497,Male,0,Yes,Yes,28,No,No phone service,DSL,Yes,No,Yes,No,No,No,Month-to-month,Yes,Electronic check,51.25,1459.97,No
C7005498,Male,0,Yes,Yes,66,Yes,No,Fiber optic,No,No,Yes,Yes,No,No,One year,Yes,Bank transfer (automatic),78.59,5180.34,No
C7005499,Male,0,No,Yes,4,Yes,Yes,No,No internet service,No internet service,No internet service,No internet service,No internet service,No internet service,Two year,Yes,Bank transfer (automatic),24.11,121.21,No
C7005500,Male,0,Yes,No,59,Yes,No,Fiber optic,No,No,No,Yes,Yes,Yes,One year,No,Mailed check,86.33,5101.52,No
C7005501,Female,0,Yes,Yes,72,Yes,Yes,Fiber optic,No,Yes,Yes,No,Yes,Yes,Month-to-month,Yes,Bank transfer (automatic),92.0,6631.13,Yes
C7005502,Male,0,Yes,Yes,1,Yes,No,Fiber optic,No,Yes,No,No,No,No,Month-to-month,Yes,Electronic check,77.09,58.64,Yes
C7005503,Female,1,Yes,No,47,No,No phone service,DSL,No,No,No,No,No,No,Two year,No,Credit card (automatic),42.93,2041.3,No
C7005504,Female,0,Yes,No,63,Yes,No,Fiber optic,No,No,Yes,No,Yes,Yes,Two year,No,Electronic check,87.58,5504.9,No
C7005505,Male,0,No,Yes,50,Yes,No,No,No internet service,No internet service,No internet service,No internet service,No internet service,No internet service,Two year,Yes,Mailed check,23.86,1220.11,No
C7005506,Male,0,Yes,Yes,71,Yes,No,DSL,No,No,No,No,No,No,Month-to-month,No,Bank transfer (automatic),49.32,3508.33,No
C7005507,Male,0,Yes,No,20,Yes,Yes,DSL,No,No,No,No,No,No,Two year,Yes,Bank transfer (automatic),56.95,1146.73,No
C7005508,Female,0,No,No,46,Yes,Yes,DSL,No,Yes,No,No,Yes,No,One year,No,Electronic check,63.47,2913.03,No
C7005509,Female,0,No,No,59,Yes,No,Fiber optic,No,No,Yes,Yes,Yes,No,Month-to-month,Yes,Electronic check,79.96,4712.82,No
C7005510,Male,0,Yes,No,5,Yes,Yes,Fiber optic,No,No,Yes,No,No,No,Two year,Yes,Electronic check,75.01,350.87,Yes
C7005511,Female,1,Yes,No,40,Yes,Yes,Fiber optic,No,No,No,No,Yes,No,Month-to-month,Yes,Electronic check,82.85,3327.6,Yes
C7005512,Male,0,No,No,70,Yes,Yes,Fiber optic,No,No,Yes,No,No,No,One year,No,Bank transfer (automatic),76.09,5333.18,No
C7005513,Male,0,No,Yes,34,Yes,No,Fiber optic,Yes,Yes,Yes,No,No,Yes,One year,No,Credit card (automatic),88.63,3038.89,No
C7005514,Male,0,Yes,No,59,Yes,No,Fiber optic,Yes,No,Yes,Yes,Yes,No,One year,Yes,Mailed check,94.14,5551.3,No
C7005515,Female,0,No,No,54,Yes,Yes,No,No internet service,No internet service,No internet service,No internet service,No internet service,No internet service,Month-to-month,Yes,Credit card (automatic),28.13,1551.18,No
C7005516,Male,0,No,No,19,No,No phone service,Fiber optic,No,No,No,Yes,No,No,Month-to-month,Yes,Mailed check,67.63,1270.77,Yes
C7005517,Male,0,No,Yes,27,No,No phone service,No,No internet service,No internet service,No internet service,No internet service,No internet service,No internet service,Month-to-month,Yes,Electronic check,20.62,562.43,No
C7005518,Male,0,Yes,No,35,Yes,No,Fiber optic,No,Yes,Yes,No,No,No,Month-to-month,Yes,Credit card (automatic),83.92,2948.96,Yes
C7005519,Female,0,No,No,31,Yes,No,Fiber optic,No,No,Yes,No,No,Yes,One year,No,Bank transfer (automatic),84.9,2640.91,No
C7005520,Male,1,No,Yes,43,Yes,Yes,DSL,Yes,No,No,No,Yes,Yes,Month-to-month,No,Electronic check,67.58,2901.46,No
C7005521,Male,0,No,No,47,Yes,No,Fiber optic,No,Yes,No,No,No,No,One year,No,Credit card (automatic),76.6,3580.99,No
C7005522,Male,0,Yes,No,30,Yes,Yes,Fiber optic,No,No,No,No,Yes,Yes,Month-to-month,Yes,Credit card (automatic),84.56,2538.53,No
C7005523,Female,0,Yes,No,46,No,No phone service,No,No internet service,No internet service,No internet service,No internet service,No internet service,No internet service,Month-to-month,Yes,Bank transfer (automatic),19.68,898.45,No
C7005524,Male,0,Yes,Yes,48,Yes,No,Fiber optic,No,Yes,Yes,No,Yes,No,One year,No,Bank transfer (automatic),86.3,4172.24,No
C7005525,Female,1,No,No,70,Yes,No,No,No internet service,No internet service,No internet service,No internet service,No internet service,No internet service,One year,No,Bank transfer (automatic),25.92,1823.88,No
C7005526,Male,0,No,No,59,Yes,No,DSL,Yes,Yes,Yes,No,No,Yes,One year,Yes,Mailed check,66.79,3943.88,No
C7005527,Male,0,Yes,No,41,Yes,No,Fiber optic,Yes,Yes,Yes,Yes,Yes,No,Month-to-month,Yes,Electronic check,91.81,3787.37,No
C7005528,Female,1,Yes,No,12,Yes,No,Fiber optic,No,No,Yes,Yes,No,No,Two year,Yes,Electronic check,84.82,1030.71,No
C7005529,Female,0,Yes,No,23,Yes,Yes,DSL,No,Yes,Yes,No,Yes,Yes,Two year,No,Electronic check,73.29,1658.37,No
C7005530,Male,0,No,No,24,Yes,No,Fiber optic,Yes,No,No,Yes,No,Yes,Two year,Yes,Electronic check,86.67,2096.46,No
C7005531,Female,0,Yes,No,20,Yes,No,DSL,No,No,Yes,Yes,Yes,Yes,Month-to-month,Yes,Mailed check,74.42,1496.65,No
C7005532,Female,0,Yes,Yes,69,Yes,No,DSL,Yes,Yes,No,No,No,Yes,Month-to-month,Yes,Mailed check,64.38,4449.73,No
C7005533,Male,0,No,No,38,Yes,Yes,Fiber optic,Yes,Yes,No,Yes,Yes,Yes,One year,Yes,Credit card (automatic),104.15,3958.78,No
C7005534,Female,1,No,No,72,Yes,No,No,No internet service,No internet service,No internet service,No internet service,No internet service,No internet service,One year,No,Bank transfer (automatic),22.96,1646.68,No
C7005535,Female,0,No,No,8,Yes,Yes,No,No internet service,No internet service,No internet service,No internet service,No internet service,No internet service,Month-to-month,Yes,Mailed check,33.1,250.25,No
C7005536,Male,0,No,No,52,Yes,No,No,No internet service,No internet service,No internet service,No internet service,No internet service,No internet service,Month-to-month,Yes,Electronic check,25.27,1327.57,No
C7005537,Female,0,Yes,Yes,42,Yes,No,DSL,Yes,No,Yes,No,Yes,Yes,Month-to-month,No,Electronic check,69.21,2900.75,No
C7005538,Male,0,Yes,No,55,Yes,No,DSL,Yes,No,No,No,No,No,Two year,Yes,Electronic check,57.32,3143.49,No
C7005539,Male,0,Yes,Yes,28,Yes,Yes,DSL,No,Yes,Yes,No,No,No,Month-to-month,Yes,Electronic check,64.26,1846.49,Yes
C7005540,Female,0,No,No,37,No,No phone service,Fiber optic,Yes,No,Yes,No,No,No,One year,Yes,Electronic check,72.84,2689.08,No
C7005541,Female,0,No,No,25,Yes,No,No,No internet service,No internet service,No internet service,No internet service,No internet service,No internet service,Month-to-month,Yes,Bank transfer (automatic),19.93,489.65,No
C7005542,Female,0,Yes,No,50,Yes,No,Fiber optic,Yes,No,Yes,No,Yes,Yes,Month-to-month,Yes,Mailed check,91.7,4595.3,No
C7005543,Female,0,No,No,14,Yes,Yes,Fiber optic,No,Yes,Yes,No,Yes,Yes,One year,No,Mailed check,96.98,1353.91,No
C7005544,Female,0,No,No,48,Yes,No,DSL,Yes,Yes,No,Yes,Yes,Yes,Month-to-month,No,Credit card (automatic),80.33,3878.89,No
C7005545,Male,0,No,No,36,Yes,No,Fiber optic,No,No,No,Yes,Yes,No,Two year,Yes,Bank transfer (automatic),81.29,2935.23,No
C7005546,Female,0,Yes,No,58,Yes,No,No,No internet service,No internet service,No internet service,No internet service,No internet service,No internet service,Month-to-month,Yes,Electronic check,22.53,1309.84,No
C7005547,Female,0,Yes,Yes,2,Yes,Yes,Fiber optic,No,Yes,Yes,No,No,Yes,Two year,Yes,Electronic check,90.32,193.15,No
C7005548,Female,1,No,No,13,Yes,Yes,Fiber optic,Yes,No,No,No,No,No,Month-to-month,No,Bank transfer (automatic),79.51,1040.55,Yes
C7005549,Male,0,No,Yes,44,Yes,No,Fiber optic,Yes,No,No,No,Yes,No,Two year,Yes,Credit card (automatic),83.4,3658.79,No
C7005550,Male,0,No,No,27,Yes,No,Fiber optic,No,No,No,No,Yes,Yes,Two year,No,Electronic check,83.52,2261.15,No
C7005551,Male,0,No,No,20,Yes,Yes,Fiber optic,No,Yes,No,Yes,No,No,Two year,Yes,Bank transfer (automatic),92.17,1826.25,No
C7005552,Male,0,Yes,Yes,68,Yes,Yes,No,No internet service,No internet service,No internet service,No internet service,No internet service,No internet service,Month-to-month,Yes,Electronic check,29.5,1987.94,No
C7005553,Male,1,No,No,66,Yes,Yes,Fiber optic,No,Yes,No,Yes,No,No,Month-to-month,Yes,Mailed check,88.55,5835.66,No
C7005554,Female,0,Yes,No,6,Yes,Yes,DSL,No,No,No,Yes,Yes,Yes,One year,No,Electronic check,74.46,443.65,No
C7005555,Female,0,Yes,Yes,38,Yes,No,Fiber optic,No,No,Yes,Yes,Yes,No,Month-to-month,Yes,Electronic check,87.26,3317.87,No
C7005556,Male,0,Yes,No,48,Yes,Yes,DSL,No,Yes,Yes,Yes,Yes,No,Month-to-month,Yes,Electronic check,73.51,3487.23,No
C7005557,Male,0,Yes,No,56,Yes,No,DSL,Yes,No,Yes,No,No,No,Month-to-month,Yes,Mailed check,58.83,3288.34,No
C7005558,Female,1,Yes,No,14,Yes,Yes,DSL,Yes,No,No,No,Yes,No,Two year,Yes,Credit card (automatic),67.38,920.53,No
C7005559,Male,1,No,No,62,Yes,Yes,No,No internet service,No internet service,No internet service,No internet service,No internet service,No internet service,Two year,No,Bank transfer (automatic),31.76,1978.28,No
C7005560,Female,0,No,No,47,Yes,No,DSL,No,Yes,Yes,No,Yes,No,Month-to-month,Yes,Credit card (automatic),61.27,2873.04,No
C7005561,Male,0,Yes,No,64,Yes,No,No,No internet service,No internet service,No internet service,No internet service,No internet service,No internet service,Two year,No,Mailed check,21.71,1386.21,No
C7005562,Male,0,Yes,Yes,49,Yes,Yes,DSL,Yes,No,No,No,No,No,One year,Yes,Mailed check,61.52,2998.69,No
C7005563,Male,0,Yes,No,63,Yes,Yes,Fiber optic,No,No,No,No,Yes,No,Month-to-month,No,Electronic check,73.18,4619.32,No
C7005564,Female,1,Yes,No,2,Yes,Yes,No,No internet service,No internet service,No internet service,No internet service,No internet service,No internet service,One year,No,Bank transfer (automatic),30.56,39.55,No
C7005565,Male,0,Yes,No,16,Yes,No,DSL,No,Yes,Yes,No,No,Yes,One year,No,Bank transfer (automatic),63.17,1006.09,No
C7005566,Female,1,No,No,38,Yes,No,No,No internet service,No internet service,No internet service,No internet service,No internet service,No internet service,Two year,Yes,Electronic check,22.27,838.31,No
C7005567,Male,0,No,Yes,22,Yes,No,Fiber optic,No,No,Yes,No,No,No,One year,Yes,Electronic check,73.42,1641.05,No
C7005568,Male,0,No,No,14,Yes,No,DSL,Yes,Yes,No,Yes,Yes,Yes,Month-to-month,Yes,Mailed check,75.56,1029.23,Yes
C7005569,Female,0,No,Yes,51,Yes,No,No,No internet service,No internet service,No internet service,No internet service,No internet service,No internet service,Month-to-month,Yes,Electronic check,24.88,1292.41,No
C7005570,Male,0,No,No,72,Yes,Yes,DSL,No,Yes,No,No,No,No,Two year,Yes,Credit card (automatic),56.15,4037.99,No
C7005571,Male,0,Yes,Yes,39,Yes,No,DSL,Yes,No,No,Yes,No,No,Two year,Yes,Credit card (automatic),54.59,2125.62,No
C7005572,Male,0,Yes,Yes,44,Yes,No,No,No internet service,No internet service,No internet service,No internet service,No internet service,No internet service,Two year,No,Bank transfer (automatic),25.45,1138.34,No
C7005573,Female,0,Yes,No,44,Yes,No,DSL,Yes,Yes,Yes,Yes,No,No,One year,Yes,Mailed check,71.36,3153.56,No
C7005574,Male,0,Yes,No,30,Yes,No,Fiber optic,No,Yes,No,No,No,Yes,Two year,Yes,Electronic check,82.12,2466.74,No
C7005575,Male,0,No,No,49,Yes,No,DSL,No,Yes,No,No,Yes,No,One year,No,Bank transfer (automatic),54.9,2698.78,No
C7005576,Female,1,No,No,58,Yes,No,No,No internet service,No internet service,No internet service,No internet service,No internet service,No internet service,Two year,Yes,Electronic check,25.72,1465.42,No
C7005577,Female,0,Yes,No,8,Yes,No,Fiber optic,Yes,No,Yes,Yes,No,No,Month-to-month,No,Bank transfer (automatic),86.7,677.02,No
C7005578,Female,0,Yes,No,20,Yes,No,DSL,Yes,No,Yes,Yes,No,Yes,One year,Yes,Bank transfer (automatic),68.32,1374.57,No
C7005579,Female,0,Yes,No,12,Yes,No,No,No internet service,No internet service,No internet service,No internet service,No internet service,No internet service,One year,Yes,Mailed check,23.71,269.05,No
C7005580,Female,0,No,No,57,Yes,Yes,Fiber optic,Yes,Yes,Yes,No,No,No,Month-to-month,Yes,Electronic check,88.45,5042.47,No
C7005581,Male,1,Yes,Yes,46,Yes,No,No,No internet service,No internet service,No internet service,No internet service,No internet service,No internet service,Month-to-month,Yes,Mailed check,23.14,1058.86,No
C7005582,Male,0,No,No,49,Yes,Yes,Fiber optic,No,Yes,No,No,No,No,Month-to-month,Yes,Credit card (automatic),83.66,4079.7,Yes
C7005583,Female,0,Yes,No,45,Yes,No,Fiber optic,No,No,Yes,Yes,No,No,Month-to-month,Yes,Electronic check,78.07,3529.3,No
C7005584,Female,0,Yes,No,38,Yes,No,DSL,No,No,Yes,No,No,Yes,Month-to-month,Yes,Electronic check,57.55,2198.11,Yes
C7005585,Female,0,Yes,No,59,Yes,Yes,Fiber optic,No,No,No,Yes,No,Yes,Month-to-month,Yes,Credit card (automatic),78.18,4610.66,No
C7005586,Female,0,No,Yes,11,Yes,Yes,Fiber optic,No,Yes,No,No,No,No,Month-to-month,No,Electronic check,81.8,924.82,Yes
C7005587,Male,0,Yes,No,50,No,No phone service,Fiber optic,No,Yes,Yes,Yes,Yes,No,Month-to-month,No,Electronic check,82.36,4095.73,Yes
C7005588,Male,0,No,Yes,60,Yes,Yes,DSL,No,Yes,No,No,No,No,Two year,No,Credit card (automatic),57.35,3428.04,No
C7005589,Female,1,Yes,No,15,No,No phone service,No,No internet service,No internet service,No internet service,No internet service,No internet service,No internet service,Month-to-month,Yes,Mailed check,24.45,355.84,No
C7005590,Male,0,No,No,51,Yes,No,DSL,Yes,No,No,No,Yes,No,Two year,Yes,Bank transfer (automatic),56.19,2861.54,No
C7005591,Female,0,No,No,5,Yes,No,Fiber optic,Yes,No,No,Yes,Yes,Yes,Month-to-month,Yes,Bank transfer (automatic),85.31,424.11,Yes
C7005592,Female,0,No,Yes,11,Yes,No,Fiber optic,No,No,No,Yes,No,No,Month-to-month,Yes,Electronic check,70.35,787.22,Yes
C7005593,Male,0,Yes,No,28,No,No phone service,DSL,Yes,Yes,No,Yes,No,Yes,One year,No,Electronic check,60.35,1723.95,No
C7005594,Female,0,Yes,Yes,72,Yes,Yes,Fiber optic,No,Yes,No,Yes,No,Yes,Two year,Yes,Mailed check,87.61,6317.53,No
C7005595,Female,0,No,No,27,Yes,No,DSL,Yes,Yes,No,No,Yes,Yes,Month-to-month,No,Credit card (automatic),69.49,1877.19,Yes
C7005596,Female,0,No,No,31,No,No phone service,DSL,No,No,Yes,No,Yes,Yes,Month-to-month,No,Electronic check,58.77,1844.48,No
C7005597,Male,0,Yes,No,56,Yes,Yes,No,No internet service,No internet service,No internet service,No internet service,No internet service,No internet service,Two year,No,Credit card (automatic),32.36,1815.27,No
C7005598,Female,0,Yes,No,58,Yes,No,Fiber optic,Yes,No,Yes,Yes,No,Yes,Month-to-month,No,Mailed check,91.09,5284.53,No
C7005599,Male,0,Yes,No,49,Yes,Yes,Fiber optic,Yes,No,No,Yes,Yes,Yes,Two year,No,Mailed check,95.4,4679.83,No
C7005600,Female,0,Yes,Yes,2,Yes,Yes,DSL,No,No,Yes,Yes,No,Yes,Two year,No,Electronic check,70.79,147.03,No
C7005601,Male,0,Yes,No,63,Yes,No,Fiber optic,No,Yes,Yes,No,No,Yes,Month-to-month,No,Electronic check,86.52,5465.15,No
C7005602,Female,1,Yes,No,19,Yes,No,DSL,No,No,Yes,Yes,Yes,Yes,Month-to-month,Yes,Electronic check,69.31,1285.42,No
C7005603,Female,0,Yes,Yes,36,Yes,No,DSL,Yes,Yes,Yes,No,No,Yes,One year,No,Bank transfer (automatic),74.6,2694.02,No
C7005604,Female,0,No,No,53,Yes,Yes,Fiber optic,No,No,No,Yes,Yes,Yes,Month-to-month,No,Credit card (automatic),87.79,4656.39,No
C7005605,Female,0,No,No,21,Yes,Yes,Fiber optic,Yes,Yes,No,No,Yes,No,One year,Yes,Bank transfer (automatic),88.02,1845.63,No
C7005606,Male,0,No,No,50,Yes,Yes,DSL,No,Yes,Yes,No,Yes,Yes,Month-to-month,Yes,Bank transfer (automatic),72.12,3620.68,No
C7005607,Female,0,No,No,36,Yes,Yes,DSL,No,No,Yes,No,No,Yes,Month-to-month,No,Mailed check,62.27,2254.1,No
C7005608,Male,0,No,No,11,Yes,Yes,Fiber optic,Yes,No,No,Yes,No,No,Month-to-month,Yes,Electronic check,81.14,884.42,Yes
C7005609,Female,0,Yes,No,15,Yes,No,DSL,No,No,No,No,Yes,Yes,Month-to-month,No,Mailed check,56.26,845.2,No
C7005610,Male,0,No,Yes,55,Yes,No,DSL,Yes,Yes,No,No,No,Yes,Month-to-month,No,Mailed check,64.18,3539.22,No
C7005611,Female,0,Yes,No,4,Yes,No,No,No internet service,No internet service,No internet service,No internet service,No internet service,No internet service,Month-to-month,No,Electronic check,24.11,94.47,No
C7005612,Male,0,Yes,No,27,Yes,No,DSL,No,No,No,No,Yes,Yes,Two year,Yes,Electronic check,58.25,1559.92,No
C7005613,Female,0,No,Yes,36,Yes,Yes,Fiber optic,Yes,No,Yes,No,No,Yes,Month-to-month,Yes,Electronic check,87.25,3143.26,Yes
C7005614,Female,0,Yes,No,28,Yes,No,No,No internet service,No internet service,No internet service,No internet service,No internet service,No internet service,Month-to-month,No,Mailed check,28.66,824.53,Yes
C7005615,Male,1,No,No,30,Yes,No,DSL,No,No,Yes,No,No,Yes,Month-to-month,Yes,Bank transfer (automatic),64.32,1926.65,No
C7005616,Male,0,No,Yes,70,Yes,Yes,Fiber optic,No,Yes,Yes,No,No,No,Month-to-month,Yes,Mailed check,86.87,6089.19,No
C7005617,Female,1,Yes,No,2,Yes,Yes,Fiber optic,Yes,Yes,No,No,Yes,Yes,Month-to-month,No,Bank transfer (automatic),95.69,227.62,No
C7005618,Female,0,Yes,No,71,Yes,Yes,DSL,Yes,Yes,No,Yes,No,Yes,Two year,Yes,Credit card (automatic),79.33,5599.88,No
C7005619,Male,0,No,Yes,52,Yes,No,DSL,No,Yes,Yes,No,Yes,No,One year,Yes,Bank transfer (automatic),65.73,3431.03,No
C7005620,Male,0,No,Yes,67,Yes,No,No,No internet service,No internet service,No internet service,No internet service,No internet service,No internet service,One year,Yes,Bank transfer (automatic),20.68,1373.72,No
C7005621,Male,0,No,No,47,Yes,No,DSL,No,No,No,No,No,No,Two year,No,Bank transfer (automatic),46.85,2192.46,No
C7005622,Female,0,Yes,No,68,Yes,No,No,No internet service,No internet service,No internet service,No internet service,No internet service,No internet service,Month-to-month,No,Mailed check,25.07,1700.61,No
C7005623,Female,0,No,No,5,Yes,No,Fiber optic,No,Yes,Yes,Yes,No,Yes,One year,Yes,Electronic check,91.8,447.94,No
C7005624,Male,0,Yes,No,52,Yes,No,Fiber optic,No,No,No,No,Yes,Yes,Month-to-month,Yes,Credit card (automatic),83.8,4366.9,No
C7005625,Female,0,Yes,Yes,51,No,No phone service,Fiber optic,No,No,Yes,No,No,Yes,Month-to-month,No,Mailed check,78.72,3996.23,No
C7005626,Female,1,No,No,68,Yes,No,Fiber optic,No,No,No,Yes,No,No,Month-to-month,Yes,Electronic check,77.59,5288.35,No
C7005627,Female,0,Yes,Yes,6,Yes,No,Fiber optic,No,No,No,Yes,No,Yes,One year,No,Electronic check,82.95,513.93,No
C7005628,Male,1,Yes,No,37,Yes,No,Fiber optic,Yes,No,No,No,No,No,One year,Yes,Bank transfer (automatic),73.89,2709.96,No
C7005629,Male,0,Yes,No,37,Yes,Yes,No,No internet service,No internet service,No internet service,No internet service,No internet service,No internet service,Month-to-month,Yes,Electronic check,28.75,1041.36,No
C7005630,Male,0,No,Yes,6,Yes,Yes,No,No internet service,No internet service,No internet service,No internet service,No internet service,No internet service,Two year,No,Electronic check,28.56,163.27,No
C7005631,Male,0,No,No,45,Yes,No,DSL,No,No,No,Yes,No,No,Month-to-month,No,Bank transfer (automatic),55.12,2496.57,No
C7005632,Male,0,No,No,35,Yes,No,DSL,Yes,Yes,Yes,Yes,No,Yes,Month-to-month,Yes,Bank transfer (automatic),77.25,2692.84,No
C7005633,Male,0,Yes,No,36,Yes,Yes,No,No internet service,No internet service,No internet service,No internet service,No internet service,No internet service,Month-to-month,No,Mailed check,39.55,1426.7,Yes
C7005634,Male,0,Yes,No,49,Yes,Yes,DSL,No,No,No,No,Yes,No,Two year,No,Bank transfer (automatic),58.7,2854.17,No
C7005635,Female,0,No,Yes,54,Yes,Yes,No,No internet service,No internet service,No internet service,No internet service,No internet service,No internet service,Month-to-month,Yes,Credit card (automatic),28.05,1502.47,No
C7005636,Male,0,Yes,No,48,No,No phone service,DSL,No,No,No,Yes,Yes,No,One year,Yes,Electronic check,56.94,2717.34,No
C7005637,Female,1,Yes,No,28,Yes,Yes,DSL,No,No,No,No,No,Yes,Month-to-month,No,Electronic check,58.7,1631.68,Yes
C7005638,Male,0,Yes,No,70,Yes,Yes,DSL,Yes,Yes,No,No,No,Yes,Month-to-month,Yes,Credit card (automatic),73.89,5170.74,No
C7005639,Female,0,No,Yes,15,Yes,No,DSL,Yes,No,No,No,No,No,Month-to-month,No,Electronic check,59.32,892.37,No
C7005640,Male,0,No,No,24,Yes,Yes,Fiber optic,No,No,No,No,Yes,No,Month-to-month,Yes,Electronic check,85.68,2061.04,No
C7005641,Female,0,Yes,No,35,Yes,No,Fiber optic,No,No,Yes,No,Yes,Yes,Month-to-month,Yes,Bank transfer (automatic),86.43,3006.67,Yes
C7005642,Female,0,Yes,Yes,22,Yes,Yes,No,No internet service,No internet service,No internet service,No internet service,No internet service,No internet service,Two year,Yes,Bank transfer (automatic),34.78,786.19,No
C7005643,Male,0,No,Yes,24,Yes,Yes,Fiber optic,Yes,Yes,Yes,No,Yes,No,Two year,Yes,Credit card (automatic),91.19,2184.35,No
C7005644,Female,0,No,Yes,67,Yes,No,Fiber optic,No,No,No,No,No,No,Month-to-month,Yes,Mailed check,73.98,4974.46,Yes
C7005645,Male,0,Yes,No,11,Yes,Yes,Fiber optic,No,No,Yes,No,No,No,Month-to-month,Yes,Mailed check,82.48,919.07,Yes
C7005646,Female,0,Yes,Yes,37,Yes,Yes,DSL,No,Yes,Yes,No,Yes,Yes,Two year,No,Mailed check,75.78,2813.28,No
C7005647,Male,0,No,No,34,No,No phone service,No,No internet service,No internet service,No internet service,No internet service,No internet service,No internet service,One year,Yes,Credit card (automatic),19.5,683.86,No
C7005648,Male,0,No,Yes,6,No,No phone service,Fiber optic,No,No,No,No,Yes,Yes,One year,No,Mailed check,66.44,387.52,No
C7005649,Male,1,No,Yes,14,Yes,No,Fiber optic,No,Yes,No,No,No,No,Month-to-month,Yes,Electronic check,77.21,1089.3,Yes
C7005650,Female,0,No,Yes,19,Yes,No,Fiber optic,Yes,Yes,Yes,No,Yes,No,Month-to-month,Yes,Electronic check,88.42,1642.14,Yes
C7005651,Male,0,No,No,34,Yes,No,Fiber optic,Yes,Yes,No,Yes,No,No,Two year,Yes,Electronic check,84.04,2861.74,No
C7005652,Female,0,Yes,No,30,Yes,Yes,DSL,No,Yes,No,No,No,No,Month-to-month,No,Electronic check,60.76,1830.31,No
C7005653,Male,0,Yes,No,43,Yes,Yes,DSL,No,Yes,Yes,No,No,Yes,Month-to-month,No,Electronic check,71.1,3045.45,Yes
C7005654,Male,0,Yes,No,27,Yes,No,No,No internet service,No internet service,No internet service,No internet service,No internet service,No internet service,Month-to-month,Yes,Electronic check,22.72,615.4,No
C7005655,Male,0,No,No,57,Yes,No,No,No internet service,No internet service,No internet service,No internet service,No internet service,No internet service,One year,No,Credit card (automatic),22.55,1259.08,No
C7005656,Female,0,Yes,No,26,Yes,Yes,No,No internet service,No internet service,No internet service,No internet service,No internet service,No internet service,One year,Yes,Electronic check,27.19,690.46,No
C7005657,Female,0,Yes,Yes,62,Yes,Yes,Fiber optic,Yes,No,Yes,No,No,No,One year,Yes,Credit card (automatic),85.31,5288.99,No
C7005658,Male,0,Yes,No,72,Yes,Yes,Fiber optic,Yes,Yes,Yes,Yes,Yes,No,One year,Yes,Electronic check,103.61,7440.79,No
C7005659,Female,0,No,Yes,48,Yes,No,No,No internet service,No internet service,No internet service,No internet service,No internet service,No internet service,One year,Yes,Credit card (automatic),25.57,1257.01,No
C7005660,Male,0,No,No,7,Yes,Yes,Fiber optic,No,No,No,No,No,No,Two year,No,Credit card (automatic),75.97,540.13,No
C7005661,Male,0,Yes,No,65,Yes,No,No,No internet service,No internet service,No internet service,No internet service,No internet service,No internet service,Month-to-month,No,Credit card (automatic),24.38,1583.42,No
C7005662,Female,0,Yes,No,59,Yes,Yes,Fiber optic,No,Yes,Yes,No,No,No,Month-to-month,Yes,Bank transfer (automatic),83.63,4937.7,No
C7005663,Male,0,No,No,40,Yes,No,Fiber optic,No,No,Yes,No,Yes,Yes,Month-to-month,Yes,Electronic check,83.09,3329.78,No
C7005664,Male,0,Yes,No,24,Yes,Yes,Fiber optic,No,No,Yes,No,Yes,No,Month-to-month,Yes,Bank transfer (automatic),83.83,1994.6,No
C7005665,Female,0,No,Yes,51,Yes,No,DSL,No,No,Yes,Yes,Yes,Yes,Two year,Yes,Electronic check,65.76,3361.46,No
C7005666,Male,0,Yes,No,44,Yes,Yes,DSL,Yes,No,Yes,No,No,Yes,Month-to-month,No,Electronic check,73.97,3260.74,No
C7005667,Female,0,No,Yes,56,No,No phone service,No,No internet service,No internet service,No internet service,No internet service,No internet service,No internet service,Two year,Yes,Credit card (automatic),20.83,1157.57,No
C7005668,Female,0,Yes,Yes,47,Yes,Yes,Fiber optic,No,No,No,No,Yes,No,Two year,Yes,Electronic check,80.65,3797.89,Yes
C7005669,Female,0,No,Yes,60,Yes,No,DSL,No,Yes,No,No,Yes,Yes,Month-to-month,Yes,Electronic check,66.17,3966.52,No
C7005670,Female,0,Yes,No,70,Yes,No,No,No internet service,No internet service,No internet service,No internet service,No internet service,No internet service,Month-to-month,Yes,Credit card (automatic),23.77,1671.75,No
C7005671,Female,0,Yes,No,54,Yes,Yes,No,No internet service,No internet service,No internet service,No internet service,No internet service,No internet service,Two year,Yes,Credit card (automatic),30.97,1690.59,No
C7005672,Male,0,No,No,23,Yes,Yes,Fiber optic,No,No,Yes,Yes,Yes,Yes,One year,No,Bank transfer (automatic),93.08,2140.56,No
C7005673,Female,0,No,Yes,65,Yes,Yes,DSL,No,No,Yes,No,No,Yes,One year,No,Mailed check,63.46,4153.05,No
C7005674,Female,0,No,No,60,Yes,Yes,DSL,No,Yes,Yes,No,Yes,Yes,Month-to-month,No,Electronic check,74.93,4489.53,Yes
C7005675,Female,0,No,No,34,Yes,No,No,No internet service,No internet service,No internet service,No internet service,No internet service,No internet service,Month-to-month,Yes,Credit card (automatic),25.22,841.82,No
C7005676,Male,0,No,Yes,4,Yes,Yes,DSL,No,No,No,No,No,No,Two year,No,Electronic check,59.46,241.27,No
C7005677,Female,0,No,No,69,Yes,No,DSL,No,Yes,No,No,Yes,No,Two year,Yes,Mailed check,57.26,3935.54,No
C7005678,Female,0,Yes,No,39,Yes,No,DSL,Yes,Yes,No,No,No,Yes,Two year,Yes,Credit card (automatic),62.12,2429.17,No
C7005679,Male,0,No,No,29,Yes,No,Fiber optic,No,Yes,No,Yes,Yes,Yes,Two year,No,Bank transfer (automatic),88.69,2554.77,No
C7005680,Female,1,Yes,No,44,No,No phone service,Fiber optic,Yes,No,No,No,Yes,No,Month-to-month,No,Electronic check,78.11,3447.67,No
C7005681,Male,0,Yes,No,5,Yes,Yes,No,No internet service,No internet service,No internet service,No internet service,No internet service,No internet service,Month-to-month,Yes,Electronic check,30.88,151.03,No
C7005682,Male,0,No,No,60,Yes,Yes,No,No internet service,No internet service,No internet service,No internet service,No internet service,No internet service,Month-to-month,No,Bank transfer (automatic),36.78,2233.52,No
C7005683,Female,1,Yes,Yes,13,Yes,Yes,No,No internet service,No internet service,No internet service,No internet service,No internet service,No internet service,One year,Yes,Mailed check,29.8,411.17,No
C7005684,Male,0,Yes,Yes,18,Yes,Yes,DSL,No,Yes,No,No,Yes,No,One year,Yes,Electronic check,66.13,1206.67,No
C7005685,Male,0,Yes,No,40,Yes,Yes,Fiber optic,No,No,No,Yes,Yes,Yes,Month-to-month,No,Mailed check,90.27,3595.9,No
C7005686,Male,0,No,Yes,48,Yes,No,Fiber optic,Yes,No,Yes,No,Yes,Yes,Month-to-month,No,Electronic check,90.84,4347.93,No
C7005687,Male,1,No,No,1,Yes,Yes,No,No internet service,No internet service,No internet service,No internet service,No internet service,No internet service,One year,Yes,Bank transfer (automatic),27.73,29.65,No
C7005688,Female,0,Yes,Yes,42,Yes,No,Fiber optic,Yes,No,No,No,Yes,No,Month-to-month,Yes,Bank transfer (automatic),80.27,3380.23,No
C7005689,Female,0,Yes,Yes,11,Yes,Yes,DSL,Yes,No,Yes,Yes,No,No,Two year,Yes,Electronic check,66.63,732.91,No
C7005690,Female,1,Yes,No,69,Yes,Yes,Fiber optic,Yes,No,Yes,No,No,No,Month-to-month,Yes,Credit card (automatic),86.04,5933.87,No
C7005691,Male,0,Yes,Yes,27,Yes,Yes,Fiber optic,No,Yes,No,No,No,No,Two year,No,Credit card (automatic),81.33,2204.42,No
C7005692,Female,1,Yes,No,35,Yes,Yes,DSL,Yes,Yes,No,No,Yes,Yes,Month-to-month,Yes,Bank transfer (automatic),74.4,2625.75,Yes
C7005693,Female,0,Yes,No,45,Yes,Yes,Fiber optic,Yes,No,No,No,No,Yes,One year,No,Electronic check,83.02,3763.74,No
C7005694,Female,1,No,No,11,Yes,No,Fiber optic,Yes,No,No,Yes,Yes,No,Two year,No,Mailed check,82.75,936.6,No
C7005695,Male,0,No,No,12,Yes,No,Fiber optic,No,Yes,No,Yes,No,Yes,Month-to-month,No,Bank transfer (automatic),82.17,959.6,Yes
C7005696,Male,0,Yes,Yes,70,Yes,Yes,DSL,No,Yes,Yes,Yes,Yes,No,One year,Yes,Credit card (automatic),72.82,5052.56,No
C7005697,Female,1,Yes,No,41,Yes,Yes,Fiber optic,Yes,Yes,Yes,Yes,No,Yes,Month-to-month,No,Credit card (automatic),107.5,4417.28,Yes
C7005698,Female,0,Yes,No,16,Yes,No,DSL,Yes,Yes,No,Yes,No,Yes,Month-to-month,No,Bank transfer (automatic),70.86,1149.7,Yes
C7005699,Male,0,Yes,Yes,48,Yes,Yes,DSL,Yes,No,Yes,No,No,No,Month-to-month,No,Bank transfer (automatic),64.26,3099.52,No
C7005700,Female,0,Yes,No,65,Yes,Yes,Fiber optic,No,Yes,No,Yes,Yes,No,Month-to-month,Yes,Mailed check,87.82,5722.94,No
C7005701,Male,1,No,No,55,Yes,No,DSL,No,No,Yes,No,Yes,Yes,Month-to-month,Yes,Mailed check,64.55,3566.28,No
C7005702,Male,0,No,No,29,Yes,No,Fiber optic,No,Yes,Yes,Yes,Yes,Yes,Two year,No,Mailed check,96.77,2806.65,No
C7005703,Female,1,Yes,Yes,48,Yes,Yes,Fiber optic,No,No,Yes,No,No,No,Two year,No,Credit card (automatic),81.6,3922.83,No
C7005704,Female,0,Yes,Yes,65,Yes,No,Fiber optic,No,No,No,No,Yes,No,Month-to-month,Yes,Mailed check,77.89,5073.38,Yes
C7005705,Male,0,No,Yes,18,Yes,Yes,DSL,Yes,Yes,No,Yes,No,No,Two year,No,Mailed check,73.04,1326.01,No
C7005706,Female,0,No,Yes,57,Yes,No,DSL,No,Yes,Yes,No,Yes,No,Two year,No,Electronic check,64.94,3697.59,No
C7005707,Female,1,Yes,No,72,Yes,Yes,Fiber optic,No,Yes,Yes,Yes,Yes,Yes,Month-to-month,No,Electronic check,97.9,7033.55,No
C7005708,Male,0,No,No,25,Yes,No,DSL,No,No,Yes,Yes,Yes,Yes,Month-to-month,No,Credit card (automatic),69.28,1709.09,No
C7005709,Female,0,Yes,No,64,Yes,No,DSL,No,Yes,No,No,No,Yes,Two year,No,Electronic check,62.36,3985.25,No
C7005710,Female,0,No,No,1,Yes,Yes,Fiber optic,No,No,Yes,No,No,Yes,Month-to-month,No,Mailed check,83.04,64.66,No
C7005711,Female,1,Yes,Yes,27,Yes,No,DSL,Yes,Yes,Yes,No,No,Yes,Month-to-month,Yes,Credit card (automatic),76.31,2060.07,Yes
C7005712,Female,0,No,No,20,Yes,Yes,Fiber optic,No,No,Yes,Yes,No,No,Month-to-month,No,Mailed check,82.94,1671.35,No
C7005713,Female,0,Yes,No,2,Yes,No,DSL,Yes,No,Yes,No,Yes,Yes,One year,Yes,Mailed check,71.52,148.03,No
C7005714,Male,0,No,No,43,Yes,Yes,DSL,Yes,No,Yes,No,Yes,Yes,Month-to-month,Yes,Electronic check,75.88,3262.2,No
C7005715,Male,0,No,No,38,Yes,Yes,No,No internet service,No internet service,No internet service,No internet service,No internet service,No internet service,Month-to-month,Yes,Electronic check,32.39,1239.3,No
C7005716,Female,0,No,No,27,Yes,No,Fiber optic,No,Yes,No,Yes,No,No,Month-to-month,Yes,Credit card (automatic),73.84,1979.42,Yes
C7005717,Female,0,No,Yes,63,Yes,Yes,DSL,Yes,Yes,Yes,Yes,No,No,Month-to-month,Yes,Mailed check,77.86,4917.34,No
C7005718,Male,0,Yes,No,18,Yes,Yes,DSL,No,Yes,Yes,No,No,Yes,One year,No,Electronic check,68.9,1243.91,No
C7005719,Male,0,No,No,60,Yes,No,Fiber optic,No,Yes,Yes,Yes,Yes,No,One year,Yes,Bank transfer (automatic),87.45,5238.5,No
C7005720,Female,0,Yes,No,46,No,No phone service,Fiber optic,Yes,No,Yes,No,Yes,Yes,Two year,Yes,Bank transfer (automatic),87.9,4055.94,No
C7005721,Male,0,No,No,65,Yes,Yes,Fiber optic,No,No,Yes,No,Yes,No,Month-to-month,Yes,Mailed check,79.56,5125.28,No
C7005722,Male,0,Yes,Yes,0,Yes,Yes,DSL,Yes,Yes,Yes,Yes,No,No,Month-to-month,Yes,Electronic check,80.76,0.0,No
C7005723,Female,0,Yes,No,70,Yes,No,No,No internet service,No internet service,No internet service,No internet service,No internet service,No internet service,Month-to-month,Yes,Electronic check,25.62,1787.01,No
C7005724,Female,0,Yes,No,0,Yes,No,No,No internet service,No internet service,No internet service,No internet service,No internet service,No internet service,Month-to-month,Yes,Mailed check,24.56,0.0,No
C7005725,Female,0,No,Yes,52,Yes,No,Fiber optic,No,Yes,Yes,No,Yes,No,Two year,No,Bank transfer (automatic),81.21,4215.19,No
C7005726,Female,0,No,Yes,54,Yes,No,No,No internet service,No internet service,No internet service,No internet service,No internet service,No internet service,Month-to-month,Yes,Electronic check,24.2,1314.87,Yes
C7005727,Male,0,Yes,Yes,11,Yes,No,DSL,No,Yes,No,No,Yes,No,One year,Yes,Mailed check,63.52,693.48,No
C7005728,Female,0,No,Yes,2,Yes,Yes,DSL,No,No,Yes,Yes,Yes,Yes,Month-to-month,Yes,Bank transfer (automatic),75.78,170.45,Yes
C7005729,Male,0,Yes,No,2,No,No phone service,DSL,Yes,Yes,No,No,Yes,No,Two year,Yes,Electronic check,61.69,103.36,No
C7005730,Male,0,Yes,No,9,Yes,No,DSL,No,No,Yes,No,Yes,Yes,Month-to-month,Yes,Electronic check,68.03,614.48,Yes
C7005731,Female,0,Yes,No,11,Yes,Yes,DSL,Yes,No,Yes,No,No,No,One year,No,Credit card (automatic),62.45,671.61,No
C7005732,Female,0,No,No,70,Yes,No,No,No internet service,No internet service,No internet service,No internet service,No internet service,No internet service,Month-to-month,No,Mailed check,20.14,1431.49,No
C7005733,Female,0,No,No,14,No,No phone service,No,No internet service,No internet service,No internet service,No internet service,No internet service,No internet service,Month-to-month,Yes,Bank transfer (automatic),18.0,260.76,Yes
C7005734,Male,0,No,No,58,Yes,No,Fiber optic,No,No,No,Yes,No,No,Month-to-month,Yes,Credit card (automatic),74.91,4329.22,Yes
C7005735,Female,0,Yes,No,4,Yes,No,Fiber optic,No,Yes,Yes,No,Yes,Yes,Month-to-month,Yes,Electronic check,89.28,367.08,Yes
C7005736,Female,0,Yes,No,47,No,No phone service,DSL,No,No,Yes,No,No,No,One year,Yes,Bank transfer (automatic),49.24,2332.77,No
C7005737,Female,0,No,No,33,Yes,Yes,DSL,Yes,No,No,No,No,No,One year,No,Electronic check,61.54,2028.2,No
C7005738,Female,0,Yes,No,39,Yes,No,Fiber optic,No,No,No,No,Yes,Yes,One year,Yes,Credit card (automatic),78.71,3069.46,No
C7005739,Male,0,No,No,57,Yes,Yes,Fiber optic,No,No,No,No,Yes,No,One year,Yes,Electronic check,76.82,4384.24,No
C7005740,Female,0,No,No,15,Yes,No,Fiber optic,No,No,Yes,No,Yes,No,One year,No,Credit card (automatic),77.04,1155.46,No
C7005741,Female,0,Yes,Yes,0,Yes,No,Fiber optic,No,Yes,No,Yes,Yes,Yes,One year,No,Electronic check,91.84,0.0,Yes
C7005742,Female,0,Yes,No,16,Yes,Yes,No,No internet service,No internet service,No internet service,No internet service,No internet service,No internet service,Month-to-month,No,Credit card (automatic),33.21,535.16,No
C7005743,Female,0,No,No,58,Yes,No,DSL,No,No,No,Yes,Yes,No,Month-to-month,Yes,Electronic check,64.21,3731.13,No
C7005744,Female,0,No,No,43,Yes,Yes,DSL,No,No,Yes,No,Yes,Yes,Two year,Yes,Electronic check,68.57,2957.87,No
C7005745,Male,0,No,No,67,Yes,Yes,DSL,No,No,No,Yes,No,No,Month-to-month,No,Electronic check,60.53,4060.44,No
C7005746,Male,0,No,No,60,Yes,No,No,No internet service,No internet service,No internet service,No internet service,No internet service,No internet service,Two year,Yes,Electronic check,26.42,1586.52,No
C7005747,Female,0,Yes,No,11,Yes,No,Fiber optic,Yes,No,Yes,No,Yes,Yes,Two year,No,Mailed check,90.87,994.9,No
C7005748,Female,0,No,No,4,Yes,No,Fiber optic,No,Yes,Yes,No,Yes,No,One year,Yes,Mailed check,86.68,351.97,No
C7005749,Female,0,No,No,1,Yes,Yes,No,No internet service,No internet service,No internet service,No internet service,No internet service,No internet service,Two year,No,Electronic check,32.09,38.29,No
C7005750,Male,0,No,Yes,13,Yes,Yes,Fiber optic,No,No,Yes,Yes,Yes,Yes,Month-to-month,No,Credit card (automatic),92.71,1211.42,No
C7005751,Male,0,Yes,Yes,34,Yes,Yes,DSL,No,Yes,Yes,Yes,Yes,No,One year,No,Bank transfer (automatic),73.14,2460.84,No
C7005752,Female,0,No,Yes,1,Yes,No,DSL,No,Yes,No,No,No,Yes,Month-to-month,No,Electronic check,61.28,69.59,No
C7005753,Female,1,Yes,No,63,Yes,No,Fiber optic,Yes,No,No,No,No,No,One year,Yes,Electronic check,72.02,4542.42,No
C7005754,Male,0,Yes,No,34,No,No phone service,Fiber optic,No,Yes,No,Yes,No,No,Month-to-month,Yes,Credit card (automatic),73.13,2496.52,Yes
C7005755,Female,0,No,Yes,53,Yes,Yes,No,No internet service,No internet service,No internet service,No internet service,No internet service,No internet service,One year,Yes,Electronic check,30.47,1596.1,No
C7005756,Male,0,No,No,63,Yes,No,DSL,Yes,No,No,No,Yes,No,Month-to-month,Yes,Bank transfer (automatic),58.52,3685.75,No
C7005757,Male,1,No,No,2,Yes,No,Fiber optic,No,No,No,Yes,No,No,Month-to-month,Yes,Mailed check,76.06,157.95,Yes
C7005758,Male,0,No,No,31,Yes,Yes,DSL,No,Yes,No,Yes,Yes,Yes,One year,Yes,Credit card (automatic),72.89,2262.19,No
C7005759,Male,0,Yes,No,49,Yes,Yes,No,No internet service,No internet service,No internet service,No internet service,No internet service,No internet service,Month-to-month,No,Credit card (automatic),22.85,1130.64,No
C7005760,Male,0,No,No,72,Yes,No,DSL,No,No,Yes,Yes,Yes,No,One year,Yes,Electronic check,65.88,4742.45,No
C7005761,Female,0,No,No,59,Yes,Yes,DSL,No,No,No,Yes,Yes,Yes,One year,Yes,Mailed check,69.78,4095.35,No
C7005762,Female,0,No,Yes,15,Yes,No,Fiber optic,No,Yes,No,Yes,No,Yes,Two year,Yes,Mailed check,88.77,1291.54,No
C7005763,Female,1,No,Yes,19,Yes,Yes,No,No internet service,No internet service,No internet service,No internet service,No internet service,No internet service,One year,Yes,Credit card (automatic),28.88,533.56,No
C7005764,Male,1,No,No,58,Yes,Yes,DSL,No,Yes,Yes,No,Yes,Yes,Month-to-month,No,Bank transfer (automatic),75.25,4350.68,No
C7005765,Male,1,No,No,47,Yes,No,DSL,No,Yes,No,No,No,No,Month-to-month,Yes,Credit card (automatic),53.79,2544.23,Yes
C7005766,Male,0,Yes,No,18,Yes,Yes,DSL,Yes,Yes,Yes,No,Yes,Yes,Two year,Yes,Electronic check,77.88,1419.02,No
C7005767,Female,0,No,No,36,Yes,No,No,No internet service,No internet service,No internet service,No internet service,No internet service,No internet service,Month-to-month,Yes,Electronic check,23.55,861.96,No
C7005768,Male,0,Yes,Yes,67,Yes,Yes,Fiber optic,Yes,No,No,Yes,Yes,No,One year,Yes,Bank transfer (automatic),87.05,5831.43,No
C7005769,Female,0,Yes,No,15,Yes,Yes,No,No internet service,No internet service,No internet service,No internet service,No internet service,No internet service,One year,No,Electronic check,30.37,431.46,No
C7005770,Female,0,No,No,24,Yes,Yes,DSL,No,No,No,No,Yes,Yes,Month-to-month,No,Credit card (automatic),65.31,1560.03,No
C7005771,Female,0,No,No,65,Yes,No,Fiber optic,No,No,No,No,Yes,Yes,Month-to-month,No,Bank transfer (automatic),77.1,5037.25,No
C7005772,Male,0,No,No,49,Yes,Yes,Fiber optic,Yes,Yes,Yes,No,No,No,One year,Yes,Mailed check,92.52,4518.59,No
C7005773,Female,1,Yes,Yes,16,Yes,Yes,DSL,No,No,Yes,No,No,No,Month-to-month,No,Electronic check,57.81,933.32,No
C7005774,Male,1,Yes,Yes,20,Yes,Yes,Fiber optic,Yes,No,No,No,No,No,Month-to-month,Yes,Electronic check,79.92,1598.19,No
C7005775,Male,0,No,Yes,61,Yes,No,Fiber optic,No,Yes,No,No,No,No,One year,No,Mailed check,77.48,4721.1,No
C7005776,Female,0,No,No,20,Yes,Yes,DSL,Yes,No,Yes,No,Yes,Yes,Month-to-month,Yes,Mailed check,78.86,1574.09,No
C7005777,Female,0,No,No,51,Yes,No,Fiber optic,No,No,No,No,No,No,One year,Yes,Bank transfer (automatic),62.89,3221.29,No
C7005778,Female,0,No,Yes,36,Yes,Yes,Fiber optic,Yes,No,No,Yes,No,No,Month-to-month,Yes,Credit card (automatic),87.58,3128.58,No
C7005779,Male,0,No,No,16,Yes,Yes,Fiber optic,Yes,Yes,No,No,Yes,No,Month-to-month,Yes,Credit card (automatic),90.71,1454.37,Yes
C7005780,Female,0,No,No,26,Yes,Yes,Fiber optic,No,No,No,No,Yes,No,One year,No,Bank transfer (automatic),81.43,2085.76,No
C7005781,Female,0,Yes,No,51,Yes,Yes,No,No internet service,No internet service,No internet service,No internet service,No internet service,No internet service,Month-to-month,Yes,Electronic check,28.52,1450.19,Yes
C7005782,Male,0,No,No,58,No,No phone service,Fiber optic,No,No,No,No,Yes,Yes,Month-to-month,No,Electronic check,77.1,4481.04,Yes
C7005783,Female,1,No,No,1,Yes,No,Fiber optic,No,No,No,Yes,Yes,Yes,One year,No,Electronic check,88.14,99.23,Yes
C7005784,Male,0,Yes,Yes,66,Yes,No,DSL,No,No,No,No,No,Yes,Two year,No,Electronic check,56.68,3746.99,No
C7005785,Female,0,No,No,17,Yes,No,Fiber optic,No,No,Yes,Yes,No,No,One year,Yes,Mailed check,82.49,1399.52,Yes
C7005786,Female,0,No,No,47,Yes,No,DSL,Yes,No,Yes,Yes,No,Yes,Month-to-month,No,Electronic check,75.6,3561.55,No
C7005787,Female,0,Yes,Yes,20,Yes,Yes,DSL,No,Yes,No,No,No,No,Month-to-month,Yes,Electronic check,64.14,1309.6,No
C7005788,Female,0,Yes,Yes,19,Yes,Yes,Fiber optic,No,No,No,Yes,No,Yes,One year,No,Bank transfer (automatic),82.97,1584.33,Yes
C7005789,Male,0,No,No,64,Yes,No,No,No internet service,No internet service,No internet service,No internet service,No internet service,No internet service,Month-to-month,No,Electronic check,27.06,1697.31,No
C7005790,Female,0,No,No,51,Yes,No,DSL,No,No,Yes,No,No,Yes,Two year,Yes,Mailed check,63.27,3232.01,No
C7005791,Female,0,No,No,66,Yes,No,Fiber optic,No,No,Yes,Yes,No,Yes,Month-to-month,Yes,Electronic check,85.89,5685.23,No
C7005792,Male,0,Yes,No,1,Yes,No,DSL,No,No,Yes,No,Yes,No,Month-to-month,Yes,Mailed check,61.9,64.55,No
C7005793,Male,1,No,No,19,Yes,Yes,DSL,Yes,No,No,Yes,No,Yes,Two year,No,Credit card (automatic),65.34,1230.8,Yes
C7005794,Female,0,Yes,No,3,Yes,No,Fiber optic,No,No,No,Yes,No,No,Two year,Yes,Credit card (automatic),74.78,243.07,No
C7005795,Female,0,Yes,Yes,34,Yes,No,DSL,No,No,No,Yes,Yes,No,Month-to-month,No,Electronic check,59.14,2009.07,No
C7005796,Female,1,Yes,No,33,Yes,No,No,No internet service,No internet service,No internet service,No internet service,No internet service,No internet service,One year,Yes,Electronic check,22.07,709.53,No
C7005797,Female,0,No,No,71,Yes,No,DSL,No,No,No,No,No,Yes,Month-to-month,No,Bank transfer (automatic),57.85,4107.3,No
C7005798,Female,0,Yes,Yes,16,Yes,Yes,Fiber optic,No,No,Yes,No,Yes,No,Two year,No,Mailed check,81.37,1315.56,Yes
C7005799,Male,1,Yes,No,48,Yes,No,DSL,No,No,No,No,Yes,Yes,Two year,No,Credit card (automatic),62.74,3011.89,No
C7005800,Male,0,Yes,No,72,Yes,Yes,DSL,Yes,No,Yes,Yes,Yes,No,Month-to-month,Yes,Mailed check,74.5,5354.62,No
C7005801,Female,0,No,No,5,Yes,Yes,Fiber optic,Yes,No,No,No,Yes,No,Month-to-month,No,Bank transfer (automatic),88.39,451.05,No
C7005802,Female,0,Yes,No,32,Yes,No,Fiber optic,Yes,No,Yes,No,Yes,No,Month-to-month,Yes,Mailed check,86.12,2765.76,No
C7005803,Female,0,Yes,No,28,Yes,No,DSL,Yes,Yes,Yes,No,No,No,Two year,Yes,Mailed check,65.4,1817.08,No
C7005804,Female,0,No,Yes,1,Yes,No,DSL,Yes,Yes,Yes,No,No,No,One year,Yes,Electronic check,64.85,59.53,No
C7005805,Female,0,No,Yes,30,Yes,Yes,DSL,No,Yes,No,No,Yes,Yes,Month-to-month,Yes,Mailed check,68.58,2045.36,Yes
C7005806,Female,0,No,No,18,Yes,Yes,No,No internet service,No internet service,No internet service,No internet service,No internet service,No internet service,One year,Yes,Mailed check,30.65,554.59,No
C7005807,Female,0,Yes,No,22,Yes,Yes,No,No internet service,No internet service,No internet service,No internet service,No internet service,No internet service,Month-to-month,No,Electronic check,23.78,548.37,No
C7005808,Male,1,No,No,15,Yes,No,DSL,No,Yes,Yes,Yes,Yes,No,Two year,Yes,Mailed check,69.06,1057.62,No
C7005809,Female,0,No,No,37,Yes,No,DSL,Yes,No,No,Yes,No,No,Two year,Yes,Bank transfer (automatic),61.87,2290.01,No
C7005810,Female,0,No,No,29,Yes,No,DSL,No,No,Yes,Yes,Yes,Yes,Month-to-month,Yes,Credit card (automatic),69.69,1997.51,No
C7005811,Male,1,No,Yes,53,No,No phone service,Fiber optic,No,Yes,Yes,No,No,No,Month-to-month,Yes,Credit card (automatic),77.65,4116.09,No
C7005812,Female,0,Yes,Yes,25,Yes,No,DSL,Yes,Yes,Yes,Yes,Yes,No,Month-to-month,Yes,Credit card (automatic),72.59,1811.33,Yes
C7005813,Female,0,Yes,Yes,50,Yes,Yes,DSL,Yes,Yes,No,No,No,No,One year,No,Electronic check,61.96,3083.11,No
C7005814,Female,0,Yes,No,38,Yes,No,Fiber optic,No,No,No,Yes,Yes,No,Month-to-month,Yes,Bank transfer (automatic),80.36,3068.46,No
C7005815,Female,0,Yes,No,25,Yes,No,Fiber optic,No,No,No,Yes,Yes,Yes,Month-to-month,Yes,Credit card (automatic),83.18,2093.7,No
C7005816,Male,0,No,No,60,Yes,Yes,Fiber optic,No,Yes,No,No,No,Yes,Two year,No,Electronic check,86.69,5202.17,No
C7005817,Male,0,Yes,No,53,Yes,Yes,Fiber optic,Yes,No,Yes,No,No,Yes,Two year,No,Bank transfer (automatic),88.55,4690.33,No
C7005818,Male,1,No,No,38,No,No phone service,DSL,No,Yes,No,Yes,Yes,Yes,Two year,No,Electronic check,65.61,2479.04,No
C7005819,Male,0,No,Yes,38,Yes,Yes,DSL,No,Yes,Yes,No,Yes,No,Month-to-month,Yes,Credit card (automatic),62.78,2390.81,No
C7005820,Female,0,No,No,55,Yes,No,Fiber optic,No,No,No,No,No,Yes,Month-to-month,Yes,Credit card (automatic),74.04,4082.8,Yes
C7005821,Female,0,Yes,No,56,Yes,No,Fiber optic,Yes,Yes,No,No,No,Yes,Two year,No,Electronic check,84.07,4716.75,No
C7005822,Female,1,No,Yes,51,No,No phone service,DSL,No,No,No,No,Yes,No,One year,Yes,Bank transfer (automatic),44.76,2285.7,No
C7005823,Male,0,Yes,No,8,Yes,No,DSL,No,Yes,No,No,Yes,No,Month-to-month,Yes,Credit card (automatic),60.69,512.11,No
C7005824,Male,0,Yes,Yes,16,Yes,Yes,DSL,Yes,Yes,Yes,No,No,Yes,Month-to-month,Yes,Electronic check,74.61,1199.97,Yes
C7005825,Male,0,Yes,No,29,Yes,No,No,No internet service,No internet service,No internet service,No internet service,No internet service,No internet service,One year,Yes,Bank transfer (automatic),22.48,647.71,No
C7005826,Female,0,Yes,No,41,Yes,Yes,DSL,Yes,No,No,No,Yes,Yes,One year,Yes,Mailed check,73.86,3019.55,No
C7005827,Male,1,No,No,28,Yes,No,No,No internet service,No internet service,No internet service,No internet service,No internet service,No internet service,Two year,Yes,Electronic check,22.01,600.16,Yes
C7005828,Female,0,Yes,No,60,Yes,No,No,No internet service,No internet service,No internet service,No internet service,No internet service,No internet service,Month-to-month,Yes,Mailed check,27.72,1695.46,No
C7005829,Female,0,No,No,25,Yes,Yes,Fiber optic,No,No,No,No,No,No,Month-to-month,Yes,Mailed check,74.67,1879.01,No
C7005830,Female,0,Yes,No,39,Yes,No,No,No internet service,No internet service,No internet service,No internet service,No internet service,No internet service,One year,Yes,Electronic check,27.81,1104.23,No
C7005831,Male,0,No,No,50,Yes,No,DSL,No,No,Yes,No,Yes,Yes,Two year,No,Electronic check,66.68,3336.49,No
C7005832,Male,0,Yes,No,27,Yes,No,DSL,No,No,No,Yes,Yes,No,Month-to-month,No,Mailed check,54.14,1465.92,No
C7005833,Female,0,No,No,40,Yes,No,Fiber optic,No,Yes,No,No,No,Yes,One year,No,Mailed check,76.92,3063.62,No
C7005834,Female,0,Yes,No,53,Yes,No,Fiber optic,Yes,Yes,Yes,Yes,Yes,No,Month-to-month,No,Bank transfer (automatic),92.5,4898.23,No
C7005835,Male,0,No,No,28,No,No phone service,No,No internet service,No internet service,No internet service,No internet service,No internet service,No internet service,Month-to-month,Yes,Mailed check,27.0,751.37,No
C7005836,Female,0,No,No,70,Yes,No,Fiber optic,No,Yes,No,Yes,Yes,No,Month-to-month,Yes,Credit card (automatic),88.07,6149.89,Yes
C7005837,Female,0,No,No,39,Yes,No,DSL,No,No,Yes,No,Yes,No,Month-to-month,No,Bank transfer (automatic),64.43,2520.41,No
C7005838,Male,0,Yes,Yes,57,Yes,Yes,DSL,No,No,Yes,Yes,Yes,No,Month-to-month,Yes,Bank transfer (automatic),66.61,3851.41,No
C7005839,Male,0,No,Yes,51,Yes,Yes,Fiber optic,No,No,Yes,No,No,Yes,One year,Yes,Mailed check,85.61,4346.87,Yes
C7005840,Male,1,No,No,59,Yes,No,Fiber optic,Yes,No,Yes,Yes,Yes,No,Month-to-month,Yes,Electronic check,87.8,5188.35,No
C7005841,Male,1,No,No,49,No,No phone service,Fiber optic,Yes,Yes,Yes,No,Yes,No,Two year,No,Electronic check,89.75,4389.95,No
C7005842,Male,1,No,No,39,Yes,Yes,No,No internet service,No internet service,No internet service,No internet service,No internet service,No internet service,Month-to-month,Yes,Bank transfer (automatic),31.5,1232.73,No
C7005843,Female,0,No,No,55,Yes,No,DSL,Yes,No,Yes,No,No,Yes,Month-to-month,No,Electronic check,64.31,3562.2,No
C7005844,Male,0,No,No,34,Yes,No,Fiber optic,No,Yes,No,No,Yes,Yes,Month-to-month,Yes,Electronic check,83.02,2797.01,No
C7005845,Female,1,No,Yes,62,Yes,No,DSL,Yes,No,No,Yes,No,Yes,Two year,Yes,Electronic check,67.02,4138.19,No
C7005846,Female,0,Yes,No,36,Yes,Yes,Fiber optic,Yes,No,No,No,Yes,No,Month-to-month,Yes,Credit card (automatic),86.08,3094.23,No
C7005847,Male,0,Yes,No,53,No,No phone service,Fiber optic,Yes,No,Yes,Yes,No,No,Month-to-month,Yes,Bank transfer (automatic),79.03,4189.04,Yes
C7005848,Male,0,No,No,15,Yes,Yes,Fiber optic,No,No,Yes,No,Yes,No,One year,Yes,Bank transfer (automatic),82.74,1231.34,No
C7005849,Female,0,No,No,13,Yes,No,Fiber optic,Yes,No,No,No,Yes,Yes,Month-to-month,No,Bank transfer (automatic),87.0,1127.01,No
C7005850,Female,0,Yes,No,41,Yes,Yes,DSL,No,Yes,Yes,No,Yes,Yes,Month-to-month,Yes,Bank transfer (automatic),74.89,3084.24,No
C7005851,Female,0,Yes,Yes,61,Yes,No,No,No internet service,No internet service,No internet service,No internet service,No internet service,No internet service,Month-to-month,Yes,Credit card (automatic),23.04,1388.14,No
C7005852,Male,0,Yes,Yes,53,Yes,Yes,Fiber optic,No,No,No,No,No,Yes,Month-to-month,No,Electronic check,80.67,4266.31,Yes
C7005853,Male,0,Yes,Yes,24,Yes,Yes,No,No internet service,No internet service,No internet service,No internet service,No internet service,No internet service,Two year,Yes,Electronic check,32.23,762.69,No
C7005854,Male,0,No,No,62,Yes,No,DSL,Yes,No,No,No,Yes,No,One year,No,Credit card (automatic),60.03,3739.53,No
C7005855,Female,0,No,No,48,Yes,No,DSL,Yes,Yes,Yes,No,No,No,Month-to-month,No,Mailed check,66.97,3209.14,No
C7005856,Female,0,Yes,Yes,40,Yes,No,Fiber optic,Yes,Yes,Yes,Yes,Yes,No,Month-to-month,Yes,Credit card (automatic),92.37,3686.36,No
C7005857,Female,0,Yes,Yes,72,Yes,Yes,Fiber optic,No,No,Yes,Yes,No,No,One year,No,Mailed check,89.45,6436.57,No
C7005858,Female,0,Yes,No,56,Yes,Yes,Fiber optic,No,No,Yes,No,Yes,No,Two year,Yes,Bank transfer (automatic),82.49,4619.96,No
C7005859,Male,0,No,No,21,No,No phone service,DSL,Yes,Yes,Yes,Yes,No,No,Month-to-month,No,Mailed check,66.69,1419.71,No
C7005860,Female,1,No,No,4,Yes,Yes,Fiber optic,No,No,Yes,No,No,Yes,One year,Yes,Credit card (automatic),84.63,345.16,No
C7005861,Male,0,Yes,No,19,Yes,Yes,Fiber optic,No,No,Yes,No,Yes,Yes,Month-to-month,Yes,Electronic check,87.2,1685.75,Yes
C7005862,Female,1,Yes,No,12,Yes,Yes,DSL,No,No,Yes,Yes,Yes,Yes,Month-to-month,Yes,Electronic check,73.91,879.17,Yes
C7005863,Female,0,No,No,13,Yes,No,Fiber optic,No,No,Yes,No,No,No,Month-to-month,Yes,Credit card (automatic),80.26,1056.65,Yes
C7005864,Female,0,No,No,38,Yes,No,Fiber optic,No,No,Yes,No,No,No,Month-to-month,No,Electronic check,72.1,2761.14,No
C7005865,Male,0,No,Yes,71,Yes,No,DSL,No,No,No,No,No,No,Month-to-month,No,Credit card (automatic),47.11,3326.04,No
C7005866,Female,0,No,No,47,Yes,No,No,No internet service,No internet service,No internet service,No internet service,No internet service,No internet service,Month-to-month,No,Electronic check,22.39,1031.32,No
C7005867,Female,0,No,No,31,Yes,No,No,No internet service,No internet service,No internet service,No internet service,No internet service,No internet service,Two year,Yes,Credit card (automatic),27.98,861.0,No
C7005868,Male,0,No,No,18,Yes,No,Fiber optic,No,Yes,No,No,Yes,Yes,One year,Yes,Electronic check,85.54,1566.96,No
C7005869,Male,0,No,Yes,57,No,No phone service,No,No internet service,No internet service,No internet service,No internet service,No internet service,No internet service,Two year,Yes,Electronic check,18.79,1073.73,No
C7005870,Female,1,Yes,No,40,Yes,No,Fiber optic,No,Yes,Yes,No,Yes,No,Month-to-month,Yes,Electronic check,84.13,3369.73,Yes
C7005871,Male,0,Yes,No,3,Yes,Yes,DSL,Yes,No,Yes,Yes,No,No,One year,Yes,Credit card (automatic),68.66,202.35,No
C7005872,Male,1,Yes,No,34,Yes,Yes,DSL,No,No,Yes,Yes,No,No,One year,No,Mailed check,64.41,2197.17,No
C7005873,Male,0,No,No,13,Yes,Yes,Fiber optic,No,No,Yes,Yes,No,Yes,Month-to-month,Yes,Mailed check,86.79,1130.43,Yes
C7005874,Male,0,No,Yes,36,Yes,No,DSL,Yes,No,Yes,No,Yes,Yes,Month-to-month,Yes,Mailed check,65.89,2351.54,No
C7005875,Male,0,Yes,Yes,4,Yes,Yes,No,No internet service,No internet service,No internet service,No internet service,No internet service,No internet service,One year,Yes,Mailed check,30.69,88.71,No
C7005876,Female,0,No,Yes,15,Yes,Yes,No,No internet service,No internet service,No internet service,No internet service,No internet service,No internet service,Month-to-month,No,Mailed check,28.14,441.15,No
C7005877,Male,0,No,Yes,59,Yes,No,Fiber optic,No,Yes,No,No,No,Yes,Month-to-month,No,Bank transfer (automatic),81.24,4757.09,Yes
C7005878,Female,1,Yes,No,12,Yes,No,Fiber optic,No,Yes,No,No,No,Yes,One year,Yes,Mailed check,80.5,958.51,No
C7005879,Male,0,No,No,7,Yes,Yes,No,No internet service,No internet service,No internet service,No internet service,No internet service,No internet service,Two year,No,Bank transfer (automatic),33.49,225.68,No
C7005880,Male,0,No,No,16,Yes,No,Fiber optic,Yes,No,Yes,Yes,Yes,No,Month-to-month,No,Bank transfer (automatic),90.47,1444.07,No
C7005881,Male,1,Yes,No,67,No,No phone service,DSL,No,Yes,No,No,No,Yes,Month-to-month,No,Electronic check,56.77,3802.56,No
C7005882,Female,0,No,Yes,69,Yes,Yes,No,No internet service,No internet service,No internet service,No internet service,No internet service,No internet service,One year,No,Credit card (automatic),28.33,1975.28,No
C7005883,Female,0,Yes,No,48,Yes,Yes,Fiber optic,No,No,No,No,No,No,Month-to-month,Yes,Electronic check,69.93,3361.68,Yes
C7005884,Male,0,No,No,56,Yes,Yes,DSL,No,No,Yes,No,No,Yes,Month-to-month,Yes,Electronic check,64.22,3616.02,No
C7005885,Male,0,No,No,66,Yes,No,DSL,No,No,No,No,No,Yes,One year,No,Mailed check,53.42,3519.28,No
C7005886,Male,0,No,No,21,Yes,Yes,No,No internet service,No internet service,No internet service,No internet service,No internet service,No internet service,Two year,Yes,Credit card (automatic),27.08,566.06,No
C7005887,Male,0,No,No,29,Yes,No,DSL,Yes,No,No,No,No,Yes,Two year,No,Electronic check,62.51,1795.03,No
C7005888,Female,0,Yes,No,2,No,No phone service,No,No internet service,No internet service,No internet service,No internet service,No internet service,No internet service,Two year,Yes,Electronic check,19.03,31.63,No
C7005889,Male,0,Yes,No,38,Yes,Yes,No,No internet service,No internet service,No internet service,No internet service,No internet service,No internet service,Two year,No,Credit card (automatic),31.01,1185.01,No
C7005890,Female,0,No,No,67,Yes,No,DSL,Yes,No,Yes,Yes,No,Yes,Two year,No,Mailed check,66.55,4428.29,No
C7005891,Female,1,Yes,No,2,Yes,Yes,DSL,No,Yes,No,Yes,No,Yes,Month-to-month,Yes,Electronic check,70.57,146.07,Yes
C7005892,Female,0,No,No,51,Yes,Yes,Fiber optic,Yes,Yes,Yes,Yes,No,No,Two year,Yes,Credit card (automatic),97.87,4971.86,No
C7005893,Female,0,Yes,No,34,No,No phone service,DSL,Yes,No,No,No,No,No,Two year,Yes,Credit card (automatic),55.97,1892.04,No
C7005894,Male,0,Yes,No,70,No,No phone service,Fiber optic,Yes,No,Yes,Yes,No,Yes,One year,Yes,Mailed check,80.84,5674.3,No
C7005895,Female,0,No,No,43,Yes,No,No,No internet service,No internet service,No internet service,No internet service,No internet service,No internet service,Two year,Yes,Credit card (automatic),25.89,1098.15,No
C7005896,Male,0,No,No,29,Yes,No,Fiber optic,Yes,No,Yes,No,Yes,Yes,Month-to-month,Yes,Mailed check,85.74,2474.03,Yes
C7005897,Female,0,No,No,7,Yes,No,Fiber optic,Yes,No,No,No,Yes,Yes,Month-to-month,Yes,Credit card (automatic),81.3,580.5,No
C7005898,Female,0,No,Yes,40,Yes,Yes,No,No internet service,No internet service,No internet service,No internet service,No internet service,No internet service,Two year,Yes,Electronic check,30.84,1235.3,No
C7005899,Male,0,Yes,No,71,Yes,Yes,No,No internet service,No internet service,No internet service,No internet service,No internet service,No internet service,Month-to-month,Yes,Credit card (automatic),31.22,2191.96,No
C7005900,Female,0,No,No,0,Yes,No,No,No internet service,No internet service,No internet service,No internet service,No internet service,No internet service,Month-to-month,No,Bank transfer (automatic),27.28,0.0,No
C7005901,Male,0,No,No,0,No,No phone service,DSL,No,Yes,No,No,Yes,Yes,Month-to-month,No,Credit card (automatic),59.59,0.0,No
C7005902,Male,0,No,No,64,No,No phone service,DSL,No,No,No,No,No,Yes,One year,Yes,Credit card (automatic),53.56,3427.6,No
C7005903,Female,0,Yes,No,19,Yes,No,Fiber optic,Yes,No,No,Yes,Yes,Yes,Month-to-month,No,Bank transfer (automatic),92.27,1754.94,No
C7005904,Male,0,No,No,44,Yes,Yes,DSL,No,Yes,Yes,No,Yes,Yes,Month-to-month,No,Electronic check,74.77,3280.27,No
C7005905,Female,0,Yes,No,44,Yes,Yes,Fiber optic,Yes,No,No,No,No,Yes,Two year,Yes,Credit card (automatic),87.15,3880.18,No
C7005906,Female,1,No,Yes,35,Yes,Yes,No,No internet service,No internet service,No internet service,No internet service,No internet service,No internet service,One year,Yes,Bank transfer (automatic),28.93,1007.09,No
C7005907,Female,0,Yes,No,36,Yes,No,No,No internet service,No internet service,No internet service,No internet service,No internet service,No internet service,Month-to-month,Yes,Credit card (automatic),28.26,1023.29,No
C7005908,Male,0,No,No,50,Yes,Yes,DSL,No,Yes,No,No,Yes,Yes,Two year,No,Electronic check,70.78,3509.61,No
C7005909,Male,0,No,Yes,17,Yes,Yes,No,No internet service,No internet service,No internet service,No internet service,No internet service,No internet service,Month-to-month,Yes,Electronic check,29.25,487.89,No
C7005910,Female,0,No,No,13,Yes,No,Fiber optic,No,No,No,Yes,No,No,Month-to-month,No,Electronic check,72.85,947.44,Yes
C7005911,Male,1,No,No,72,Yes,No,Fiber optic,Yes,Yes,No,No,Yes,Yes,Two year,Yes,Mailed check,89.35,6414.09,No
C7005912,Female,0,No,No,0,Yes,Yes,DSL,Yes,No,No,Yes,No,No,Two year,Yes,Electronic check,65.95,0.0,No
C7005913,Male,0,Yes,No,13,Yes,No,DSL,No,Yes,Yes,No,No,No,One year,No,Bank transfer (automatic),60.0,783.13,No
C7005914,Male,0,No,No,53,Yes,No,No,No internet service,No internet service,No internet service,No internet service,No internet service,No internet service,Month-to-month,No,Mailed check,27.14,1417.55,No
C7005915,Female,1,No,No,41,Yes,No,Fiber optic,No,No,No,No,Yes,No,Two year,Yes,Credit card (automatic),74.04,3025.57,No
C7005916,Female,1,Yes,No,23,Yes,No,No,No internet service,No internet service,No internet service,No internet service,No internet service,No internet service,One year,No,Electronic check,26.62,612.52,No
C7005917,Female,0,Yes,No,8,Yes,Yes,DSL,Yes,Yes,Yes,No,Yes,Yes,Month-to-month,No,Mailed check,72.89,592.84,Yes
C7005918,Female,0,No,No,26,Yes,No,DSL,No,Yes,Yes,No,Yes,Yes,Month-to-month,Yes,Credit card (automatic),69.18,1808.26,No
C7005919,Male,0,Yes,No,4,Yes,Yes,DSL,No,No,Yes,Yes,No,No,Two year,No,Credit card (automatic),63.98,255.89,No
C7005920,Male,0,No,No,40,Yes,No,Fiber optic,Yes,No,Yes,No,No,Yes,Two year,Yes,Electronic check,79.01,3157.9,No
C7005921,Male,0,No,No,35,Yes,Yes,Fiber optic,Yes,Yes,No,Yes,Yes,No,Month-to-month,Yes,Credit card (automatic),97.93,3448.47,No
C7005922,Female,0,No,No,67,Yes,No,Fiber optic,No,No,No,Yes,No,No,Two year,No,Credit card (automatic),74.9,5044.34,No
C7005923,Male,0,Yes,Yes,58,Yes,Yes,DSL,No,No,Yes,No,No,No,Month-to-month,Yes,Electronic check,61.44,3589.7,No
C7005924,Female,0,Yes,No,34,Yes,No,DSL,Yes,Yes,No,No,No,No,Month-to-month,Yes,Electronic check,58.79,2002.03,Yes
C7005925,Male,0,No,No,38,Yes,No,DSL,No,Yes,Yes,Yes,Yes,Yes,Month-to-month,Yes,Credit card (automatic),77.42,2938.31,No
C7005926,Female,0,Yes,Yes,50,No,No phone service,DSL,Yes,Yes,No,No,Yes,Yes,Month-to-month,No,Credit card (automatic),65.28,3265.23,No
C7005927,Female,0,No,Yes,21,Yes,Yes,No,No internet service,No internet service,No internet service,No internet service,No internet service,No internet service,Two year,No,Credit card (automatic),31.87,652.87,No
C7005928,Female,0,Yes,Yes,43,Yes,Yes,DSL,No,No,Yes,No,No,Yes,One year,Yes,Bank transfer (automatic),65.45,2804.93,No
C7005929,Male,0,Yes,No,1,Yes,No,DSL,No,No,Yes,Yes,No,No,Month-to-month,No,Bank transfer (automatic),61.44,56.96,Yes
C7005930,Female,1,Yes,No,68,Yes,No,No,No internet service,No internet service,No internet service,No internet service,No internet service,No internet service,One year,Yes,Bank transfer (automatic),25.31,1726.23,No
C7005931,Male,0,Yes,No,68,Yes,No,No,No internet service,No internet service,No internet service,No internet service,No internet service,No internet service,Month-to-month,No,Mailed check,26.16,1790.37,No
C7005932,Male,0,No,No,64,Yes,Yes,Fiber optic,No,No,No,No,Yes,No,Month-to-month,No,Credit card (automatic),80.23,5156.23,No
C7005933,Male,0,No,No,15,No,No phone service,DSL,Yes,No,Yes,No,Yes,No,Two year,No,Bank transfer (automatic),55.33,854.83,No
C7005934,Male,0,No,No,57,No,No phone service,Fiber optic,No,Yes,No,No,Yes,Yes,Month-to-month,Yes,Electronic check,75.64,4305.98,No
C7005935,Female,0,No,No,41,Yes,No,DSL,Yes,No,No,No,No,Yes,One year,Yes,Credit card (automatic),58.48,2400.17,No
C7005936,Male,0,Yes,No,71,No,No phone service,DSL,No,Yes,No,No,No,No,One year,Yes,Electronic check,53.3,3803.37,No
C7005937,Male,0,Yes,No,1,Yes,No,Fiber optic,No,No,Yes,No,No,Yes,One year,Yes,Credit card (automatic),79.98,82.58,No
C7005938,Female,0,No,No,29,Yes,No,No,No internet service,No internet service,No internet service,No internet service,No internet service,No internet service,One year,Yes,Bank transfer (automatic),20.99,592.24,No
C7005939,Female,0,Yes,No,7,No,No phone service,DSL,No,Yes,Yes,No,Yes,No,Month-to-month,Yes,Electronic check,59.12,428.93,Yes
C7005940,Female,0,Yes,Yes,69,Yes,Yes,Fiber optic,Yes,Yes,No,No,Yes,No,Two year,Yes,Mailed check,88.69,6111.63,No
C7005941,Female,0,Yes,No,12,Yes,Yes,Fiber optic,Yes,Yes,No,No,Yes,No,Month-to-month,No,Mailed check,89.33,1051.08,Yes
C7005942,Male,0,No,No,2,Yes,Yes,Fiber optic,No,Yes,Yes,Yes,Yes,No,One year,No,Bank transfer (automatic),97.18,182.32,No
C7005943,Female,1,Yes,No,8,Yes,No,DSL,No,Yes,No,Yes,Yes,Yes,One year,Yes,Mailed check,71.55,579.77,No
C7005944,Male,0,Yes,No,70,Yes,No,No,No internet service,No internet service,No internet service,No internet service,No internet service,No internet service,Month-to-month,No,Bank transfer (automatic),28.1,1970.5,No
C7005945,Male,0,No,No,38,Yes,Yes,DSL,No,No,No,No,No,No,Month-to-month,Yes,Mailed check,54.24,2053.82,No
C7005946,Male,0,No,Yes,7,Yes,Yes,DSL,Yes,No,No,No,Yes,Yes,One year,Yes,Credit card (automatic),71.15,534.94,No
C7005947,Female,0,Yes,No,28,Yes,Yes,DSL,No,Yes,No,Yes,Yes,Yes,Month-to-month,Yes,Bank transfer (automatic),77.96,2165.43,No
C7005948,Male,0,No,No,31,Yes,No,Fiber optic,Yes,Yes,No,Yes,Yes,Yes,Two year,Yes,Mailed check,94.79,2929.49,No
C7005949,Female,0,Yes,No,58,Yes,Yes,No,No internet service,No internet service,No internet service,No internet service,No internet service,No internet service,Two year,Yes,Mailed check,24.06,1391.24,No
C7005950,Male,0,Yes,No,16,Yes,Yes,DSL,No,Yes,No,No,No,Yes,One year,Yes,Bank transfer (automatic),64.02,1003.99,No
C7005951,Male,0,Yes,No,8,Yes,Yes,DSL,No,No,Yes,No,Yes,No,Month-to-month,Yes,Credit card (automatic),70.23,556.26,Yes
C7005952,Male,0,Yes,No,54,Yes,Yes,No,No internet service,No internet service,No internet service,No internet service,No internet service,No internet service,Two year,No,Electronic check,30.91,1645.39,No
C7005953,Male,1,Yes,No,31,Yes,No,Fiber optic,Yes,Yes,No,No,No,Yes,Month-to-month,No,Electronic check,85.17,2649.75,Yes
C7005954,Male,0,No,Yes,9,Yes,No,No,No internet service,No internet service,No internet service,No internet service,No internet service,No internet service,Month-to-month,Yes,Electronic check,23.19,212.0,No
C7005955,Female,0,Yes,No,31,Yes,Yes,Fiber optic,Yes,Yes,No,No,No,No,Month-to-month,No,Mailed check,83.51,2591.82,Yes
C7005956,Female,0,No,No,31,Yes,Yes,Fiber optic,No,Yes,No,Yes,No,Yes,Two year,Yes,Electronic check,90.4,2821.68,No
C7005957,Male,0,Yes,No,16,Yes,No,Fiber optic,Yes,No,No,Yes,No,No,One year,Yes,Credit card (automatic),82.44,1318.46,No
C7005958,Female,0,Yes,Yes,14,Yes,Yes,DSL,Yes,Yes,No,Yes,No,Yes,Month-to-month,No,Electronic check,70.64,964.4,Yes
C7005959,Male,0,No,Yes,7,Yes,No,Fiber optic,No,No,Yes,Yes,No,Yes,One year,Yes,Credit card (automatic),81.87,567.12,No
C7005960,Male,0,No,No,61,Yes,No,Fiber optic,Yes,No,No,No,No,Yes,Month-to-month,Yes,Bank transfer (automatic),80.91,4947.14,Yes
C7005961,Male,0,Yes,No,0,Yes,No,Fiber optic,No,Yes,No,Yes,Yes,Yes,Month-to-month,Yes,Electronic check,90.24,0.0,Yes
C7005962,Male,0,Yes,No,37,Yes,No,Fiber optic,No,Yes,No,No,No,Yes,Month-to-month,Yes,Electronic check,74.39,2754.5,Yes
C7005963,Male,0,No,No,1,Yes,No,DSL,No,No,Yes,No,Yes,No,Month-to-month,Yes,Mailed check,58.81,47.16,Yes
C7005964,Female,0,Yes,Yes,58,Yes,Yes,Fiber optic,No,Yes,No,No,Yes,No,Two year,Yes,Bank transfer (automatic),88.91,5144.12,No
C7005965,Male,0,No,No,29,Yes,Yes,Fiber optic,No,Yes,Yes,No,No,Yes,One year,Yes,Bank transfer (automatic),89.87,2607.03,No
C7005966,Female,0,No,No,71,Yes,No,No,No internet service,No internet service,No internet service,No internet service,No internet service,No internet service,Month-to-month,No,Bank transfer (automatic),22.35,1602.53,No
C7005967,Male,0,Yes,No,3,Yes,No,DSL,Yes,Yes,Yes,Yes,No,Yes,Month-to-month,No,Bank transfer (automatic),74.52,215.01,No
C7005968,Female,0,No,No,24,Yes,No,Fiber optic,Yes,No,No,No,Yes,Yes,Two year,Yes,Mailed check,88.83,2151.26,No
C7005969,Female,1,Yes,No,28,Yes,Yes,Fiber optic,No,Yes,Yes,No,No,Yes,Month-to-month,Yes,Bank transfer (automatic),91.58,2562.02,Yes
C7005970,Male,0,No,No,5,Yes,No,DSL,No,Yes,Yes,No,No,No,Two year,No,Credit card (automatic),57.77,281.78,No
C7005971,Male,0,No,Yes,31,Yes,No,Fiber optic,Yes,No,Yes,Yes,Yes,Yes,Month-to-month,Yes,Electronic check,96.48,2977.37,Yes
C7005972,Female,0,No,Yes,33,Yes,Yes,Fiber optic,Yes,Yes,Yes,No,Yes,Yes,Month-to-month,Yes,Bank transfer (automatic),98.97,3267.14,No
C7005973,Female,0,No,No,32,Yes,No,Fiber optic,No,Yes,No,No,No,No,One year,No,Electronic check,71.34,2283.48,No
C7005974,Female,0,No,No,38,Yes,No,DSL,No,No,No,Yes,Yes,No,Month-to-month,No,Credit card (automatic),62.87,2383.05,No
C7005975,Male,0,Yes,Yes,13,Yes,No,No,No internet service,No internet service,No internet service,No internet service,No internet service,No internet service,Two year,Yes,Credit card (automatic),26.49,329.2,No
C7005976,Female,0,Yes,No,17,Yes,No,DSL,Yes,No,No,No,No,No,Two year,No,Electronic check,52.27,855.6,No
C7005977,Male,1,Yes,No,36,Yes,No,Fiber optic,Yes,No,No,Yes,Yes,No,Month-to-month,No,Credit card (automatic),87.73,3153.38,Yes
C7005978,Male,0,Yes,Yes,47,Yes,No,Fiber optic,No,No,No,Yes,No,Yes,Month-to-month,Yes,Electronic check,73.32,3445.61,Yes
C7005979,Female,0,No,No,28,Yes,Yes,DSL,Yes,No,Yes,No,No,Yes,Two year,Yes,Mailed check,69.92,1979.19,No
C7005980,Male,0,No,No,33,Yes,Yes,DSL,Yes,No,Yes,Yes,Yes,Yes,One year,No,Electronic check,86.55,2856.45,No
C7005981,Female,0,No,No,72,Yes,No,DSL,No,Yes,No,No,Yes,No,Month-to-month,No,Bank transfer (automatic),66.02,4769.52,No
C7005982,Female,0,Yes,No,47,Yes,Yes,Fiber optic,Yes,No,Yes,No,No,No,One year,Yes,Mailed check,84.08,3942.29,No
C7005983,Male,0,Yes,Yes,3,Yes,Yes,Fiber optic,No,Yes,No,No,No,No,Month-to-month,Yes,Mailed check,87.93,249.46,No
C7005984,Female,0,Yes,No,26,Yes,Yes,No,No internet service,No internet service,No internet service,No internet service,No internet service,No internet service,Two year,Yes,Credit card (automatic),31.76,778.97,No
C7005985,Male,0,No,No,3,Yes,Yes,DSL,No,No,Yes,Yes,No,No,Two year,No,Mailed check,64.4,188.3,No
C7005986,Male,0,Yes,No,63,Yes,Yes,No,No internet service,No internet service,No internet service,No internet service,No internet service,No internet service,Month-to-month,Yes,Electronic check,30.65,1946.43,No
C7005987,Male,0,Yes,Yes,60,Yes,Yes,No,No internet service,No internet service,No internet service,No internet service,No internet service,No internet service,Month-to-month,Yes,Bank transfer (automatic),28.67,1688.1,No
C7005988,Female,0,Yes,No,34,Yes,No,DSL,Yes,No,Yes,No,Yes,No,Two year,No,Mailed check,67.41,2290.41,No
C7005989,Male,0,No,No,19,Yes,No,Fiber optic,Yes,No,Yes,No,Yes,No,One year,No,Electronic check,84.08,1607.73,No
C7005990,Male,0,Yes,No,52,Yes,No,No,No internet service,No internet service,No internet service,No internet service,No internet service,No internet service,Month-to-month,Yes,Electronic check,25.88,1327.71,No
C7005991,Female,0,No,No,13,Yes,No,DSL,No,No,No,No,Yes,Yes,Month-to-month,Yes,Bank transfer (automatic),59.28,778.6,Yes
C7005992,Female,0,Yes,No,56,Yes,No,Fiber optic,No,Yes,Yes,No,No,Yes,One year,No,Credit card (automatic),80.05,4471.59,No
C7005993,Female,1,Yes,No,63,Yes,Yes,Fiber optic,No,No,No,Yes,Yes,No,Two year,Yes,Mailed check,83.19,5265.61,No
C7005994,Female,0,No,No,13,Yes,Yes,Fiber optic,No,No,No,No,Yes,Yes,Month-to-month,Yes,Bank transfer (automatic),84.73,1083.51,No
C7005995,Male,0,No,Yes,38,No,No phone service,No,No internet service,No internet service,No internet service,No internet service,No internet service,No internet service,One year,No,Electronic check,19.79,765.91,No
C7005996,Female,1,No,No,11,Yes,No,Fiber optic,No,Yes,Yes,No,No,No,Month-to-month,No,Mailed check,82.57,875.93,Yes
C7005997,Female,1,Yes,No,44,Yes,No,DSL,No,No,No,Yes,Yes,No,Two year,No,Mailed check,61.8,2732.43,No
C7005998,Female,0,No,Yes,49,Yes,No,Fiber optic,No,Yes,No,No,No,Yes,One year,No,Electronic check,78.97,3866.19,No
C7005999,Female,0,No,No,0,Yes,Yes,DSL,No,No,Yes,Yes,Yes,No,Month-to-month,No,Electronic check,68.78,0.0,Yes
C7006000,Male,0,No,Yes,68,Yes,No,Fiber optic,No,No,No,Yes,Yes,Yes,Two year,Yes,Bank transfer (automatic),85.64,5799.32,No
C7006001,Male,1,Yes,No,19,Yes,No,Fiber optic,Yes,No,No,Yes,No,Yes,Two year,Yes,Mailed check,84.22,1593.22,No
C7006002,Female,0,Yes,Yes,33,Yes,Yes,Fiber optic,No,Yes,Yes,No,No,Yes,One year,Yes,Mailed check,88.7,2938.23,No
C7006003,Male,0,Yes,No,18,No,No phone service,No,No internet service,No internet service,No internet service,No internet service,No internet service,No internet service,One year,Yes,Credit card (automatic),18.0,322.5,No
C7006004,Male,0,No,No,66,Yes,No,Fiber optic,No,No,No,No,No,No,Month-to-month,Yes,Electronic check,68.98,4541.81,No
C7006005,Male,1,No,No,55,Yes,Yes,Fiber optic,No,No,Yes,Yes,No,No,Month-to-month,No,Credit card (automatic),86.64,4786.52,No
C7006006,Female,0,No,No,72,Yes,Yes,No,No internet service,No internet service,No internet service,No internet service,No internet service,No internet service,Month-to-month,Yes,Credit card (automatic),27.05,1948.13,No
C7006007,Female,0,Yes,Yes,28,Yes,No,DSL,No,No,Yes,Yes,No,Yes,Two year,Yes,Bank transfer (automatic),66.57,1876.4,No
C7006008,Female,0,Yes,Yes,41,Yes,No,Fiber optic,No,No,Yes,No,Yes,Yes,One year,Yes,Mailed check,93.2,3798.28,No
C7006009,Female,0,Yes,Yes,42,Yes,Yes,Fiber optic,Yes,Yes,No,No,Yes,Yes,Two year,No,Mailed check,93.54,3924.62,No
C7006010,Female,0,No,No,16,No,No phone service,Fiber optic,No,Yes,Yes,No,No,No,Two year,Yes,Electronic check,74.33,1176.78,No
C7006011,Female,0,Yes,No,68,Yes,Yes,No,No internet service,No internet service,No internet service,No internet service,No internet service,No internet service,Month-to-month,Yes,Electronic check,28.74,1946.14,No
C7006012,Male,0,Yes,Yes,63,Yes,No,No,No internet service,No internet service,No internet service,No internet service,No internet service,No internet service,One year,No,Electronic check,26.03,1674.44,No
C7006013,Female,0,Yes,No,71,Yes,No,Fiber optic,No,Yes,Yes,Yes,No,Yes,One year,Yes,Electronic check,89.12,6339.02,No
C7006014,Male,0,Yes,No,33,Yes,No,No,No internet service,No internet service,No internet service,No internet service,No internet service,No internet service,Two year,Yes,Electronic check,24.33,801.34,No
C7006015,Male,0,No,No,9,Yes,Yes,DSL,Yes,No,Yes,No,Yes,Yes,Month-to-month,Yes,Bank transfer (automatic),70.43,628.69,Yes
C7006016,Male,0,Yes,No,11,No,No phone service,Fiber optic,Yes,No,Yes,No,No,Yes,Month-to-month,Yes,Mailed check,79.28,850.78,Yes
C7006017,Female,0,No,No,40,Yes,Yes,No,No internet service,No internet service,No internet service,No internet service,No internet service,No internet service,Month-to-month,No,Electronic check,26.51,1043.32,No
C7006018,Female,1,No,No,59,Yes,No,Fiber optic,Yes,Yes,No,No,No,No,Month-to-month,No,Electronic check,77.79,4599.38,No
C7006019,Female,0,No,No,51,Yes,No,Fiber optic,No,No,Yes,Yes,Yes,No,Two year,No,Credit card (automatic),88.58,4514.27,No
C7006020,Female,1,Yes,No,53,Yes,Yes,No,No internet service,No internet service,No internet service,No internet service,No internet service,No internet service,Month-to-month,Yes,Bank transfer (automatic),27.41,1445.58,No
C7006021,Female,0,No,No,57,Yes,Yes,DSL,No,Yes,Yes,No,No,No,Two year,Yes,Electronic check,63.91,3606.72,No
C7006022,Male,0,No,No,61,Yes,Yes,Fiber optic,No,Yes,No,Yes,Yes,Yes,Two year,Yes,Electronic check,96.77,5899.64,No
C7006023,Female,0,Yes,No,67,Yes,No,Fiber optic,No,No,No,Yes,No,Yes,Two year,No,Bank transfer (automatic),79.19,5345.12,No
C7006024,Female,0,No,No,26,Yes,No,Fiber optic,Yes,Yes,No,Yes,Yes,No,Month-to-month,No,Credit card (automatic),91.74,2394.6,No
C7006025,Female,0,Yes,No,53,Yes,No,No,No internet service,No internet service,No internet service,No internet service,No internet service,No internet service,Month-to-month,No,Credit card (automatic),30.1,1588.16,No
C7006026,Male,0,Yes,No,20,Yes,Yes,Fiber optic,Yes,Yes,Yes,No,Yes,Yes,Two year,Yes,Bank transfer (automatic),101.37,2029.98,No
C7006027,Male,0,Yes,No,50,Yes,Yes,DSL,No,Yes,Yes,No,Yes,Yes,Month-to-month,Yes,Electronic check,71.26,3552.98,Yes
C7006028,Female,0,No,Yes,4,Yes,No,No,No internet service,No internet service,No internet service,No internet service,No internet service,No internet service,Month-to-month,Yes,Electronic check,27.95,139.5,No
C7006029,Male,0,Yes,No,3,Yes,Yes,DSL,Yes,No,No,No,Yes,Yes,Month-to-month,No,Electronic check,68.97,220.75,Yes
C7006030,Male,0,Yes,No,14,Yes,Yes,Fiber optic,No,No,No,Yes,No,Yes,Month-to-month,Yes,Electronic check,79.42,1115.86,No
C7006031,Male,0,Yes,Yes,39,Yes,Yes,No,No internet service,No internet service,No internet service,No internet service,No internet service,No internet service,Two year,No,Credit card (automatic),26.53,1024.62,No
C7006032,Male,1,Yes,Yes,66,Yes,No,No,No internet service,No internet service,No internet service,No internet service,No internet service,No internet service,Two year,No,Credit card (automatic),24.34,1617.07,No
C7006033,Male,0,Yes,Yes,43,Yes,No,Fiber optic,No,Yes,No,No,No,No,Two year,No,Mailed check,77.02,3318.43,No
C7006034,Female,0,No,No,40,Yes,Yes,No,No internet service,No internet service,No internet service,No internet service,No internet service,No internet service,Month-to-month,Yes,Electronic check,28.87,1162.9,No
C7006035,Female,0,Yes,Yes,50,Yes,No,Fiber optic,No,No,No,No,Yes,Yes,One year,Yes,Mailed check,80.8,4048.4,No
C7006036,Female,1,No,Yes,64,Yes,Yes,DSL,No,No,Yes,No,Yes,No,Month-to-month,Yes,Electronic check,63.66,4072.86,No
C7006037,Male,0,No,No,42,Yes,No,Fiber optic,Yes,Yes,No,No,Yes,No,Month-to-month,Yes,Credit card (automatic),90.56,3778.97,No
C7006038,Male,0,No,No,53,Yes,No,Fiber optic,No,Yes,Yes,Yes,Yes,Yes,Month-to-month,Yes,Mailed check,92.88,4924.65,No
C7006039,Male,0,No,No,29,Yes,Yes,No,No internet service,No internet service,No internet service,No internet service,No internet service,No internet service,Two year,No,Credit card (automatic),34.13,982.02,No
C7006040,Male,0,Yes,No,72,Yes,No,Fiber optic,No,Yes,No,Yes,No,No,Month-to-month,Yes,Electronic check,79.93,5734.65,Yes
C7006041,Male,0,No,No,35,Yes,Yes,DSL,No,No,Yes,Yes,Yes,Yes,Two year,Yes,Electronic check,76.21,2640.66,No
C7006042,Female,0,Yes,Yes,65,No,No phone service,DSL,No,Yes,No,Yes,No,No,Month-to-month,No,Bank transfer (automatic),47.38,3076.3,Yes
C7006043,Female,0,Yes,No,70,Yes,No,Fiber optic,No,No,No,No,No,Yes,Month-to-month,Yes,Credit card (automatic),79.79,5566.3,Yes
C7006044,Female,0,Yes,Yes,64,Yes,No,No,No internet service,No internet service,No internet service,No internet service,No internet service,No internet service,Two year,Yes,Mailed check,22.1,1388.38,No
C7006045,Male,1,No,Yes,24,Yes,Yes,Fiber optic,No,Yes,No,Yes,No,No,Month-to-month,Yes,Mailed check,87.05,2102.57,No
C7006046,Male,0,No,No,27,Yes,Yes,DSL,No,No,Yes,No,No,Yes,One year,Yes,Bank transfer (automatic),63.06,1719.41,No
C7006047,Male,0,Yes,Yes,57,Yes,No,DSL,Yes,No,Yes,No,Yes,No,Month-to-month,Yes,Electronic check,60.93,3484.63,No
C7006048,Male,0,No,Yes,67,Yes,No,Fiber optic,Yes,Yes,Yes,No,Yes,No,Month-to-month,Yes,Electronic check,92.7,6228.28,No
C7006049,Male,0,Yes,No,44,Yes,No,Fiber optic,No,No,Yes,Yes,No,No,Two year,Yes,Electronic check,78.37,3429.22,No
C7006050,Male,0,Yes,No,56,Yes,Yes,No,No internet service,No internet service,No internet service,No internet service,No internet service,No internet service,Month-to-month,Yes,Bank transfer (automatic),29.66,1658.25,No
C7006051,Female,0,Yes,Yes,32,Yes,No,No,No internet service,No internet service,No internet service,No internet service,No internet service,No internet service,Month-to-month,Yes,Bank transfer (automatic),24.09,770.79,No
C7006052,Female,0,No,No,62,No,No phone service,Fiber optic,Yes,Yes,Yes,No,Yes,Yes,Month-to-month,Yes,Electronic check,84.53,5246.08,No
C7006053,Male,0,No,No,30,Yes,Yes,Fiber optic,No,No,No,No,Yes,No,Month-to-month,Yes,Electronic check,76.36,2291.72,Yes
C7006054,Male,0,Yes,No,45,Yes,Yes,DSL,Yes,Yes,No,Yes,No,Yes,Two year,Yes,Credit card (automatic),68.82,3072.09,No
C7006055,Male,0,Yes,Yes,39,Yes,No,Fiber optic,No,No,No,No,No,Yes,Month-to-month,No,Bank transfer (automatic),72.22,2807.26,No
C7006056,Male,0,No,No,61,Yes,Yes,Fiber optic,Yes,No,Yes,Yes,No,Yes,Month-to-month,Yes,Mailed check,99.68,6081.71,No
C7006057,Female,0,No,No,58,Yes,Yes,DSL,No,No,Yes,No,Yes,Yes,Month-to-month,Yes,Mailed check,73.64,4264.66,No
C7006058,Female,0,Yes,No,61,Yes,Yes,DSL,No,No,Yes,Yes,No,Yes,Month-to-month,Yes,Credit card (automatic),75.72,4628.91,No
C7006059,Female,0,No,Yes,8,Yes,No,No,No internet service,No internet service,No internet service,No internet service,No internet service,No internet service,Month-to-month,No,Electronic check,27.96,230.32,Yes
C7006060,Female,0,No,No,17,Yes,No,Fiber optic,Yes,No,No,No,Yes,Yes,Two year,Yes,Electronic check,85.94,1487.05,No
C7006061,Male,0,Yes,Yes,66,Yes,Yes,Fiber optic,No,No,Yes,No,Yes,No,Two year,No,Bank transfer (automatic),89.47,5913.17,No
C7006062,Male,0,Yes,No,9,Yes,No,Fiber optic,No,Yes,Yes,Yes,Yes,No,Month-to-month,Yes,Mailed check,88.56,814.78,Yes
C7006063,Male,1,No,No,56,Yes,Yes,Fiber optic,No,No,No,No,Yes,Yes,Two year,Yes,Electronic check,89.54,5002.55,No
C7006064,Male,0,Yes,Yes,46,Yes,Yes,DSL,No,No,Yes,No,Yes,Yes,One year,Yes,Bank transfer (automatic),70.23,3252.71,No
C7006065,Female,0,Yes,Yes,25,Yes,Yes,No,No internet service,No internet service,No internet service,No internet service,No internet service,No internet service,Month-to-month,No,Electronic check,30.07,771.02,No
C7006066,Male,0,No,No,2,Yes,Yes,DSL,No,Yes,No,Yes,Yes,No,Month-to-month,No,Mailed check,70.15,136.64,Yes
C7006067,Male,0,No,No,0,Yes,No,DSL,No,Yes,No,No,No,Yes,Month-to-month,No,Electronic check,64.13,0.0,No
C7006068,Male,0,No,No,65,Yes,No,Fiber optic,No,No,No,No,No,No,Month-to-month,Yes,Credit card (automatic),76.17,4946.6,No
C7006069,Male,0,No,No,7,No,No phone service,Fiber optic,No,Yes,No,No,Yes,Yes,Two year,Yes,Mailed check,76.22,510.11,No
C7006070,Female,0,Yes,Yes,54,Yes,No,Fiber optic,Yes,No,No,No,Yes,No,Month-to-month,Yes,Credit card (automatic),83.02,4469.29,No
C7006071,Male,0,No,No,10,Yes,No,No,No internet service,No internet service,No internet service,No internet service,No internet service,No internet service,Month-to-month,Yes,Bank transfer (automatic),24.24,249.76,No
C7006072,Male,0,Yes,No,28,Yes,Yes,DSL,No,Yes,No,Yes,Yes,No,Two year,Yes,Credit card (automatic),69.91,1975.75,No
C7006073,Male,0,No,No,7,Yes,No,DSL,No,No,No,Yes,Yes,No,Month-to-month,No,Electronic check,60.21,434.15,Yes
C7006074,Female,1,Yes,No,46,Yes,No,DSL,No,No,No,No,Yes,No,Month-to-month,Yes,Credit card (automatic),57.98,2652.23,No
C7006075,Female,0,Yes,No,7,Yes,No,DSL,No,No,Yes,No,No,No,Month-to-month,No,Mailed check,50.98,375.0,No
C7006076,Female,0,Yes,Yes,45,No,No phone service,No,No internet service,No internet service,No internet service,No internet service,No internet service,No internet service,Two year,No,Electronic check,18.0,824.81,No
C7006077,Male,0,No,Yes,70,Yes,Yes,Fiber optic,No,Yes,Yes,No,No,Yes,One year,Yes,Mailed check,90.23,6320.1,No
C7006078,Male,0,No,No,54,Yes,No,DSL,Yes,Yes,Yes,Yes,Yes,Yes,Month-to-month,No,Credit card (automatic),75.62,4102.56,No
C7006079,Female,0,No,No,48,Yes,No,Fiber optic,Yes,No,No,No,No,Yes,Two year,Yes,Bank transfer (automatic),80.56,3902.89,No
C7006080,Male,1,Yes,No,66,No,No phone service,Fiber optic,Yes,No,No,Yes,Yes,Yes,Month-to-month,Yes,Bank transfer (automatic),88.01,5805.61,No
C7006081,Male,1,Yes,Yes,59,Yes,No,No,No internet service,No internet service,No internet service,No internet service,No internet service,No internet service,Month-to-month,Yes,Electronic check,26.29,1545.54,No
C7006082,Female,0,No,No,53,Yes,No,Fiber optic,No,Yes,Yes,No,No,Yes,One year,Yes,Credit card (automatic),86.16,4558.23,No
C7006083,Male,0,Yes,No,41,Yes,Yes,Fiber optic,No,Yes,No,No,No,No,Month-to-month,No,Bank transfer (automatic),77.51,3172.21,Yes
C7006084,Male,0,No,No,28,No,No phone service,DSL,No,No,No,No,No,No,Month-to-month,Yes,Mailed check,49.96,1411.64,No
C7006085,Female,0,No,No,45,Yes,Yes,No,No internet service,No internet service,No internet service,No internet service,No internet service,No internet service,One year,No,Credit card (automatic),33.88,1502.16,No
C7006086,Male,0,No,No,7,Yes,Yes,No,No internet service,No internet service,No internet service,No internet service,No internet service,No internet service,Two year,Yes,Mailed check,34.0,215.43,Yes
C7006087,Male,0,Yes,No,64,Yes,No,Fiber optic,No,Yes,No,No,No,Yes,Month-to-month,Yes,Mailed check,81.77,5239.5,No
C7006088,Male,0,No,No,64,Yes,No,Fiber optic,Yes,No,No,Yes,Yes,Yes,Two year,Yes,Credit card (automatic),87.06,5569.31,No
C7006089,Female,0,No,No,19,Yes,Yes,Fiber optic,Yes,No,Yes,No,No,Yes,Month-to-month,No,Electronic check,86.14,1652.94,No
C7006090,Male,0,No,No,55,Yes,No,Fiber optic,No,No,No,No,No,Yes,Two year,No,Electronic check,78.61,4302.89,No
C7006091,Male,0,No,Yes,50,Yes,Yes,Fiber optic,Yes,Yes,No,No,No,Yes,One year,Yes,Bank transfer (automatic),88.55,4420.81,No
C7006092,Female,1,Yes,No,62,Yes,Yes,Fiber optic,No,Yes,No,No,Yes,Yes,Month-to-month,Yes,Mailed check,85.79,5315.71,Yes
C7006093,Female,0,No,No,65,Yes,No,No,No internet service,No internet service,No internet service,No internet service,No internet service,No internet service,Month-to-month,No,Electronic check,18.0,1180.77,Yes
C7006094,Female,0,Yes,No,54,Yes,Yes,Fiber optic,Yes,Yes,No,Yes,Yes,No,One year,Yes,Electronic check,98.21,5301.21,No
C7006095,Male,0,No,Yes,68,Yes,No,DSL,Yes,Yes,No,No,Yes,No,Two year,No,Mailed check,68.36,4635.71,No
C7006096,Male,0,No,Yes,23,Yes,No,Fiber optic,No,Yes,No,Yes,Yes,Yes,Month-to-month,Yes,Credit card (automatic),96.67,2229.51,Yes
C7006097,Female,0,No,Yes,32,Yes,Yes,Fiber optic,Yes,No,No,Yes,No,Yes,Month-to-month,Yes,Credit card (automatic),90.66,2901.21,No
C7006098,Female,0,Yes,Yes,10,Yes,Yes,DSL,No,No,No,Yes,Yes,Yes,Month-to-month,No,Bank transfer (automatic),70.31,695.35,No
C7006099,Male,0,No,Yes,62,Yes,Yes,Fiber optic,Yes,Yes,Yes,No,Yes,No,Month-to-month,Yes,Electronic check,88.93,5494.73,No
C7006100,Female,0,Yes,Yes,20,Yes,No,DSL,Yes,Yes,No,No,No,Yes,Month-to-month,Yes,Bank transfer (automatic),68.19,1377.86,No
C7006101,Male,0,Yes,Yes,36,No,No phone service,Fiber optic,No,No,No,Yes,No,Yes,Two year,Yes,Electronic check,74.43,2674.68,No
C7006102,Female,0,No,Yes,11,No,No phone service,DSL,No,Yes,No,No,No,No,One year,Yes,Electronic check,49.88,548.57,No
C7006103,Female,1,No,No,18,Yes,Yes,Fiber optic,No,Yes,No,Yes,Yes,Yes,Two year,Yes,Electronic check,92.56,1674.66,No
C7006104,Male,0,Yes,No,49,Yes,No,No,No internet service,No internet service,No internet service,No internet service,No internet service,No internet service,Two year,No,Electronic check,24.75,1198.13,No
C7006105,Female,0,No,No,18,Yes,No,DSL,Yes,Yes,Yes,No,No,No,Two year,No,Electronic check,65.98,1197.13,No
C7006106,Female,0,No,No,37,No,No phone service,DSL,Yes,No,Yes,No,No,No,Month-to-month,Yes,Mailed check,53.95,2007.11,Yes
C7006107,Male,0,No,No,32,Yes,No,Fiber optic,Yes,No,Yes,No,No,Yes,Month-to-month,Yes,Electronic check,80.75,2573.25,Yes
C7006108,Male,0,No,Yes,44,Yes,No,Fiber optic,No,Yes,No,No,No,Yes,Month-to-month,Yes,Credit card (automatic),82.48,3622.42,No
C7006109,Female,0,No,No,18,Yes,Yes,No,No internet service,No internet service,No internet service,No internet service,No internet service,No internet service,One year,No,Credit card (automatic),31.41,552.84,No
C7006110,Male,0,Yes,No,35,Yes,No,Fiber optic,No,Yes,Yes,Yes,No,Yes,Two year,No,Electronic check,89.15,3115.93,No
C7006111,Male,1,Yes,No,2,Yes,No,No,No internet service,No internet service,No internet service,No internet service,No internet service,No internet service,Two year,Yes,Mailed check,29.25,66.87,No
C7006112,Male,0,No,Yes,37,Yes,Yes,DSL,No,Yes,No,Yes,No,Yes,Month-to-month,Yes,Mailed check,69.27,2543.35,No
C7006113,Female,0,No,No,7,Yes,No,DSL,No,Yes,Yes,No,No,Yes,One year,No,Mailed check,65.6,459.2,No
C7006114,Male,0,Yes,Yes,53,Yes,No,No,No internet service,No internet service,No internet service,No internet service,No internet service,No internet service,Two year,No,Mailed check,18.36,976.55,No
C7006115,Female,1,Yes,Yes,61,Yes,No,DSL,No,Yes,Yes,No,No,Yes,Two year,No,Electronic check,62.55,3822.74,No
C7006116,Male,0,No,No,29,Yes,No,Fiber optic,No,Yes,No,No,Yes,No,Month-to-month,Yes,Bank transfer (automatic),81.23,2337.11,Yes
C7006117,Male,0,No,Yes,64,Yes,No,Fiber optic,Yes,No,No,No,Yes,No,Month-to-month,Yes,Mailed check,79.16,5057.61,No
C7006118,Female,0,No,No,28,Yes,No,No,No internet service,No internet service,No internet service,No internet service,No internet service,No internet service,Month-to-month,No,Mailed check,26.77,748.32,No
C7006119,Male,0,No,Yes,63,Yes,Yes,Fiber optic,No,Yes,No,No,Yes,No,Month-to-month,Yes,Credit card (automatic),78.5,4933.43,No
C7006120,Male,0,No,No,37,No,No phone service,No,No internet service,No internet service,No internet service,No internet service,No internet service,No internet service,Two year,No,Credit card (automatic),21.9,786.37,No
C7006121,Male,0,No,No,40,Yes,Yes,Fiber optic,No,No,No,No,No,No,Two year,No,Mailed check,74.53,2998.52,No
C7006122,Female,0,Yes,No,29,Yes,Yes,DSL,No,Yes,Yes,No,No,No,Two year,No,Mailed check,69.14,1999.96,No
C7006123,Male,0,No,No,68,Yes,No,DSL,No,No,No,Yes,No,Yes,Month-to-month,Yes,Mailed check,59.64,4051.41,No
C7006124,Male,0,No,No,51,Yes,No,Fiber optic,No,Yes,No,No,No,No,Month-to-month,Yes,Mailed check,76.81,3917.73,No
C7006125,Male,0,No,Yes,36,Yes,Yes,DSL,No,Yes,No,Yes,No,Yes,Two year,Yes,Credit card (automatic),71.76,2602.3,No
C7006126,Male,0,Yes,No,58,No,No phone service,DSL,Yes,Yes,No,Yes,No,Yes,Month-to-month,Yes,Mailed check,67.85,3948.77,No
C7006127,Male,1,No,No,33,Yes,No,Fiber optic,Yes,Yes,No,No,No,Yes,Month-to-month,No,Credit card (automatic),85.98,2842.17,No
C7006128,Female,0,No,No,63,Yes,No,Fiber optic,No,No,Yes,No,Yes,Yes,Month-to-month,Yes,Credit card (automatic),85.05,5331.0,No
C7006129,Male,1,Yes,No,34,Yes,No,Fiber optic,Yes,No,No,No,No,Yes,One year,No,Electronic check,79.43,2726.18,No
C7006130,Male,0,No,No,59,Yes,Yes,No,No internet service,No internet service,No internet service,No internet service,No internet service,No internet service,Two year,Yes,Mailed check,33.21,1959.3,No
C7006131,Female,0,No,No,18,Yes,Yes,DSL,Yes,Yes,No,Yes,No,Yes,Two year,Yes,Mailed check,74.09,1303.74,No
C7006132,Female,0,No,No,41,Yes,Yes,No,No internet service,No internet service,No internet service,No internet service,No internet service,No internet service,Month-to-month,Yes,Electronic check,28.31,1174.08,No
C7006133,Male,0,No,No,44,Yes,No,Fiber optic,Yes,No,No,Yes,Yes,No,Month-to-month,No,Electronic check,87.27,3824.89,No
C7006134,Male,0,Yes,Yes,38,Yes,No,No,No internet service,No internet service,No internet service,No internet service,No internet service,No internet service,Month-to-month,Yes,Mailed check,28.41,1068.51,No
C7006135,Male,0,No,No,32,Yes,No,Fiber optic,No,Yes,No,Yes,No,No,Month-to-month,Yes,Credit card (automatic),84.69,2697.59,Yes
C7006136,Female,1,Yes,No,0,Yes,No,DSL,Yes,No,No,No,No,Yes,Two year,Yes,Credit card (automatic),64.99,0.0,No
C7006137,Male,0,No,Yes,71,Yes,No,Fiber optic,No,Yes,Yes,Yes,Yes,No,Month-to-month,Yes,Mailed check,90.57,6424.76,No
C7006138,Male,1,No,Yes,15,Yes,Yes,No,No internet service,No internet service,No internet service,No internet service,No internet service,No internet service,One year,Yes,Electronic check,31.97,494.11,No
C7006139,Male,0,No,No,12,Yes,Yes,Fiber optic,No,No,No,Yes,No,No,One year,No,Credit card (automatic),86.38,1035.84,No
C7006140,Male,0,No,Yes,59,Yes,Yes,No,No internet service,No internet service,No internet service,No internet service,No internet service,No internet service,Month-to-month,Yes,Bank transfer (automatic),33.11,1945.32,No
C7006141,Male,0,No,No,5,Yes,Yes,DSL,Yes,Yes,Yes,Yes,Yes,Yes,Month-to-month,Yes,Credit card (automatic),89.89,439.5,No
C7006142,Male,0,Yes,Yes,55,Yes,No,No,No internet service,No internet service,No internet service,No internet service,No internet service,No internet service,Month-to-month,No,Electronic check,27.94,1530.62,No
C7006143,Female,0,Yes,No,25,Yes,No,No,No internet service,No internet service,No internet service,No internet service,No internet service,No internet service,Month-to-month,Yes,Credit card (automatic),22.72,549.5,No
C7006144,Female,0,Yes,Yes,52,Yes,No,No,No internet service,No internet service,No internet service,No internet service,No internet service,No internet service,Month-to-month,Yes,Electronic check,24.33,1271.52,No
C7006145,Female,0,No,No,15,Yes,No,Fiber optic,No,Yes,No,No,No,No,Month-to-month,Yes,Credit card (automatic),70.22,1065.52,Yes
C7006146,Female,0,No,Yes,51,Yes,No,No,No internet service,No internet service,No internet service,No internet service,No internet service,No internet service,Month-to-month,Yes,Credit card (automatic),24.35,1255.0,No
C7006147,Male,0,No,Yes,72,Yes,No,Fiber optic,No,Yes,No,Yes,No,Yes,One year,Yes,Bank transfer (automatic),83.3,6007.86,No
C7006148,Female,1,Yes,Yes,36,Yes,No,Fiber optic,No,No,Yes,No,Yes,No,Month-to-month,No,Mailed check,78.04,2816.43,Yes
C7006149,Female,0,No,Yes,40,Yes,Yes,No,No internet service,No internet service,No internet service,No internet service,No internet service,No internet service,Two year,No,Bank transfer (automatic),29.35,1169.24,No
C7006150,Female,0,Yes,No,44,Yes,Yes,DSL,Yes,No,Yes,No,Yes,No,Month-to-month,Yes,Bank transfer (automatic),67.47,2977.01,No
C7006151,Female,0,No,Yes,26,Yes,No,No,No internet service,No internet service,No internet service,No internet service,No internet service,No internet service,Month-to-month,No,Credit card (automatic),21.46,562.35,No
C7006152,Male,0,No,No,40,Yes,Yes,Fiber optic,Yes,No,No,No,No,No,Month-to-month,Yes,Electronic check,83.07,3299.16,No
C7006153,Male,1,No,No,46,Yes,No,DSL,No,No,Yes,Yes,Yes,Yes,Month-to-month,No,Electronic check,68.21,3129.37,No
C7006154,Male,0,No,Yes,1,Yes,No,Fiber optic,No,Yes,No,Yes,Yes,Yes,Month-to-month,Yes,Mailed check,89.23,95.51,Yes
C7006155,Male,0,Yes,Yes,33,Yes,No,Fiber optic,Yes,No,No,No,No,No,Month-to-month,Yes,Mailed check,78.71,2601.77,Yes
C7006156,Male,0,Yes,No,38,Yes,Yes,DSL,No,Yes,Yes,No,No,No,Month-to-month,Yes,Electronic check,62.73,2374.16,No
C7006157,Male,0,No,No,15,Yes,Yes,Fiber optic,Yes,No,Yes,No,No,No,Month-to-month,Yes,Mailed check,87.31,1305.33,No
C7006158,Male,0,No,No,34,Yes,No,Fiber optic,No,Yes,Yes,Yes,No,No,Month-to-month,Yes,Credit card (automatic),81.22,2756.22,No
C7006159,Female,0,Yes,No,28,Yes,No,Fiber optic,No,No,No,Yes,Yes,Yes,One year,Yes,Bank transfer (automatic),85.39,2391.38,No
C7006160,Female,0,Yes,Yes,40,Yes,Yes,DSL,No,Yes,Yes,Yes,No,Yes,Month-to-month,Yes,Mailed check,76.93,3091.93,Yes
C7006161,Female,0,No,No,20,No,No phone service,DSL,Yes,No,No,No,No,No,Month-to-month,Yes,Mailed check,48.23,989.71,No
C7006162,Male,0,Yes,No,65,No,No phone service,DSL,No,No,Yes,No,Yes,No,Month-to-month,Yes,Mailed check,58.12,3783.94,No
C7006163,Female,0,Yes,Yes,46,Yes,Yes,DSL,Yes,No,Yes,Yes,Yes,Yes,One year,Yes,Electronic check,81.57,3719.61,No
C7006164,Female,1,No,No,45,No,No phone service,Fiber optic,Yes,No,Yes,No,No,No,One year,No,Electronic check,76.07,3408.12,No
C7006165,Female,0,No,No,59,Yes,No,Fiber optic,No,Yes,No,Yes,No,Yes,Month-to-month,No,Bank transfer (automatic),88.35,5211.52,No
C7006166,Female,1,Yes,No,1,Yes,No,Fiber optic,Yes,No,Yes,Yes,Yes,No,Month-to-month,Yes,Credit card (automatic),92.57,111.77,Yes
C7006167,Male,0,Yes,No,19,Yes,No,Fiber optic,No,No,No,No,No,Yes,Month-to-month,No,Mailed check,74.96,1445.88,No
C7006168,Male,0,Yes,Yes,13,Yes,No,DSL,No,No,No,No,Yes,No,One year,Yes,Credit card (automatic),50.48,674.99,No
C7006169,Female,0,Yes,No,45,Yes,No,No,No internet service,No internet service,No internet service,No internet service,No internet service,No internet service,Month-to-month,No,Electronic check,30.77,1376.4,No
C7006170,Female,0,No,No,24,Yes,Yes,Fiber optic,No,Yes,Yes,No,Yes,No,Month-to-month,Yes,Electronic check,88.45,2119.09,Yes
C7006171,Male,0,Yes,No,51,Yes,No,DSL,No,No,No,Yes,No,No,Two year,Yes,Mailed check,47.99,2462.23,No
C7006172,Male,0,Yes,No,68,Yes,No,Fiber optic,Yes,Yes,Yes,Yes,Yes,Yes,Two year,Yes,Electronic check,104.98,7103.89,No
C7006173,Male,1,No,No,27,Yes,Yes,Fiber optic,Yes,Yes,Yes,No,No,Yes,One year,Yes,Electronic check,96.87,2605.74,Yes
C7006174,Male,0,No,No,24,Yes,Yes,Fiber optic,Yes,Yes,No,Yes,Yes,No,Two year,No,Mailed check,95.12,2306.05,No
C7006175,Female,0,Yes,Yes,35,Yes,No,Fiber optic,No,Yes,No,No,Yes,No,Two year,Yes,Electronic check,79.83,2799.85,No
C7006176,Female,0,Yes,No,35,No,No phone service,Fiber optic,Yes,Yes,Yes,Yes,No,Yes,Month-to-month,Yes,Electronic check,92.7,3243.06,Yes
C7006177,Male,0,No,No,26,Yes,Yes,Fiber optic,Yes,No,No,No,No,Yes,Month-to-month,No,Electronic check,91.7,2387.78,Yes
C7006178,Male,0,No,Yes,25,Yes,Yes,Fiber optic,No,No,No,Yes,Yes,Yes,One year,Yes,Mailed check,88.87,2252.54,No
C7006179,Male,0,No,Yes,27,Yes,No,Fiber optic,Yes,No,Yes,Yes,No,No,Two year,Yes,Credit card (automatic),82.57,2235.34,No
C7006180,Male,0,Yes,Yes,35,No,No phone service,Fiber optic,Yes,No,Yes,No,Yes,No,One year,Yes,Bank transfer (automatic),79.34,2791.29,No
C7006181,Female,0,No,No,32,Yes,Yes,DSL,No,No,No,No,Yes,No,Two year,No,Bank transfer (automatic),55.88,1804.48,No
C7006182,Female,0,Yes,Yes,33,Yes,No,DSL,No,Yes,No,Yes,No,No,Two year,No,Electronic check,59.58,2007.1,No
C7006183,Female,0,Yes,No,21,Yes,No,Fiber optic,No,No,Yes,No,No,Yes,Two year,No,Bank transfer (automatic),83.77,1759.01,No
C7006184,Male,0,No,No,46,Yes,Yes,Fiber optic,Yes,Yes,Yes,No,No,Yes,One year,No,Bank transfer (automatic),95.57,4403.06,Yes
C7006185,Female,0,No,No,35,Yes,No,Fiber optic,No,Yes,No,No,Yes,No,One year,No,Electronic check,81.35,2858.22,No
C7006186,Female,0,Yes,Yes,16,Yes,Yes,Fiber optic,No,Yes,No,No,No,No,One year,Yes,Bank transfer (automatic),83.05,1314.51,No
C7006187,Male,0,Yes,No,54,Yes,Yes,DSL,Yes,No,No,No,Yes,Yes,Month-to-month,No,Mailed check,69.17,3762.11,No
C7006188,Female,0,No,No,64,Yes,No,Fiber optic,Yes,No,Yes,No,Yes,Yes,Month-to-month,Yes,Credit card (automatic),86.57,5536.44,No
C7006189,Female,0,Yes,No,28,Yes,No,Fiber optic,No,Yes,Yes,No,No,No,Month-to-month,Yes,Electronic check,79.47,2211.69,No
C7006190,Female,0,Yes,Yes,38,Yes,No,Fiber optic,No,No,Yes,No,No,Yes,Month-to-month,Yes,Electronic check,79.61,3029.15,No
C7006191,Male,0,Yes,No,69,Yes,Yes,Fiber optic,Yes,No,Yes,Yes,Yes,No,One year,Yes,Bank transfer (automatic),97.46,6705.11,No
C7006192,Male,0,Yes,No,23,Yes,No,Fiber optic,No,No,Yes,No,Yes,Yes,Month-to-month,Yes,Bank transfer (automatic),87.27,2001.9,No
C7006193,Male,0,No,No,15,Yes,Yes,Fiber optic,Yes,No,Yes,Yes,No,No,Month-to-month,Yes,Electronic check,83.86,1263.86,Yes
C7006194,Male,0,Yes,No,25,No,No phone service,No,No internet service,No internet service,No internet service,No internet service,No internet service,No internet service,One year,No,Mailed check,18.0,424.79,No
C7006195,Male,0,No,No,32,Yes,No,Fiber optic,No,Yes,Yes,No,No,Yes,One year,Yes,Credit card (automatic),88.46,2833.84,Yes
C7006196,Female,0,No,No,32,Yes,No,No,No internet service,No internet service,No internet service,No internet service,No internet service,No internet service,Month-to-month,Yes,Electronic check,21.49,669.91,No
C7006197,Male,0,Yes,Yes,43,Yes,No,No,No internet service,No internet service,No internet service,No internet service,No internet service,No internet service,Two year,No,Bank transfer (automatic),28.09,1209.97,No
C7006198,Male,0,No,No,20,Yes,Yes,DSL,No,No,Yes,Yes,Yes,No,Month-to-month,No,Electronic check,62.33,1249.51,No
C7006199,Female,1,Yes,No,39,Yes,No,No,No internet service,No internet service,No internet service,No internet service,No internet service,No internet service,Month-to-month,Yes,Credit card (automatic),30.39,1184.71,No
C7006200,Female,0,No,No,7,Yes,Yes,Fiber optic,No,Yes,Yes,Yes,No,Yes,Two year,Yes,Mailed check,95.2,665.75,No
C7006201,Male,0,No,No,69,Yes,No,No,No internet service,No internet service,No internet service,No internet service,No internet service,No internet service,Two year,Yes,Electronic check,28.49,1984.07,No
C7006202,Female,1,No,No,21,No,No phone service,No,No internet service,No internet service,No internet service,No internet service,No internet service,No internet service,One year,No,Electronic check,20.55,402.01,No
C7006203,Male,1,Yes,No,23,Yes,No,Fiber optic,No,Yes,No,Yes,Yes,Yes,Month-to-month,Yes,Credit card (automatic),94.61,2173.95,Yes
C7006204,Male,0,No,No,11,Yes,Yes,Fiber optic,No,No,Yes,Yes,Yes,Yes,Month-to-month,Yes,Mailed check,99.48,1102.69,Yes
C7006205,Female,1,No,No,27,Yes,No,Fiber optic,No,No,Yes,Yes,Yes,No,Month-to-month,Yes,Credit card (automatic),84.7,2313.78,Yes
C7006206,Male,0,Yes,No,71,Yes,Yes,Fiber optic,No,No,No,No,Yes,Yes,Two year,Yes,Mailed check,80.63,5716.1,No
C7006207,Male,0,Yes,No,43,Yes,Yes,Fiber optic,No,No,No,Yes,Yes,Yes,Month-to-month,Yes,Mailed check,84.89,3650.4,No
C7006208,Male,0,Yes,No,48,Yes,Yes,Fiber optic,Yes,No,Yes,No,Yes,Yes,Two year,Yes,Electronic check,92.19,4446.64,No
C7006209,Female,0,Yes,No,43,Yes,Yes,Fiber optic,No,Yes,No,No,Yes,No,Month-to-month,Yes,Credit card (automatic),82.37,3539.07,Yes
C7006210,Male,0,Yes,Yes,24,Yes,No,Fiber optic,No,No,No,No,No,Yes,Month-to-month,No,Bank transfer (automatic),79.63,1927.31,Yes
C7006211,Female,0,No,No,57,Yes,Yes,No,No internet service,No internet service,No internet service,No internet service,No internet service,No internet service,Month-to-month,No,Electronic check,28.44,1633.99,No
C7006212,Male,0,No,No,25,Yes,No,Fiber optic,Yes,No,Yes,No,Yes,No,Month-to-month,Yes,Electronic check,86.14,2173.9,No
C7006213,Female,0,Yes,No,57,Yes,Yes,Fiber optic,No,Yes,No,Yes,No,Yes,Two year,No,Mailed check,85.55,4867.37,No
C7006214,Male,0,No,No,71,Yes,No,No,No internet service,No internet service,No internet service,No internet service,No internet service,No internet service,One year,No,Bank transfer (automatic),24.07,1700.96,No
C7006215,Male,0,No,No,0,Yes,Yes,No,No internet service,No internet service,No internet service,No internet service,No internet service,No internet service,Month-to-month,No,Bank transfer (automatic),30.16,0.0,No
C7006216,Female,1,No,No,12,No,No phone service,Fiber optic,No,No,Yes,Yes,Yes,No,Month-to-month,No,Electronic check,79.96,951.09,No
C7006217,Female,0,No,No,55,Yes,No,DSL,No,Yes,Yes,Yes,Yes,Yes,Month-to-month,Yes,Bank transfer (automatic),71.14,3917.06,No
C7006218,Male,0,No,No,8,Yes,Yes,Fiber optic,No,Yes,No,No,Yes,Yes,Month-to-month,Yes,Credit card (automatic),92.03,754.09,No
C7006219,Male,0,No,No,52,Yes,Yes,Fiber optic,Yes,No,No,No,Yes,No,Month-to-month,No,Bank transfer (automatic),87.49,4553.35,No
C7006220,Male,0,Yes,No,17,Yes,No,DSL,No,No,No,Yes,Yes,Yes,Month-to-month,No,Mailed check,64.19,1098.81,No
C7006221,Male,0,Yes,No,42,Yes,Yes,No,No internet service,No internet service,No internet service,No internet service,No internet service,No internet service,Month-to-month,No,Bank transfer (automatic),23.65,978.33,No
C7006222,Female,0,No,Yes,47,No,No phone service,DSL,Yes,Yes,No,Yes,No,No,Two year,No,Mailed check,61.9,2878.92,No
C7006223,Male,0,Yes,Yes,23,Yes,Yes,DSL,No,No,No,Yes,Yes,No,One year,No,Electronic check,65.88,1534.38,No
C7006224,Female,0,Yes,No,62,No,No phone service,Fiber optic,No,Yes,No,No,Yes,Yes,Two year,Yes,Mailed check,84.13,5226.24,Yes
C7006225,Male,0,Yes,No,66,Yes,Yes,Fiber optic,No,Yes,No,Yes,Yes,No,Month-to-month,Yes,Bank transfer (automatic),86.83,5744.17,No
C7006226,Male,0,No,No,15,Yes,No,Fiber optic,No,No,No,Yes,Yes,No,Month-to-month,No,Bank transfer (automatic),85.31,1256.29,Yes
C7006227,Male,0,Yes,No,53,Yes,Yes,Fiber optic,Yes,No,Yes,No,Yes,Yes,Month-to-month,Yes,Mailed check,93.44,4941.72,No
C7006228,Male,0,No,No,49,Yes,No,No,No internet service,No internet service,No internet service,No internet service,No internet service,No internet service,Month-to-month,No,Bank transfer (automatic),31.74,1541.31,No
C7006229,Male,1,Yes,Yes,18,Yes,Yes,DSL,Yes,No,Yes,Yes,No,No,Month-to-month,Yes,Credit card (automatic),67.84,1215.55,Yes
C7006230,Female,0,No,Yes,59,Yes,No,No,No internet service,No internet service,No internet service,No internet service,No internet service,No internet service,Two year,No,Electronic check,26.24,1558.01,No
C7006231,Male,0,No,No,22,Yes,Yes,Fiber optic,No,Yes,No,No,Yes,Yes,Month-to-month,No,Credit card (automatic),84.71,1876.99,No
C7006232,Female,1,No,No,18,Yes,Yes,Fiber optic,No,Yes,Yes,No,Yes,No,Month-to-month,Yes,Mailed check,89.31,1616.64,Yes
C7006233,Male,0,Yes,No,51,Yes,Yes,No,No internet service,No internet service,No internet service,No internet service,No internet service,No internet service,Month-to-month,Yes,Mailed check,29.47,1492.95,No
C7006234,Male,1,Yes,No,8,Yes,Yes,No,No internet service,No internet service,No internet service,No internet service,No internet service,No internet service,Month-to-month,No,Bank transfer (automatic),31.23,248.77,No
C7006235,Male,0,No,No,66,No,No phone service,Fiber optic,No,Yes,No,No,Yes,No,Month-to-month,No,Credit card (automatic),73.92,4885.25,No
C7006236,Male,0,No,No,28,Yes,No,Fiber optic,No,Yes,No,No,No,Yes,One year,Yes,Electronic check,79.46,2205.75,No
C7006237,Female,0,Yes,No,35,No,No phone service,DSL,No,Yes,Yes,No,Yes,Yes,Two year,Yes,Credit card (automatic),68.38,2386.79,No
C7006238,Female,0,No,No,49,Yes,No,Fiber optic,No,Yes,No,No,Yes,Yes,Month-to-month,Yes,Credit card (automatic),82.96,4063.4,Yes
C7006239,Female,1,No,No,64,Yes,Yes,Fiber optic,No,Yes,No,No,Yes,No,One year,Yes,Electronic check,83.72,5361.98,No
C7006240,Female,0,Yes,No,56,Yes,No,Fiber optic,Yes,No,No,No,No,Yes,Month-to-month,Yes,Credit card (automatic),81.23,4554.64,No
C7006241,Male,1,No,No,27,Yes,No,No,No internet service,No internet service,No internet service,No internet service,No internet service,No internet service,Month-to-month,Yes,Credit card (automatic),25.26,657.78,No
C7006242,Male,0,No,Yes,54,Yes,Yes,Fiber optic,No,Yes,No,No,Yes,Yes,Two year,Yes,Bank transfer (automatic),89.55,4816.31,No
C7006243,Female,1,No,No,28,Yes,No,Fiber optic,No,No,No,No,No,No,Month-to-month,Yes,Electronic check,70.19,1946.79,Yes
C7006244,Male,1,Yes,No,37,Yes,Yes,Fiber optic,Yes,Yes,No,Yes,Yes,Yes,One year,Yes,Electronic check,95.94,3560.64,No
C7006245,Male,0,Yes,No,50,Yes,Yes,Fiber optic,No,No,No,No,No,No,Two year,No,Bank transfer (automatic),80.87,4029.53,No
C7006246,Female,1,Yes,Yes,40,Yes,No,No,No internet service,No internet service,No internet service,No internet service,No internet service,No internet service,Two year,Yes,Electronic check,23.41,926.81,No
C7006247,Female,0,Yes,No,3,Yes,No,No,No internet service,No internet service,No internet service,No internet service,No internet service,No internet service,Month-to-month,No,Electronic check,22.25,40.8,No
C7006248,Female,0,Yes,No,3,Yes,No,DSL,No,Yes,No,Yes,No,Yes,Two year,No,Mailed check,65.67,207.34,No
C7006249,Male,0,No,No,10,Yes,Yes,No,No internet service,No internet service,No internet service,No internet service,No internet service,No internet service,Month-to-month,Yes,Mailed check,26.5,264.01,No
C7006250,Female,0,No,No,6,No,No phone service,No,No internet service,No internet service,No internet service,No internet service,No internet service,No internet service,Month-to-month,No,Electronic check,18.83,141.14,No
C7006251,Male,0,Yes,Yes,53,Yes,No,DSL,No,Yes,No,No,Yes,No,One year,Yes,Bank transfer (automatic),63.67,3331.34,No
C7006252,Male,0,No,No,14,Yes,No,Fiber optic,No,No,Yes,No,No,No,Month-to-month,No,Mailed check,75.07,1030.71,Yes
C7006253,Male,0,Yes,No,17,Yes,No,Fiber optic,No,Yes,No,No,Yes,No,One year,Yes,Mailed check,77.77,1327.84,No
C7006254,Female,0,Yes,No,22,Yes,Yes,Fiber optic,No,No,No,No,Yes,No,Two year,No,Electronic check,76.49,1709.47,No
C7006255,Female,0,No,No,12,No,No phone service,No,No internet service,No internet service,No internet service,No internet service,No internet service,No internet service,Two year,No,Credit card (automatic),21.01,232.91,No
C7006256,Female,0,No,Yes,63,Yes,No,No,No internet service,No internet service,No internet service,No internet service,No internet service,No internet service,Month-to-month,Yes,Electronic check,22.26,1371.66,No
C7006257,Male,0,Yes,No,6,Yes,No,DSL,Yes,Yes,No,Yes,No,Yes,Month-to-month,No,Credit card (automatic),67.14,401.28,Yes
C7006258,Male,1,No,No,13,No,No phone service,DSL,Yes,Yes,No,No,No,Yes,One year,No,Electronic check,61.0,782.04,No
C7006259,Male,1,No,No,16,Yes,No,DSL,No,No,Yes,No,Yes,No,One year,Yes,Bank transfer (automatic),62.55,1004.58,No
C7006260,Female,1,No,Yes,6,Yes,No,No,No internet service,No internet service,No internet service,No internet service,No internet service,No internet service,One year,Yes,Electronic check,22.78,162.23,No
C7006261,Male,0,No,No,18,Yes,Yes,DSL,Yes,No,No,No,No,No,Month-to-month,No,Electronic check,55.38,988.72,Yes
C7006262,Male,0,Yes,No,13,Yes,Yes,Fiber optic,No,Yes,No,No,No,No,One year,Yes,Electronic check,78.88,1021.48,No
C7006263,Female,1,Yes,Yes,24,No,No phone service,Fiber optic,Yes,No,Yes,No,No,Yes,One year,Yes,Bank transfer (automatic),81.83,1959.15,Yes
C7006264,Male,0,No,No,11,Yes,No,DSL,No,No,No,Yes,No,No,Month-to-month,Yes,Electronic check,56.0,624.21,Yes
C7006265,Female,0,No,No,68,Yes,Yes,DSL,Yes,Yes,No,Yes,No,No,Month-to-month,Yes,Electronic check,67.9,4615.26,No
C7006266,Male,0,Yes,Yes,57,Yes,Yes,No,No internet service,No internet service,No internet service,No internet service,No internet service,No internet service,Two year,Yes,Credit card (automatic),31.1,1758.36,No
C7006267,Female,0,Yes,No,47,Yes,Yes,Fiber optic,No,Yes,No,Yes,No,No,Two year,Yes,Bank transfer (automatic),82.89,3911.7,No
C7006268,Male,0,Yes,No,43,Yes,Yes,Fiber optic,Yes,No,No,No,No,Yes,Month-to-month,Yes,Mailed check,81.71,3493.14,Yes
C7006269,Male,0,Yes,No,50,Yes,No,Fiber optic,No,Yes,Yes,No,Yes,Yes,Month-to-month,Yes,Electronic check,94.34,4709.81,No
C7006270,Male,0,Yes,No,68,Yes,Yes,DSL,No,Yes,No,Yes,Yes,No,One year,No,Electronic check,73.51,4994.41,No
C7006271,Male,0,No,No,9,Yes,No,Fiber optic,No,No,No,No,Yes,No,Month-to-month,Yes,Mailed check,72.23,628.85,Yes
C7006272,Female,0,Yes,Yes,38,No,No phone service,DSL,Yes,Yes,Yes,No,Yes,Yes,Month-to-month,Yes,Credit card (automatic),71.52,2734.14,No
C7006273,Male,0,No,No,14,Yes,No,DSL,No,No,No,No,Yes,Yes,One year,Yes,Electronic check,55.91,772.58,No
C7006274,Male,0,Yes,No,33,Yes,No,DSL,Yes,No,Yes,Yes,Yes,No,Month-to-month,Yes,Electronic check,74.34,2437.84,No
C7006275,Female,0,Yes,Yes,65,Yes,Yes,Fiber optic,No,No,No,No,No,Yes,Month-to-month,Yes,Credit card (automatic),81.92,5347.29,No
C7006276,Male,0,No,No,46,No,No phone service,DSL,No,Yes,Yes,No,No,No,Two year,Yes,Credit card (automatic),55.64,2562.71,No
C7006277,Female,0,Yes,No,46,Yes,No,DSL,Yes,No,No,Yes,Yes,Yes,One year,Yes,Mailed check,65.95,3022.95,No
C7006278,Female,0,Yes,Yes,7,Yes,No,No,No internet service,No internet service,No internet service,No internet service,No internet service,No internet service,Month-to-month,Yes,Mailed check,28.25,195.61,No
C7006279,Male,0,No,No,59,Yes,Yes,Fiber optic,Yes,Yes,No,Yes,No,Yes,Two year,Yes,Bank transfer (automatic),95.99,5665.32,No
C7006280,Female,1,Yes,No,52,Yes,No,No,No internet service,No internet service,No internet service,No internet service,No internet service,No internet service,Month-to-month,Yes,Electronic check,26.55,1381.87,No
C7006281,Male,0,Yes,No,26,No,No phone service,No,No internet service,No internet service,No internet service,No internet service,No internet service,No internet service,Month-to-month,Yes,Electronic check,23.52,616.88,No
C7006282,Male,0,No,Yes,24,Yes,Yes,Fiber optic,No,Yes,No,No,No,No,Month-to-month,Yes,Electronic check,81.8,1964.47,No
C7006283,Male,1,Yes,No,42,Yes,No,Fiber optic,No,No,No,No,Yes,Yes,One year,No,Electronic check,76.26,3228.12,No
C7006284,Female,0,No,No,55,Yes,No,No,No internet service,No internet service,No internet service,No internet service,No internet service,No internet service,One year,No,Mailed check,28.39,1567.23,No
C7006285,Female,0,Yes,No,36,Yes,Yes,Fiber optic,No,No,Yes,Yes,Yes,No,Month-to-month,No,Electronic check,87.68,3162.5,No
C7006286,Male,0,Yes,No,62,Yes,Yes,DSL,No,No,No,No,Yes,No,Month-to-month,Yes,Electronic check,59.06,3645.2,No
C7006287,Female,0,Yes,No,14,Yes,No,DSL,No,Yes,No,Yes,No,No,Month-to-month,Yes,Electronic check,58.96,825.15,No
C7006288,Male,0,No,No,50,Yes,No,No,No internet service,No internet service,No internet service,No internet service,No internet service,No internet service,Month-to-month,Yes,Credit card (automatic),21.0,1027.93,No
C7006289,Female,0,Yes,Yes,60,Yes,No,DSL,No,No,No,No,Yes,No,Month-to-month,Yes,Electronic check,52.66,3170.24,No
C7006290,Female,0,No,Yes,51,Yes,Yes,No,No internet service,No internet service,No internet service,No internet service,No internet service,No internet service,Two year,Yes,Electronic check,26.7,1364.92,No
C7006291,Female,0,No,Yes,24,Yes,Yes,Fiber optic,No,Yes,No,Yes,No,Yes,Two year,Yes,Credit card (automatic),86.85,2086.96,No
C7006292,Female,0,No,No,33,Yes,No,Fiber optic,No,Yes,No,Yes,No,No,One year,Yes,Mailed check,79.66,2642.47,No
C7006293,Female,0,Yes,No,34,Yes,No,Fiber optic,No,Yes,No,No,No,No,Two year,No,Electronic check,77.39,2649.6,No
C7006294,Male,1,No,No,22,Yes,Yes,Fiber optic,Yes,No,Yes,No,Yes,No,Two year,Yes,Bank transfer (automatic),95.64,2078.84,No
C7006295,Female,0,No,Yes,9,Yes,No,DSL,No,No,No,No,No,Yes,One year,Yes,Mailed check,56.67,502.58,No
C7006296,Female,0,Yes,No,13,No,No phone service,Fiber optic,No,Yes,No,Yes,No,Yes,Month-to-month,Yes,Electronic check,85.05,1107.03,Yes
C7006297,Female,0,No,Yes,46,Yes,No,Fiber optic,No,Yes,Yes,Yes,Yes,No,Month-to-month,Yes,Mailed check,86.44,3959.21,No
C7006298,Male,0,No,Yes,16,No,No phone service,Fiber optic,No,No,No,Yes,No,Yes,Two year,No,Electronic check,80.29,1291.72,No
C7006299,Female,0,No,No,57,Yes,No,Fiber optic,Yes,Yes,Yes,Yes,Yes,No,One year,Yes,Electronic check,94.05,5370.19,No
C7006300,Male,0,No,No,57,Yes,No,Fiber optic,No,No,No,No,Yes,No,One year,Yes,Bank transfer (automatic),81.67,4649.45,No
C7006301,Male,0,Yes,No,29,Yes,No,Fiber optic,No,Yes,No,No,Yes,No,Month-to-month,Yes,Bank transfer (automatic),77.09,2245.62,Yes
C7006302,Female,1,Yes,No,26,Yes,Yes,No,No internet service,No internet service,No internet service,No internet service,No internet service,No internet service,Month-to-month,Yes,Mailed check,33.21,863.17,No
C7006303,Male,0,No,No,71,Yes,No,DSL,Yes,Yes,No,Yes,Yes,No,Month-to-month,Yes,Electronic check,66.4,4698.73,No
C7006304,Female,0,No,No,0,Yes,Yes,No,No internet service,No internet service,No internet service,No internet service,No internet service,No internet service,Month-to-month,Yes,Electronic check,26.61,0.0,No
C7006305,Male,0,No,No,18,No,No phone service,Fiber optic,No,Yes,No,No,Yes,No,One year,No,Bank transfer (automatic),81.7,1446.98,No
C7006306,Female,0,Yes,No,50,Yes,No,Fiber optic,No,Yes,Yes,Yes,No,No,One year,No,Bank transfer (automatic),82.43,4121.22,No
C7006307,Female,0,No,Yes,63,No,No phone service,Fiber optic,Yes,Yes,No,No,Yes,Yes,Month-to-month,Yes,Bank transfer (automatic),85.75,5411.95,No
C7006308,Male,1,No,No,33,Yes,Yes,Fiber optic,Yes,No,Yes,Yes,Yes,No,Month-to-month,Yes,Electronic check,91.48,3028.53,No
C7006309,Female,0,No,No,52,No,No phone service,DSL,No,No,No,Yes,No,No,Month-to-month,Yes,Electronic check,50.1,2601.4,No
C7006310,Male,0,Yes,Yes,15,Yes,Yes,Fiber optic,Yes,Yes,No,Yes,Yes,Yes,Month-to-month,No,Electronic check,106.1,1587.3,No
C7006311,Female,0,No,No,67,Yes,No,Fiber optic,No,Yes,Yes,Yes,Yes,No,Month-to-month,Yes,Credit card (automatic),90.85,6099.99,No
C7006312,Female,0,Yes,No,42,Yes,No,DSL,No,No,No,No,No,No,Month-to-month,No,Electronic check,48.4,2022.84,No
C7006313,Male,0,No,Yes,54,No,No phone service,DSL,No,Yes,No,No,Yes,Yes,Two year,Yes,Bank transfer (automatic),58.82,3161.95,No
C7006314,Female,0,Yes,No,12,Yes,Yes,No,No internet service,No internet service,No internet service,No internet service,No internet service,No internet service,Month-to-month,Yes,Bank transfer (automatic),29.63,379.89,No
C7006315,Female,0,No,Yes,36,Yes,Yes,No,No internet service,No internet service,No internet service,No internet service,No internet service,No internet service,Month-to-month,No,Bank transfer (automatic),30.14,1075.32,No
C7006316,Female,0,Yes,No,53,Yes,No,Fiber optic,No,No,Yes,No,No,No,Month-to-month,Yes,Electronic check,76.21,4021.5,No
C7006317,Female,0,Yes,No,30,Yes,No,DSL,No,Yes,No,No,Yes,No,One year,No,Bank transfer (automatic),62.39,1877.9,No
C7006318,Male,0,Yes,Yes,70,Yes,Yes,Fiber optic,No,Yes,No,No,No,No,Two year,No,Credit card (automatic),78.12,5453.19,No
C7006319,Female,0,No,Yes,60,Yes,No,No,No internet service,No internet service,No internet service,No internet service,No internet service,No internet service,Month-to-month,Yes,Mailed check,26.8,1623.96,No
C7006320,Male,1,No,No,9,Yes,No,Fiber optic,No,Yes,No,No,Yes,No,Two year,No,Bank transfer (automatic),74.97,667.61,No
C7006321,Male,0,No,No,61,No,No phone service,No,No internet service,No internet service,No internet service,No internet service,No internet service,No internet service,One year,No,Mailed check,20.59,1249.86,No
C7006322,Female,0,No,No,27,Yes,Yes,Fiber optic,No,Yes,No,Yes,Yes,Yes,Two year,Yes,Electronic check,92.75,2511.08,No
C7006323,Male,0,Yes,No,42,Yes,Yes,Fiber optic,No,Yes,No,No,No,No,Month-to-month,Yes,Mailed check,79.49,3363.17,No
C7006324,Female,0,Yes,Yes,29,Yes,Yes,DSL,No,Yes,No,No,No,Yes,Month-to-month,Yes,Bank transfer (automatic),66.55,1934.98,No
C7006325,Male,0,Yes,No,51,Yes,No,Fiber optic,No,No,No,No,Yes,No,One year,Yes,Electronic check,79.13,4039.94,No
C7006326,Female,0,Yes,No,31,Yes,Yes,No,No internet service,No internet service,No internet service,No internet service,No internet service,No internet service,Month-to-month,Yes,Mailed check,29.17,903.91,No
C7006327,Female,0,No,No,33,Yes,No,DSL,No,No,No,No,No,No,One year,Yes,Electronic check,51.05,1713.51,Yes
C7006328,Male,0,Yes,No,42,Yes,No,DSL,No,No,Yes,No,Yes,Yes,Two year,Yes,Credit card (automatic),65.6,2762.92,No
C7006329,Male,0,No,No,15,Yes,Yes,No,No internet service,No internet service,No internet service,No internet service,No internet service,No internet service,One year,No,Credit card (automatic),24.68,355.14,Yes
C7006330,Male,0,No,No,31,Yes,No,No,No internet service,No internet service,No internet service,No internet service,No internet service,No internet service,Month-to-month,Yes,Mailed check,25.79,781.59,No
C7006331,Female,1,No,No,3,Yes,Yes,DSL,No,No,Yes,No,No,Yes,Month-to-month,No,Mailed check,71.12,221.41,Yes
C7006332,Female,1,Yes,Yes,4,No,No phone service,Fiber optic,No,Yes,No,Yes,Yes,No,Month-to-month,No,Credit card (automatic),82.85,336.85,Yes
C7006333,Male,0,No,Yes,47,Yes,Yes,DSL,No,Yes,No,No,Yes,Yes,One year,Yes,Credit card (automatic),68.81,3230.13,No
C7006334,Female,0,No,No,20,Yes,No,DSL,Yes,Yes,Yes,No,Yes,No,One year,Yes,Bank transfer (automatic),68.76,1353.41,No
C7006335,Male,0,No,No,48,Yes,Yes,DSL,No,No,No,No,No,Yes,Month-to-month,Yes,Credit card (automatic),58.31,2803.42,No
C7006336,Male,1,No,No,55,No,No phone service,Fiber optic,Yes,Yes,No,Yes,No,No,Month-to-month,No,Mailed check,81.96,4498.59,No
C7006337,Male,0,Yes,Yes,48,Yes,Yes,DSL,No,Yes,No,Yes,No,Yes,Month-to-month,Yes,Electronic check,70.21,3357.49,No
C7006338,Male,0,No,Yes,30,Yes,No,No,No internet service,No internet service,No internet service,No internet service,No internet service,No internet service,One year,Yes,Credit card (automatic),20.6,633.4,No
C7006339,Female,0,No,No,41,Yes,Yes,DSL,No,Yes,No,No,Yes,No,Month-to-month,Yes,Credit card (automatic),67.06,2744.18,No
C7006340,Female,0,No,No,57,Yes,Yes,DSL,No,No,No,No,Yes,Yes,Month-to-month,Yes,Credit card (automatic),66.68,3790.07,Yes
C7006341,Female,0,No,Yes,24,Yes,No,DSL,No,No,No,No,Yes,No,Month-to-month,Yes,Credit card (automatic),55.02,1319.08,Yes
C7006342,Female,0,No,Yes,30,Yes,Yes,Fiber optic,No,Yes,No,No,No,No,One year,Yes,Electronic check,80.65,2415.78,No
C7006343,Male,0,Yes,No,17,Yes,No,No,No internet service,No internet service,No internet service,No internet service,No internet service,No internet service,Two year,No,Credit card (automatic),22.48,391.65,No
C7006344,Male,1,Yes,Yes,14,Yes,No,DSL,Yes,No,No,No,Yes,Yes,Two year,Yes,Mailed check,69.53,971.31,No
C7006345,Female,0,No,No,4,Yes,Yes,Fiber optic,No,No,No,No,No,Yes,Two year,Yes,Electronic check,75.64,297.54,Yes
C7006346,Female,1,No,No,5,Yes,Yes,DSL,Yes,No,No,No,No,Yes,Month-to-month,No,Bank transfer (automatic),64.85,344.11,Yes
C7006347,Female,0,No,Yes,10,Yes,No,DSL,Yes,No,Yes,No,No,Yes,One year,Yes,Electronic check,65.06,657.44,No
C7006348,Male,1,Yes,No,56,Yes,No,DSL,Yes,No,No,No,No,No,One year,No,Electronic check,53.86,3028.56,No
C7006349,Female,0,No,Yes,45,No,No phone service,DSL,Yes,No,Yes,No,Yes,No,Month-to-month,No,Electronic check,60.2,2721.32,Yes
C7006350,Female,0,No,No,6,Yes,No,No,No internet service,No internet service,No internet service,No internet service,No internet service,No internet service,One year,Yes,Credit card (automatic),22.03,126.87,No
C7006351,Female,0,No,No,56,Yes,No,Fiber optic,No,Yes,Yes,No,Yes,Yes,Two year,No,Bank transfer (automatic),88.32,4944.85,No
C7006352,Female,1,Yes,No,54,Yes,No,No,No internet service,No internet service,No internet service,No internet service,No internet service,No internet service,Two year,Yes,Credit card (automatic),22.09,1193.44,No
C7006353,Male,0,Yes,Yes,66,Yes,Yes,No,No internet service,No internet service,No internet service,No internet service,No internet service,No internet service,Month-to-month,Yes,Electronic check,29.46,1970.52,No
C7006354,Male,0,No,Yes,70,Yes,No,Fiber optic,No,Yes,Yes,No,Yes,No,Month-to-month,No,Credit card (automatic),89.26,6222.01,No
C7006355,Male,0,No,Yes,6,Yes,No,Fiber optic,No,No,No,Yes,Yes,Yes,Month-to-month,Yes,Electronic check,86.57,517.19,Yes
C7006356,Male,0,Yes,No,38,Yes,No,DSL,No,Yes,Yes,Yes,No,Yes,Two year,Yes,Electronic check,66.2,2517.98,No
C7006357,Female,0,No,No,59,Yes,No,DSL,Yes,No,Yes,Yes,No,No,One year,Yes,Credit card (automatic),64.23,3770.05,No
C7006358,Female,0,Yes,No,17,Yes,Yes,DSL,No,No,Yes,No,No,No,One year,Yes,Electronic check,59.92,992.4,Yes
C7006359,Male,0,Yes,Yes,43,No,No phone service,DSL,Yes,Yes,No,No,No,No,One year,Yes,Credit card (automatic),53.01,2270.41,No
C7006360,Male,0,Yes,No,6,Yes,Yes,DSL,No,No,No,No,No,Yes,Month-to-month,Yes,Bank transfer (automatic),58.64,356.59,No
C7006361,Female,0,Yes,No,21,Yes,No,Fiber optic,Yes,No,No,No,Yes,No,One year,Yes,Mailed check,83.88,1772.58,No
C7006362,Female,0,No,Yes,71,Yes,Yes,Fiber optic,No,No,Yes,No,Yes,No,Month-to-month,Yes,Credit card (automatic),79.91,5691.87,No
C7006363,Male,0,Yes,No,52,Yes,Yes,Fiber optic,Yes,No,No,Yes,No,No,One year,No,Bank transfer (automatic),86.27,4491.3,No
C7006364,Female,0,No,No,19,Yes,No,Fiber optic,No,Yes,No,No,No,Yes,Month-to-month,No,Electronic check,74.56,1409.29,No
C7006365,Male,0,Yes,No,72,Yes,Yes,DSL,No,Yes,Yes,No,Yes,Yes,Month-to-month,Yes,Bank transfer (automatic),75.88,5463.19,No
C7006366,Male,0,Yes,No,14,Yes,No,DSL,No,Yes,No,No,No,Yes,One year,Yes,Electronic check,57.41,796.07,No
C7006367,Male,0,Yes,Yes,27,Yes,Yes,Fiber optic,No,Yes,No,Yes,Yes,Yes,Two year,Yes,Credit card (automatic),96.93,2622.41,No
C7006368,Female,0,Yes,No,32,Yes,Yes,No,No internet service,No internet service,No internet service,No internet service,No internet service,No internet service,Month-to-month,Yes,Bank transfer (automatic),35.89,1142.93,No
C7006369,Female,0,No,No,45,Yes,Yes,Fiber optic,Yes,No,No,Yes,No,Yes,One year,Yes,Bank transfer (automatic),89.84,4040.65,No
C7006370,Female,0,No,No,19,Yes,Yes,No,No internet service,No internet service,No internet service,No internet service,No internet service,No internet service,Two year,No,Mailed check,34.0,654.91,No
C7006371,Male,0,No,No,19,Yes,Yes,Fiber optic,No,No,No,No,Yes,No,Month-to-month,Yes,Credit card (automatic),82.08,1547.45,No
C7006372,Female,0,No,Yes,48,Yes,Yes,No,No internet service,No internet service,No internet service,No internet service,No internet service,No internet service,Two year,Yes,Bank transfer (automatic),31.38,1521.93,No
C7006373,Female,1,No,No,14,Yes,No,Fiber optic,No,Yes,Yes,No,No,No,One year,Yes,Bank transfer (automatic),76.86,1057.41,No
C7006374,Male,0,No,No,10,Yes,Yes,No,No internet service,No internet service,No internet service,No internet service,No internet service,No internet service,Month-to-month,No,Mailed check,33.33,337.16,Yes
C7006375,Male,0,No,No,10,No,No phone service,DSL,No,Yes,No,No,Yes,Yes,Month-to-month,No,Mailed check,61.28,600.7,No
C7006376,Male,0,No,No,23,Yes,No,No,No internet service,No internet service,No internet service,No internet service,No internet service,No internet service,Two year,Yes,Credit card (automatic),21.88,521.76,No
C7006377,Female,0,Yes,No,2,Yes,Yes,Fiber optic,No,No,No,Yes,Yes,No,Month-to-month,Yes,Credit card (automatic),82.24,161.62,Yes
C7006378,Male,0,Yes,No,2,Yes,No,Fiber optic,No,No,Yes,No,No,No,One year,Yes,Bank transfer (automatic),73.34,147.33,No
C7006379,Male,1,No,No,52,No,No phone service,Fiber optic,No,No,No,No,Yes,Yes,Month-to-month,Yes,Credit card (automatic),72.4,3761.55,Yes
C7006380,Female,0,No,Yes,39,Yes,Yes,Fiber optic,Yes,No,Yes,No,Yes,Yes,Month-to-month,Yes,Credit card (automatic),94.58,3694.6,No
C7006381,Female,0,Yes,No,10,Yes,No,No,No internet service,No internet service,No internet service,No internet service,No internet service,No internet service,Two year,No,Bank transfer (automatic),26.73,264.67,No
C7006382,Female,0,No,No,18,Yes,Yes,No,No internet service,No internet service,No internet service,No internet service,No internet service,No internet service,Month-to-month,Yes,Mailed check,29.33,505.22,No
C7006383,Female,1,Yes,No,49,Yes,No,Fiber optic,Yes,Yes,Yes,No,No,No,One year,No,Mailed check,85.65,4193.15,Yes
C7006384,Male,0,No,No,58,Yes,No,DSL,No,Yes,Yes,No,No,Yes,Two year,No,Mailed check,61.27,3567.43,No
C7006385,Female,0,No,No,63,Yes,No,Fiber optic,No,Yes,Yes,Yes,Yes,No,Two year,Yes,Credit card (automatic),93.13,5868.34,No
C7006386,Male,1,Yes,Yes,15,Yes,Yes,Fiber optic,No,No,No,No,No,No,Month-to-month,No,Bank transfer (automatic),77.64,1136.76,Yes
C7006387,Male,1,No,No,61,Yes,No,Fiber optic,No,No,Yes,Yes,No,No,One year,Yes,Bank transfer (automatic),86.29,5265.62,No
C7006388,Female,0,No,No,31,Yes,Yes,DSL,Yes,No,Yes,Yes,Yes,No,Month-to-month,Yes,Credit card (automatic),71.88,2228.15,No
C7006389,Male,0,No,No,21,Yes,No,Fiber optic,No,Yes,Yes,Yes,Yes,No,One year,No,Bank transfer (automatic),86.54,1826.77,Yes
C7006390,Male,0,No,No,42,Yes,No,Fiber optic,Yes,No,No,No,Yes,No,Two year,Yes,Credit card (automatic),76.05,3206.75,Yes
C7006391,Female,0,No,No,9,Yes,Yes,DSL,No,No,Yes,No,No,Yes,Month-to-month,Yes,Electronic check,68.69,606.64,No
C7006392,Male,0,No,No,33,Yes,No,DSL,No,No,Yes,No,No,No,Month-to-month,Yes,Mailed check,50.79,1672.69,No
C7006393,Male,0,No,Yes,32,Yes,No,DSL,Yes,No,Yes,No,Yes,Yes,Month-to-month,Yes,Bank transfer (automatic),68.68,2184.25,No
C7006394,Female,0,Yes,No,43,No,No phone service,No,No internet service,No internet service,No internet service,No internet service,No internet service,No internet service,Month-to-month,No,Credit card (automatic),18.0,772.13,No
C7006395,Female,0,Yes,No,13,Yes,No,Fiber optic,No,Yes,No,No,No,Yes,Month-to-month,Yes,Mailed check,80.23,1035.74,No
C7006396,Female,0,Yes,No,4,Yes,Yes,Fiber optic,No,Yes,Yes,No,Yes,No,Month-to-month,No,Electronic check,90.67,359.69,No
C7006397,Male,0,Yes,No,27,Yes,No,DSL,No,Yes,No,No,No,No,Month-to-month,Yes,Electronic check,56.39,1516.63,No
C7006398,Female,0,No,No,71,Yes,Yes,Fiber optic,No,Yes,No,Yes,Yes,Yes,Two year,No,Mailed check,94.71,6732.71,No
C7006399,Female,0,No,Yes,41,Yes,No,DSL,Yes,No,No,No,No,No,One year,Yes,Credit card (automatic),51.57,2141.18,No
C7006400,Male,0,No,No,39,No,No phone service,Fiber optic,Yes,No,No,No,No,Yes,One year,No,Mailed check,76.52,2979.44,No
C7006401,Male,0,Yes,No,47,Yes,No,Fiber optic,Yes,Yes,Yes,No,No,Yes,Month-to-month,Yes,Bank transfer (automatic),90.19,4248.3,Yes
C7006402,Male,0,No,Yes,37,Yes,No,DSL,No,Yes,No,Yes,Yes,No,Month-to-month,No,Mailed check,65.15,2402.15,No
C7006403,Female,1,No,No,15,Yes,Yes,No,No internet service,No internet service,No internet service,No internet service,No internet service,No internet service,Month-to-month,Yes,Bank transfer (automatic),27.36,359.25,No
C7006404,Male,0,Yes,Yes,71,Yes,No,No,No internet service,No internet service,No internet service,No internet service,No internet service,No internet service,Month-to-month,Yes,Credit card (automatic),26.2,1862.73,No
C7006405,Female,1,No,No,16,Yes,No,Fiber optic,No,Yes,No,No,Yes,No,Month-to-month,Yes,Bank transfer (automatic),82.5,1322.68,Yes
C7006406,Female,0,Yes,No,46,Yes,Yes,Fiber optic,No,No,No,Yes,No,No,Month-to-month,No,Credit card (automatic),77.49,3591.6,Yes
C7006407,Male,0,No,Yes,63,Yes,No,DSL,Yes,Yes,Yes,No,No,No,Two year,No,Credit card (automatic),60.96,3848.96,No
C7006408,Female,0,Yes,No,48,Yes,Yes,Fiber optic,Yes,Yes,No,Yes,No,No,Two year,Yes,Electronic check,92.24,4422.14,No
C7006409,Male,0,No,No,68,Yes,No,Fiber optic,No,No,No,No,No,No,One year,No,Electronic check,64.61,4367.37,No
C7006410,Male,0,No,Yes,12,No,No phone service,No,No internet service,No internet service,No internet service,No internet service,No internet service,No internet service,Month-to-month,No,Credit card (automatic),18.0,219.88,Yes
C7006411,Female,0,No,No,46,Yes,No,Fiber optic,No,Yes,No,Yes,Yes,Yes,Month-to-month,Yes,Electronic check,87.71,4048.23,Yes
C7006412,Male,0,Yes,Yes,6,Yes,Yes,Fiber optic,Yes,Yes,No,No,Yes,Yes,Two year,Yes,Electronic check,92.43,593.25,No
C7006413,Female,0,Yes,No,40,Yes,Yes,DSL,No,No,No,No,No,Yes,Month-to-month,Yes,Mailed check,62.2,2489.53,No
C7006414,Female,0,No,No,13,Yes,No,Fiber optic,No,No,No,No,Yes,No,Month-to-month,No,Bank transfer (automatic),78.47,1031.56,Yes
C7006415,Male,0,Yes,Yes,48,Yes,Yes,Fiber optic,No,No,Yes,No,Yes,No,One year,Yes,Electronic check,88.01,4225.26,No
C7006416,Male,0,Yes,No,23,Yes,No,No,No internet service,No internet service,No internet service,No internet service,No internet service,No internet service,One year,Yes,Bank transfer (automatic),22.19,520.24,No
C7006417,Male,0,No,No,9,Yes,No,Fiber optic,No,No,No,Yes,No,No,Month-to-month,Yes,Electronic check,79.47,719.89,Yes
C7006418,Female,0,No,Yes,63,Yes,No,Fiber optic,Yes,No,Yes,No,No,Yes,Month-to-month,Yes,Credit card (automatic),81.15,5092.73,No
C7006419,Female,0,No,No,65,No,No phone service,DSL,No,Yes,Yes,No,Yes,No,Month-to-month,No,Electronic check,60.73,3948.03,Yes
C7006420,Male,0,Yes,No,12,Yes,No,Fiber optic,No,Yes,No,No,Yes,Yes,Month-to-month,Yes,Electronic check,85.56,1022.82,No
C7006421,Female,0,No,Yes,15,Yes,Yes,Fiber optic,Yes,Yes,Yes,No,Yes,No,One year,Yes,Electronic check,99.55,1495.85,No
C7006422,Female,0,No,No,2,Yes,Yes,No,No internet service,No internet service,No internet service,No internet service,No internet service,No internet service,One year,Yes,Credit card (automatic),31.51,75.93,No
C7006423,Female,0,Yes,No,48,Yes,No,Fiber optic,No,No,Yes,No,No,Yes,One year,Yes,Electronic check,85.07,4095.42,No
C7006424,Male,0,Yes,No,65,Yes,No,DSL,Yes,No,No,No,No,Yes,Month-to-month,Yes,Mailed check,57.39,3724.35,No
C7006425,Male,0,Yes,No,16,Yes,Yes,No,No internet service,No internet service,No internet service,No internet service,No internet service,No internet service,Two year,Yes,Bank transfer (automatic),32.57,523.8,No
C7006426,Male,0,No,No,32,Yes,No,DSL,No,No,No,Yes,Yes,No,Two year,Yes,Electronic check,63.42,2018.95,No
C7006427,Male,0,Yes,Yes,51,Yes,Yes,Fiber optic,Yes,No,No,Yes,Yes,Yes,Month-to-month,No,Mailed check,96.64,4910.44,No
C7006428,Male,0,No,Yes,32,Yes,Yes,No,No internet service,No internet service,No internet service,No internet service,No internet service,No internet service,Month-to-month,Yes,Electronic check,27.53,871.71,No
C7006429,Male,0,Yes,No,55,Yes,Yes,Fiber optic,No,No,Yes,No,No,Yes,Month-to-month,No,Mailed check,84.18,4626.49,No
C7006430,Male,0,Yes,No,55,Yes,Yes,No,No internet service,No internet service,No internet service,No internet service,No internet service,No internet service,Month-to-month,Yes,Bank transfer (automatic),31.89,1760.05,No
C7006431,Male,0,No,Yes,54,No,No phone service,No,No internet service,No internet service,No internet service,No internet service,No internet service,No internet service,One year,No,Bank transfer (automatic),22.32,1248.06,Yes
C7006432,Male,0,No,Yes,52,No,No phone service,DSL,Yes,Yes,No,Yes,No,No,Month-to-month,No,Electronic check,57.13,2976.96,No
C7006433,Female,0,No,No,31,Yes,No,Fiber optic,No,No,No,No,Yes,No,Two year,No,Electronic check,71.59,2202.75,No
C7006434,Female,0,No,No,28,Yes,Yes,Fiber optic,Yes,Yes,Yes,No,No,No,Month-to-month,Yes,Electronic check,93.82,2629.8,No
C7006435,Male,0,Yes,No,44,No,No phone service,Fiber optic,No,No,Yes,Yes,No,No,Two year,No,Mailed check,77.97,3427.8,No
C7006436,Female,1,Yes,No,7,Yes,Yes,No,No internet service,No internet service,No internet service,No internet service,No internet service,No internet service,One year,No,Mailed check,33.85,255.69,Yes
C7006437,Male,0,Yes,No,43,Yes,Yes,No,No internet service,No internet service,No internet service,No internet service,No internet service,No internet service,Month-to-month,Yes,Electronic check,35.51,1517.92,No
C7006438,Female,0,Yes,Yes,2,Yes,No,Fiber optic,Yes,No,Yes,No,No,Yes,Month-to-month,Yes,Bank transfer (automatic),85.48,176.31,No
C7006439,Female,0,No,No,52,Yes,No,DSL,No,Yes,No,Yes,No,No,One year,Yes,Electronic check,55.35,2894.64,No
C7006440,Male,0,No,Yes,44,Yes,No,DSL,Yes,Yes,No,No,No,Yes,Month-to-month,No,Electronic check,69.37,3051.32,Yes
C7006441,Female,0,Yes,No,36,Yes,Yes,DSL,No,No,No,No,Yes,Yes,One year,No,Electronic check,64.6,2316.15,No
C7006442,Female,1,Yes,Yes,22,Yes,Yes,Fiber optic,Yes,Yes,Yes,No,Yes,No,Two year,Yes,Bank transfer (automatic),100.19,2217.66,Yes
C7006443,Female,0,No,No,37,No,No phone service,Fiber optic,Yes,No,Yes,Yes,Yes,No,Month-to-month,No,Electronic check,82.53,3050.12,No
C7006444,Male,0,No,No,46,Yes,No,DSL,Yes,No,No,No,Yes,Yes,Two year,No,Electronic check,67.92,3148.76,No
C7006445,Male,0,Yes,No,49,Yes,Yes,Fiber optic,No,Yes,No,Yes,No,Yes,One year,Yes,Credit card (automatic),86.87,4254.75,No
C7006446,Female,1,Yes,No,67,Yes,Yes,DSL,Yes,No,No,No,Yes,Yes,Two year,Yes,Electronic check,74.49,4989.03,No
C7006447,Male,0,Yes,No,12,Yes,No,No,No internet service,No internet service,No internet service,No internet service,No internet service,No internet service,Month-to-month,Yes,Electronic check,20.39,253.72,No
C7006448,Female,0,Yes,Yes,3,Yes,Yes,No,No internet service,No internet service,No internet service,No internet service,No internet service,No internet service,Two year,No,Mailed check,30.22,94.04,No
C7006449,Female,0,Yes,No,47,Yes,No,DSL,No,Yes,Yes,No,No,No,Month-to-month,Yes,Electronic check,59.69,2788.2,Yes
C7006450,Male,0,No,No,11,Yes,No,DSL,Yes,No,No,Yes,No,Yes,One year,No,Electronic check,63.07,684.38,No
C7006451,Male,0,Yes,No,10,Yes,No,No,No internet service,No internet service,No internet service,No internet service,No internet service,No internet service,One year,Yes,Credit card (automatic),24.97,240.77,No
C7006452,Male,0,No,No,20,Yes,Yes,DSL,No,No,Yes,No,Yes,No,Month-to-month,Yes,Electronic check,62.78,1235.5,No
C7006453,Male,0,Yes,No,52,Yes,No,No,No internet service,No internet service,No internet service,No internet service,No internet service,No internet service,Month-to-month,Yes,Electronic check,24.12,1242.56,No
C7006454,Female,0,Yes,Yes,4,Yes,Yes,DSL,No,No,No,No,No,No,Two year,Yes,Electronic check,55.44,225.34,Yes
C7006455,Female,0,Yes,No,28,Yes,Yes,Fiber optic,No,Yes,No,Yes,No,No,One year,No,Mailed check,82.44,2318.17,No
C7006456,Male,0,No,No,7,Yes,Yes,Fiber optic,No,No,No,No,No,Yes,Two year,Yes,Credit card (automatic),79.69,556.01,No
C7006457,Female,0,No,Yes,61,Yes,Yes,Fiber optic,Yes,Yes,Yes,No,No,No,Two year,No,Electronic check,92.15,5634.17,No
C7006458,Female,0,Yes,No,55,Yes,No,No,No internet service,No internet service,No internet service,No internet service,No internet service,No internet service,Month-to-month,No,Mailed check,22.33,1215.72,No
C7006459,Female,0,No,No,6,Yes,Yes,No,No internet service,No internet service,No internet service,No internet service,No internet service,No internet service,Month-to-month,Yes,Bank transfer (automatic),30.28,209.43,No
C7006460,Male,0,No,Yes,19,Yes,No,Fiber optic,No,Yes,Yes,Yes,No,Yes,Month-to-month,No,Electronic check,86.73,1667.3,No
C7006461,Female,0,No,No,33,Yes,No,Fiber optic,No,Yes,Yes,Yes,No,No,One year,Yes,Bank transfer (automatic),89.89,2977.28,No
C7006462,Female,0,No,No,33,Yes,No,Fiber optic,No,No,Yes,No,Yes,Yes,Month-to-month,Yes,Electronic check,86.24,2851.23,No
C7006463,Male,0,No,Yes,12,Yes,No,Fiber optic,No,No,Yes,No,Yes,No,Month-to-month,Yes,Electronic check,76.0,886.53,No
C7006464,Female,0,Yes,No,34,Yes,Yes,DSL,No,Yes,Yes,No,No,Yes,Month-to-month,Yes,Bank transfer (automatic),75.52,2589.67,No
C7006465,Female,0,No,No,63,Yes,No,Fiber optic,No,No,Yes,No,No,No,Month-to-month,No,Electronic check,76.09,4782.57,No
C7006466,Male,0,No,Yes,16,Yes,Yes,Fiber optic,No,No,No,No,Yes,Yes,Month-to-month,Yes,Credit card (automatic),82.38,1315.95,Yes
C7006467,Female,0,No,No,9,No,No phone service,DSL,No,No,No,No,Yes,No,One year,Yes,Mailed check,57.34,508.72,No
C7006468,Female,0,Yes,No,28,Yes,No,Fiber optic,Yes,No,Yes,No,Yes,No,One year,No,Electronic check,84.54,2364.4,No
C7006469,Female,0,No,No,35,Yes,No,No,No internet service,No internet service,No internet service,No internet service,No internet service,No internet service,One year,Yes,Mailed check,20.17,705.77,No
C7006470,Male,0,Yes,No,20,Yes,Yes,No,No internet service,No internet service,No internet service,No internet service,No internet service,No internet service,One year,Yes,Electronic check,33.72,707.35,No
C7006471,Female,0,No,Yes,7,Yes,Yes,Fiber optic,No,Yes,Yes,No,No,No,One year,Yes,Electronic check,85.9,598.65,Yes
C7006472,Female,1,No,No,6,Yes,No,No,No internet service,No internet service,No internet service,No internet service,No internet service,No internet service,Month-to-month,Yes,Mailed check,29.09,172.26,Yes
C7006473,Female,0,Yes,No,58,Yes,No,DSL,Yes,Yes,No,Yes,Yes,Yes,One year,Yes,Bank transfer (automatic),75.39,4381.36,No
C7006474,Male,0,No,No,9,Yes,No,DSL,Yes,Yes,No,Yes,Yes,No,Two year,Yes,Electronic check,67.89,614.99,No
C7006475,Male,0,No,No,20,Yes,Yes,Fiber optic,No,Yes,No,No,No,No,Two year,No,Electronic check,76.41,1538.61,No
C7006476,Female,0,No,Yes,55,Yes,Yes,Fiber optic,No,Yes,Yes,No,No,Yes,Month-to-month,No,Electronic check,87.67,4844.52,No
C7006477,Male,0,No,Yes,43,Yes,No,No,No internet service,No internet service,No internet service,No internet service,No internet service,No internet service,Month-to-month,No,Mailed check,22.91,979.62,No
C7006478,Male,0,No,Yes,1,Yes,Yes,No,No internet service,No internet service,No internet service,No internet service,No internet service,No internet service,Month-to-month,Yes,Mailed check,25.16,45.01,No
C7006479,Male,0,Yes,Yes,12,Yes,No,Fiber optic,No,No,No,No,No,Yes,Month-to-month,No,Bank transfer (automatic),72.7,872.66,Yes
C7006480,Female,0,No,Yes,34,Yes,Yes,DSL,Yes,Yes,Yes,No,No,Yes,One year,Yes,Electronic check,74.45,2522.39,No
C7006481,Male,0,No,No,25,Yes,No,DSL,No,No,Yes,No,Yes,No,Month-to-month,No,Electronic check,59.1,1465.44,No
C7006482,Female,0,No,Yes,72,Yes,Yes,Fiber optic,No,No,No,No,No,No,Two year,No,Bank transfer (automatic),65.36,4714.64,No
C7006483,Female,0,No,Yes,8,Yes,Yes,Fiber optic,No,Yes,Yes,No,No,No,One year,Yes,Bank transfer (automatic),81.67,659.7,No
C7006484,Female,0,No,Yes,1,Yes,Yes,No,No internet service,No internet service,No internet service,No internet service,No internet service,No internet service,Month-to-month,Yes,Bank transfer (automatic),29.49,26.84,No
C7006485,Female,0,Yes,No,40,Yes,No,DSL,Yes,No,Yes,No,No,No,Month-to-month,No,Bank transfer (automatic),57.95,2324.96,Yes
C7006486,Male,0,Yes,Yes,70,Yes,No,No,No internet service,No internet service,No internet service,No internet service,No internet service,No internet service,Month-to-month,No,Mailed check,26.55,1850.85,No
C7006487,Female,0,No,No,0,No,No phone service,Fiber optic,No,Yes,No,No,No,Yes,Month-to-month,Yes,Electronic check,73.24,0.0,Yes
C7006488,Male,0,Yes,Yes,60,Yes,No,Fiber optic,No,No,Yes,Yes,No,Yes,Month-to-month,No,Credit card (automatic),84.65,5069.2,Yes
C7006489,Female,0,Yes,Yes,72,Yes,Yes,DSL,No,Yes,No,No,No,Yes,Month-to-month,Yes,Electronic check,66.14,4762.67,No
C7006490,Male,1,Yes,No,30,Yes,No,DSL,No,Yes,No,No,Yes,Yes,Month-to-month,Yes,Credit card (automatic),67.9,2009.42,Yes
C7006491,Female,0,No,No,30,Yes,Yes,Fiber optic,No,Yes,Yes,No,Yes,No,Two year,Yes,Mailed check,90.16,2725.86,No
C7006492,Female,0,Yes,No,72,Yes,Yes,No,No internet service,No internet service,No internet service,No internet service,No internet service,No internet service,Month-to-month,Yes,Mailed check,24.76,1804.32,No
C7006493,Male,0,Yes,No,45,Yes,No,Fiber optic,No,No,No,No,Yes,Yes,Month-to-month,Yes,Electronic check,84.13,3783.06,No
C7006494,Female,1,Yes,No,39,Yes,No,Fiber optic,No,Yes,No,Yes,No,No,Two year,Yes,Credit card (automatic),82.97,3235.4,No
C7006495,Male,0,Yes,Yes,20,Yes,No,Fiber optic,No,No,No,Yes,No,Yes,Month-to-month,No,Credit card (automatic),76.91,1518.59,Yes
C7006496,Male,1,Yes,No,68,Yes,Yes,DSL,No,No,No,Yes,No,No,Month-to-month,No,Bank transfer (automatic),60.77,4125.43,No
C7006497,Male,0,Yes,Yes,18,Yes,No,DSL,No,Yes,No,Yes,Yes,Yes,Month-to-month,Yes,Electronic check,67.19,1209.36,Yes
C7006498,Male,1,No,No,28,Yes,No,No,No internet service,No internet service,No internet service,No internet service,No internet service,No internet service,One year,Yes,Electronic check,23.43,653.8,No
C7006499,Female,0,Yes,No,61,Yes,No,Fiber optic,Yes,Yes,Yes,No,Yes,No,One year,Yes,Bank transfer (automatic),92.11,5589.86,No
C7006500,Female,0,Yes,Yes,37,Yes,No,No,No internet service,No internet service,No internet service,No internet service,No internet service,No internet service,Month-to-month,No,Electronic check,25.57,945.84,No
C7006501,Male,0,No,No,55,Yes,Yes,Fiber optic,Yes,Yes,No,No,No,No,Month-to-month,Yes,Credit card (automatic),85.97,4720.6,No
C7006502,Female,0,Yes,No,72,Yes,Yes,DSL,No,No,Yes,No,Yes,No,Two year,Yes,Electronic check,66.29,4753.82,No
C7006503,Female,1,Yes,No,46,Yes,No,Fiber optic,No,No,Yes,Yes,No,Yes,One year,Yes,Mailed check,89.2,4085.63,No
C7006504,Female,0,Yes,No,11,Yes,Yes,Fiber optic,No,Yes,Yes,Yes,No,No,Two year,Yes,Credit card (automatic),91.99,994.18,Yes
C7006505,Male,0,Yes,No,54,No,No phone service,Fiber optic,No,Yes,Yes,Yes,Yes,No,Month-to-month,Yes,Bank transfer (automatic),85.07,4603.08,No
C7006506,Female,0,No,No,43,Yes,No,DSL,Yes,Yes,No,Yes,Yes,No,Month-to-month,Yes,Mailed check,68.99,2994.12,No
C7006507,Male,0,No,Yes,12,Yes,No,DSL,Yes,No,No,No,Yes,No,Month-to-month,No,Mailed check,59.51,764.78,No
C7006508,Female,0,Yes,Yes,8,Yes,No,Fiber optic,Yes,Yes,Yes,No,No,No,Month-to-month,Yes,Electronic check,84.01,663.2,Yes
C7006509,Female,0,No,No,68,Yes,Yes,Fiber optic,No,Yes,No,No,No,No,Month-to-month,Yes,Bank transfer (automatic),80.25,5432.85,Yes
C7006510,Female,1,No,No,7,Yes,Yes,DSL,Yes,Yes,No,Yes,No,No,Month-to-month,No,Bank transfer (automatic),66.06,452.81,Yes
C7006511,Male,1,No,No,33,Yes,Yes,Fiber optic,Yes,No,No,Yes,No,No,Month-to-month,Yes,Credit card (automatic),85.07,2790.09,No
C7006512,Male,0,No,No,71,Yes,Yes,Fiber optic,Yes,Yes,Yes,No,No,Yes,One year,Yes,Bank transfer (automatic),98.73,6971.62,No
C7006513,Female,0,No,No,63,Yes,Yes,Fiber optic,No,No,Yes,Yes,Yes,No,One year,Yes,Electronic check,90.09,5682.81,No
C7006514,Male,1,No,No,61,Yes,Yes,DSL,No,No,Yes,Yes,Yes,Yes,Two year,No,Electronic check,74.84,4555.22,No
C7006515,Male,1,No,No,53,Yes,Yes,No,No internet service,No internet service,No internet service,No internet service,No internet service,No internet service,Month-to-month,Yes,Electronic check,24.85,1316.49,No
C7006516,Female,0,Yes,No,34,Yes,Yes,DSL,Yes,No,No,Yes,Yes,Yes,Month-to-month,Yes,Electronic check,70.78,2404.6,No
C7006517,Female,0,No,No,20,Yes,No,DSL,Yes,Yes,Yes,Yes,No,No,Month-to-month,No,Credit card (automatic),66.1,1312.79,No
C7006518,Male,0,No,No,65,Yes,Yes,DSL,No,Yes,No,No,Yes,No,Month-to-month,No,Mailed check,63.94,4117.26,No
C7006519,Male,0,No,No,41,Yes,Yes,DSL,No,Yes,No,No,No,No,Month-to-month,Yes,Credit card (automatic),58.79,2394.18,Yes
C7006520,Female,0,Yes,No,28,Yes,No,Fiber optic,Yes,No,Yes,No,No,Yes,Month-to-month,Yes,Electronic check,83.47,2316.42,Yes
C7006521,Male,0,Yes,No,70,Yes,Yes,DSL,Yes,Yes,No,Yes,Yes,No,Month-to-month,Yes,Bank transfer (automatic),75.13,5243.95,Yes
C7006522,Male,0,Yes,No,27,Yes,No,DSL,No,No,Yes,Yes,Yes,Yes,Month-to-month,No,Electronic check,73.45,1973.03,No
C7006523,Male,0,No,No,2,Yes,No,DSL,Yes,No,No,Yes,Yes,No,Month-to-month,Yes,Bank transfer (automatic),66.89,138.03,Yes
C7006524,Male,0,No,No,43,Yes,No,DSL,No,No,No,Yes,No,Yes,Month-to-month,Yes,Electronic check,64.93,2787.36,No
C7006525,Female,0,No,No,31,Yes,Yes,Fiber optic,No,No,No,No,Yes,Yes,Two year,Yes,Electronic check,80.14,2473.04,Yes
C7006526,Male,1,Yes,No,45,No,No phone service,DSL,No,No,No,Yes,Yes,Yes,Two year,No,Electronic check,60.66,2728.05,No
C7006527,Male,0,Yes,No,45,Yes,No,DSL,Yes,Yes,No,Yes,No,No,One year,Yes,Mailed check,64.15,2884.91,No
C7006528,Female,0,Yes,Yes,45,Yes,No,No,No internet service,No internet service,No internet service,No internet service,No internet service,No internet service,Month-to-month,Yes,Mailed check,26.87,1226.18,No
C7006529,Male,1,Yes,No,24,Yes,No,Fiber optic,No,Yes,No,No,Yes,Yes,Month-to-month,No,Bank transfer (automatic),82.83,2029.25,Yes
C7006530,Male,0,No,No,18,Yes,Yes,DSL,Yes,Yes,Yes,No,Yes,No,Month-to-month,No,Credit card (automatic),75.36,1329.39,Yes
C7006531,Female,0,No,No,23,Yes,Yes,Fiber optic,Yes,No,No,Yes,Yes,No,One year,No,Electronic check,88.57,2045.32,No
C7006532,Female,0,No,No,70,Yes,No,DSL,No,No,No,Yes,No,No,Month-to-month,Yes,Mailed check,56.26,3911.9,No
C7006533,Male,0,No,No,54,Yes,Yes,DSL,No,Yes,Yes,Yes,Yes,Yes,Two year,Yes,Electronic check,83.71,4527.78,No
C7006534,Male,1,Yes,No,28,Yes,No,DSL,No,No,No,No,No,No,Month-to-month,Yes,Mailed check,43.94,1201.89,Yes
C7006535,Male,1,No,No,66,Yes,No,DSL,No,Yes,Yes,No,Yes,No,Month-to-month,Yes,Electronic check,63.78,4202.61,No
C7006536,Male,0,No,No,55,Yes,Yes,DSL,No,No,No,Yes,No,No,Two year,Yes,Mailed check,65.13,3565.93,No
C7006537,Female,0,No,No,39,Yes,Yes,DSL,Yes,No,Yes,No,No,No,Month-to-month,No,Mailed check,67.95,2649.19,No
C7006538,Female,0,No,No,58,Yes,Yes,Fiber optic,No,No,No,No,Yes,No,Two year,No,Credit card (automatic),81.69,4725.01,No
C7006539,Female,0,Yes,No,69,Yes,Yes,DSL,Yes,No,Yes,Yes,Yes,No,Two year,Yes,Electronic check,72.41,4993.75,No
C7006540,Female,0,Yes,Yes,41,Yes,Yes,DSL,No,Yes,No,No,No,Yes,One year,Yes,Electronic check,62.76,2567.69,No
C7006541,Male,0,No,No,7,Yes,No,No,No internet service,No internet service,No internet service,No internet service,No internet service,No internet service,Month-to-month,Yes,Mailed check,25.4,188.84,No
C7006542,Female,1,No,No,31,No,No phone service,Fiber optic,No,No,No,No,No,No,Two year,No,Credit card (automatic),64.62,1998.86,No
C7006543,Female,0,No,No,16,Yes,Yes,Fiber optic,Yes,No,Yes,Yes,No,Yes,Two year,No,Bank transfer (automatic),91.51,1491.33,No
C7006544,Male,0,Yes,No,51,Yes,Yes,Fiber optic,No,No,No,Yes,Yes,Yes,One year,No,Electronic check,88.55,4508.24,No
C7006545,Female,0,No,Yes,6,Yes,Yes,Fiber optic,Yes,Yes,No,No,Yes,Yes,One year,Yes,Bank transfer (automatic),102.21,618.62,No
C7006546,Male,0,Yes,No,34,Yes,No,Fiber optic,Yes,Yes,Yes,No,Yes,No,Month-to-month,Yes,Electronic check,91.23,3080.84,No
C7006547,Female,0,No,No,31,Yes,No,Fiber optic,No,No,Yes,No,Yes,Yes,Month-to-month,No,Credit card (automatic),80.35,2488.16,Yes
C7006548,Female,0,Yes,No,28,Yes,Yes,No,No internet service,No internet service,No internet service,No internet service,No internet service,No internet service,Two year,Yes,Electronic check,35.05,970.8,No
C7006549,Male,0,No,No,45,Yes,No,Fiber optic,No,Yes,No,No,Yes,No,Month-to-month,Yes,Electronic check,78.2,3529.96,Yes
C7006550,Female,0,Yes,Yes,39,Yes,Yes,DSL,No,No,Yes,No,No,No,One year,Yes,Electronic check,65.51,2560.0,No
C7006551,Male,0,Yes,Yes,14,Yes,No,DSL,Yes,Yes,No,No,No,Yes,One year,Yes,Electronic check,67.84,949.81,Yes
C7006552,Female,0,Yes,Yes,58,Yes,Yes,DSL,No,No,No,No,Yes,No,One year,Yes,Electronic check,51.21,2958.2,No
C7006553,Male,0,No,No,32,Yes,Yes,Fiber optic,Yes,Yes,Yes,No,Yes,No,Month-to-month,No,Credit card (automatic),88.74,2850.02,No
C7006554,Male,0,No,No,11,Yes,Yes,No,No internet service,No internet service,No internet service,No internet service,No internet service,No internet service,Two year,Yes,Mailed check,29.92,334.46,No
C7006555,Male,0,No,Yes,49,Yes,No,Fiber optic,Yes,No,No,No,Yes,No,Month-to-month,Yes,Mailed check,81.37,4008.04,No
C7006556,Female,0,No,No,28,Yes,Yes,Fiber optic,Yes,Yes,No,Yes,Yes,Yes,Month-to-month,Yes,Electronic check,101.83,2798.65,No
C7006557,Male,0,No,No,46,Yes,Yes,Fiber optic,No,No,No,No,Yes,No,Two year,No,Electronic check,83.02,3827.9,No
C7006558,Female,0,No,No,55,Yes,No,Fiber optic,No,Yes,No,Yes,Yes,Yes,Month-to-month,No,Electronic check,89.46,4926.51,No
C7006559,Male,0,Yes,No,45,Yes,No,Fiber optic,No,No,Yes,Yes,No,Yes,One year,Yes,Mailed check,80.56,3622.88,No
C7006560,Male,0,No,No,68,No,No phone service,Fiber optic,No,Yes,No,No,No,No,Month-to-month,Yes,Electronic check,68.83,4694.55,No
C7006561,Male,0,No,Yes,44,Yes,Yes,Fiber optic,No,No,No,Yes,Yes,Yes,One year,No,Mailed check,84.2,3714.28,No
C7006562,Male,0,No,No,27,Yes,No,Fiber optic,Yes,Yes,Yes,Yes,No,Yes,Month-to-month,No,Credit card (automatic),93.94,2526.65,No
C7006563,Female,0,Yes,Yes,72,Yes,Yes,Fiber optic,Yes,No,No,No,No,No,One year,Yes,Credit card (automatic),83.62,6000.9,No
C7006564,Male,1,Yes,No,37,Yes,Yes,Fiber optic,No,Yes,No,Yes,Yes,Yes,Month-to-month,Yes,Credit card (automatic),99.53,3689.11,No
C7006565,Female,0,Yes,No,52,Yes,Yes,Fiber optic,No,Yes,No,No,Yes,No,Two year,No,Electronic check,83.54,4354.88,No
C7006566,Female,0,No,No,24,Yes,No,No,No internet service,No internet service,No internet service,No internet service,No internet service,No internet service,Month-to-month,Yes,Electronic check,26.21,607.95,No
C7006567,Male,1,No,Yes,66,Yes,No,Fiber optic,No,Yes,Yes,Yes,Yes,Yes,Month-to-month,Yes,Mailed check,90.82,5991.44,No
C7006568,Female,0,No,No,68,Yes,No,Fiber optic,Yes,Yes,Yes,No,Yes,Yes,Month-to-month,Yes,Bank transfer (automatic),97.81,6636.15,No
C7006569,Female,0,No,No,69,Yes,No,No,No internet service,No internet service,No internet service,No internet service,No internet service,No internet service,Month-to-month,No,Electronic check,22.67,1577.49,No
C7006570,Female,0,No,No,28,Yes,No,No,No internet service,No internet service,No internet service,No internet service,No internet service,No internet service,Two year,Yes,Bank transfer (automatic),23.75,675.4,No
C7006571,Female,1,Yes,No,62,Yes,Yes,Fiber optic,Yes,No,No,No,No,No,Month-to-month,Yes,Electronic check,81.97,5077.37,Yes
C7006572,Female,0,Yes,Yes,49,Yes,No,No,No internet service,No internet service,No internet service,No internet service,No internet service,No internet service,Month-to-month,Yes,Electronic check,23.69,1153.96,No
C7006573,Female,0,No,No,6,Yes,Yes,No,No internet service,No internet service,No internet service,No internet service,No internet service,No internet service,Month-to-month,No,Credit card (automatic),31.4,195.33,No
C7006574,Male,1,Yes,No,66,Yes,No,DSL,Yes,Yes,No,No,No,Yes,Month-to-month,No,Bank transfer (automatic),63.91,4218.03,No
C7006575,Female,0,Yes,No,38,Yes,Yes,Fiber optic,No,No,No,No,Yes,Yes,Month-to-month,Yes,Bank transfer (automatic),86.25,3270.61,Yes
C7006576,Male,0,Yes,No,38,Yes,No,Fiber optic,Yes,Yes,Yes,Yes,No,No,Month-to-month,Yes,Credit card (automatic),89.97,3388.84,No
C7006577,Female,0,Yes,No,27,Yes,No,Fiber optic,No,Yes,No,Yes,No,No,Two year,No,Electronic check,83.4,2237.06,No
C7006578,Female,0,No,No,62,Yes,No,No,No internet service,No internet service,No internet service,No internet service,No internet service,No internet service,Two year,No,Bank transfer (automatic),22.69,1424.14,No
C7006579,Female,0,No,Yes,7,Yes,No,DSL,No,No,No,Yes,Yes,Yes,Month-to-month,No,Bank transfer (automatic),67.25,495.27,Yes
C7006580,Female,1,No,No,28,No,No phone service,Fiber optic,No,Yes,No,No,No,No,Month-to-month,Yes,Bank transfer (automatic),69.9,1951.4,Yes
C7006581,Female,0,No,No,41,No,No phone service,Fiber optic,Yes,No,Yes,Yes,Yes,Yes,Month-to-month,Yes,Electronic check,91.26,3744.64,No
C7006582,Female,0,Yes,No,14,Yes,Yes,Fiber optic,No,No,No,Yes,Yes,No,Month-to-month,No,Electronic check,82.85,1155.91,Yes
C7006583,Male,0,Yes,No,15,Yes,No,Fiber optic,Yes,No,No,No,No,Yes,Month-to-month,Yes,Mailed check,84.65,1261.04,No
C7006584,Male,0,No,No,44,Yes,Yes,Fiber optic,No,Yes,No,No,No,Yes,Month-to-month,Yes,Credit card (automatic),86.52,3797.28,No
C7006585,Male,1,Yes,Yes,42,Yes,No,DSL,No,Yes,No,Yes,Yes,Yes,Month-to-month,Yes,Bank transfer (automatic),66.19,2754.57,No
C7006586,Male,0,No,No,59,Yes,Yes,DSL,No,No,Yes,No,No,No,Two year,Yes,Mailed check,62.71,3699.41,No
C7006587,Female,0,Yes,No,59,Yes,No,DSL,No,No,Yes,No,No,No,Month-to-month,No,Mailed check,60.85,3594.52,No
C7006588,Female,1,No,No,1,Yes,No,DSL,No,Yes,Yes,Yes,No,Yes,Month-to-month,Yes,Bank transfer (automatic),67.1,61.43,No
C7006589,Female,1,No,Yes,28,Yes,Yes,Fiber optic,Yes,No,Yes,Yes,Yes,No,Two year,No,Credit card (automatic),92.12,2595.63,No
C7006590,Male,0,No,No,61,Yes,No,No,No internet service,No internet service,No internet service,No internet service,No internet service,No internet service,Month-to-month,No,Electronic check,29.32,1773.52,No
C7006591,Female,0,No,No,69,Yes,No,DSL,No,No,No,Yes,No,Yes,Two year,Yes,Mailed check,58.03,3991.44,No
C7006592,Male,0,No,No,6,Yes,No,Fiber optic,Yes,No,Yes,No,Yes,Yes,One year,No,Credit card (automatic),92.88,537.73,No
C7006593,Female,0,Yes,Yes,55,Yes,Yes,DSL,Yes,No,No,Yes,No,Yes,Month-to-month,Yes,Mailed check,70.72,3912.44,No
C7006594,Female,0,No,Yes,16,Yes,No,Fiber optic,No,Yes,Yes,Yes,Yes,Yes,Month-to-month,No,Mailed check,93.63,1485.52,No
C7006595,Male,1,No,No,58,Yes,Yes,DSL,No,No,Yes,Yes,Yes,Yes,One year,No,Bank transfer (automatic),75.15,4356.88,No
C7006596,Male,0,No,No,32,Yes,No,DSL,Yes,Yes,Yes,Yes,Yes,No,One year,Yes,Bank transfer (automatic),78.35,2493.36,No
C7006597,Male,0,No,No,8,Yes,No,No,No internet service,No internet service,No internet service,No internet service,No internet service,No internet service,Month-to-month,Yes,Mailed check,26.31,222.44,No
C7006598,Male,0,Yes,No,14,Yes,Yes,Fiber optic,Yes,No,Yes,No,No,Yes,One year,Yes,Credit card (automatic),87.1,1229.89,No
C7006599,Male,0,Yes,No,68,Yes,Yes,DSL,Yes,No,Yes,Yes,Yes,No,Month-to-month,Yes,Electronic check,73.9,5025.54,No
C7006600,Male,0,No,Yes,56,Yes,Yes,DSL,Yes,No,No,No,No,No,Month-to-month,No,Electronic check,62.94,3524.58,No
C7006601,Male,0,Yes,No,2,No,No phone service,No,No internet service,No internet service,No internet service,No internet service,No internet service,No internet service,Month-to-month,No,Mailed check,25.32,54.77,No
C7006602,Male,0,No,No,69,Yes,Yes,Fiber optic,No,Yes,Yes,Yes,Yes,No,Month-to-month,No,Bank transfer (automatic),97.21,6711.29,Yes
C7006603,Male,0,No,No,61,Yes,No,No,No internet service,No internet service,No internet service,No internet service,No internet service,No internet service,One year,Yes,Electronic check,32.22,1977.28,No
C7006604,Female,0,No,No,39,Yes,Yes,Fiber optic,Yes,No,No,Yes,No,Yes,Month-to-month,No,Electronic check,89.34,3467.93,No
C7006605,Male,0,Yes,No,2,Yes,No,Fiber optic,Yes,No,No,No,Yes,No,Two year,Yes,Mailed check,82.19,177.45,No
C7006606,Female,0,Yes,No,31,Yes,No,Fiber optic,No,No,No,No,No,No,Month-to-month,Yes,Mailed check,70.95,2185.6,Yes
C7006607,Male,0,No,No,11,Yes,No,Fiber optic,No,Yes,No,No,Yes,No,Two year,Yes,Bank transfer (automatic),85.72,942.87,No
C7006608,Male,0,No,No,26,Yes,Yes,No,No internet service,No internet service,No internet service,No internet service,No internet service,No internet service,Two year,No,Bank transfer (automatic),30.17,771.89,No
C7006609,Male,0,No,No,23,Yes,No,DSL,No,No,No,Yes,No,Yes,Month-to-month,No,Credit card (automatic),63.45,1458.54,No
C7006610,Female,0,Yes,No,52,Yes,No,Fiber optic,No,No,No,Yes,Yes,Yes,Two year,Yes,Bank transfer (automatic),84.78,4411.66,No
C7006611,Male,0,Yes,No,53,Yes,Yes,DSL,Yes,No,Yes,No,Yes,Yes,Month-to-month,Yes,Electronic check,72.94,3876.7,No
C7006612,Female,0,No,No,12,Yes,Yes,No,No internet service,No internet service,No internet service,No internet service,No internet service,No internet service,Month-to-month,No,Credit card (automatic),35.3,443.04,No
C7006613,Male,1,No,Yes,65,Yes,No,Fiber optic,No,No,Yes,No,No,Yes,Month-to-month,Yes,Electronic check,79.64,5179.6,Yes
C7006614,Female,0,No,No,48,Yes,Yes,DSL,No,Yes,Yes,No,No,Yes,Month-to-month,No,Bank transfer (automatic),70.58,3370.64,No
C7006615,Male,0,No,No,48,Yes,Yes,Fiber optic,No,No,Yes,No,Yes,No,Month-to-month,Yes,Electronic check,82.32,3940.58,No
C7006616,Male,0,No,No,56,Yes,Yes,Fiber optic,No,Yes,No,Yes,No,Yes,One year,Yes,Mailed check,92.89,5189.17,No
C7006617,Female,0,No,No,53,Yes,No,No,No internet service,No internet service,No internet service,No internet service,No internet service,No internet service,Month-to-month,Yes,Mailed check,21.21,1137.64,No
C7006618,Male,0,No,Yes,57,Yes,No,Fiber optic,Yes,Yes,Yes,No,No,No,Month-to-month,Yes,Mailed check,81.33,4603.81,No
C7006619,Male,1,No,Yes,21,Yes,No,DSL,No,No,Yes,No,Yes,No,Two year,Yes,Mailed check,63.57,1333.33,No
C7006620,Female,0,No,No,50,Yes,Yes,Fiber optic,No,No,Yes,No,No,No,One year,No,Mailed check,80.21,4008.74,Yes
C7006621,Male,0,Yes,No,71,Yes,No,DSL,Yes,Yes,No,Yes,No,Yes,One year,No,Bank transfer (automatic),68.93,4908.73,No
C7006622,Male,0,No,No,55,Yes,Yes,Fiber optic,No,Yes,Yes,Yes,No,No,Month-to-month,No,Bank transfer (automatic),86.62,4758.71,No
C7006623,Male,0,No,Yes,29,Yes,No,Fiber optic,Yes,No,No,Yes,No,Yes,Month-to-month,Yes,Mailed check,86.66,2505.28,No
C7006624,Male,1,No,Yes,46,Yes,No,Fiber optic,No,Yes,No,Yes,Yes,Yes,Month-to-month,No,Credit card (automatic),92.68,4273.94,No
C7006625,Female,0,Yes,No,66,Yes,No,Fiber optic,No,Yes,Yes,Yes,Yes,No,One year,Yes,Mailed check,91.35,6034.8,No
C7006626,Female,0,Yes,Yes,47,Yes,No,DSL,No,No,Yes,Yes,Yes,No,Month-to-month,No,Bank transfer (automatic),59.76,2829.5,No
C7006627,Female,1,No,No,56,Yes,No,No,No internet service,No internet service,No internet service,No internet service,No internet service,No internet service,Two year,Yes,Electronic check,28.47,1590.1,No
C7006628,Male,1,No,No,64,Yes,Yes,No,No internet service,No internet service,No internet service,No internet service,No internet service,No internet service,Month-to-month,Yes,Credit card (automatic),31.05,1979.49,No
C7006629,Female,0,Yes,No,26,Yes,Yes,Fiber optic,Yes,No,Yes,Yes,Yes,No,Month-to-month,No,Electronic check,93.61,2423.48,No
C7006630,Female,0,Yes,No,24,Yes,No,Fiber optic,Yes,No,No,Yes,Yes,Yes,Two year,No,Bank transfer (automatic),90.39,2177.59,No
C7006631,Male,0,No,Yes,25,Yes,Yes,Fiber optic,No,Yes,No,No,No,No,Two year,Yes,Credit card (automatic),76.78,1941.44,No
C7006632,Female,1,No,No,26,Yes,Yes,Fiber optic,No,Yes,Yes,No,Yes,Yes,Month-to-month,Yes,Mailed check,96.87,2492.5,Yes
C7006633,Female,0,Yes,No,49,Yes,Yes,DSL,No,No,Yes,No,No,Yes,Month-to-month,Yes,Electronic check,64.36,3160.85,No
C7006634,Female,0,Yes,No,35,Yes,No,Fiber optic,Yes,Yes,No,No,No,Yes,Month-to-month,No,Mailed check,87.55,3062.4,No
C7006635,Male,0,Yes,No,68,Yes,No,DSL,No,No,Yes,No,Yes,Yes,Month-to-month,Yes,Credit card (automatic),66.36,4513.16,No
C7006636,Male,0,Yes,No,50,Yes,Yes,No,No internet service,No internet service,No internet service,No internet service,No internet service,No internet service,One year,Yes,Credit card (automatic),30.91,1565.07,No
C7006637,Female,0,Yes,Yes,49,Yes,No,No,No internet service,No internet service,No internet service,No internet service,No internet service,No internet service,One year,Yes,Electronic check,26.76,1325.32,No
C7006638,Female,0,No,No,69,Yes,Yes,DSL,No,No,No,Yes,No,Yes,Two year,No,Credit card (automatic),67.56,4677.36,No
C7006639,Male,0,No,Yes,62,Yes,No,Fiber optic,Yes,No,No,No,No,Yes,One year,Yes,Bank transfer (automatic),76.38,4741.61,No
C7006640,Male,0,Yes,Yes,2,No,No phone service,DSL,No,No,No,No,No,No,One year,No,Bank transfer (automatic),48.06,99.97,No
C7006641,Female,0,Yes,No,70,Yes,No,DSL,Yes,No,No,Yes,Yes,No,Two year,No,Electronic check,59.7,4188.83,No
C7006642,Male,0,No,Yes,64,Yes,No,DSL,Yes,No,Yes,Yes,Yes,No,Month-to-month,Yes,Mailed check,69.6,4491.82,No
C7006643,Male,0,Yes,Yes,24,Yes,No,Fiber optic,Yes,No,No,No,No,Yes,Two year,Yes,Electronic check,84.21,2022.59,No
C7006644,Female,0,No,Yes,17,Yes,No,No,No internet service,No internet service,No internet service,No internet service,No internet service,No internet service,Month-to-month,No,Bank transfer (automatic),25.67,440.49,No
C7006645,Male,0,Yes,No,39,Yes,Yes,DSL,No,Yes,Yes,No,Yes,No,One year,Yes,Mailed check,69.27,2691.48,Yes
C7006646,Male,0,No,No,72,Yes,Yes,No,No internet service,No internet service,No internet service,No internet service,No internet service,No internet service,One year,Yes,Bank transfer (automatic),28.6,2033.46,No
C7006647,Male,0,No,No,44,Yes,Yes,Fiber optic,Yes,No,No,No,No,Yes,Two year,No,Bank transfer (automatic),81.68,3612.37,No
C7006648,Female,0,Yes,Yes,42,Yes,No,DSL,Yes,No,Yes,No,Yes,Yes,Month-to-month,Yes,Bank transfer (automatic),75.36,3161.93,No
C7006649,Male,0,No,Yes,15,Yes,No,Fiber optic,Yes,Yes,Yes,No,No,Yes,Month-to-month,Yes,Electronic check,85.54,1292.69,Yes
C7006650,Female,0,No,No,65,No,No phone service,Fiber optic,No,No,Yes,No,No,No,Month-to-month,No,Electronic check,66.48,4325.79,No
C7006651,Female,0,Yes,Yes,58,Yes,No,Fiber optic,No,No,Yes,Yes,No,Yes,Two year,No,Mailed check,79.92,4657.22,No
C7006652,Female,0,No,No,4,Yes,No,Fiber optic,Yes,No,No,No,No,Yes,Month-to-month,No,Mailed check,84.8,334.58,Yes
C7006653,Female,0,Yes,Yes,19,Yes,Yes,DSL,No,No,No,No,No,No,Two year,Yes,Electronic check,54.25,1010.23,No
C7006654,Female,0,No,No,64,Yes,No,Fiber optic,No,No,Yes,Yes,Yes,Yes,Month-to-month,Yes,Electronic check,92.02,5909.5,No
C7006655,Male,0,No,Yes,51,Yes,Yes,Fiber optic,Yes,Yes,Yes,No,No,Yes,One year,No,Electronic check,96.87,4944.66,No
C7006656,Female,0,Yes,No,29,Yes,No,No,No internet service,No internet service,No internet service,No internet service,No internet service,No internet service,Month-to-month,Yes,Mailed check,26.69,775.83,No
C7006657,Female,1,Yes,No,38,Yes,Yes,Fiber optic,No,No,Yes,No,No,No,Month-to-month,No,Credit card (automatic),80.44,3024.65,No
C7006658,Female,0,Yes,Yes,9,Yes,No,DSL,No,No,Yes,No,Yes,Yes,Two year,No,Electronic check,65.62,599.28,No
C7006659,Male,0,No,No,61,No,No phone service,No,No internet service,No internet service,No internet service,No internet service,No internet service,No internet service,One year,No,Electronic check,23.87,1429.53,No
C7006660,Male,0,Yes,No,46,Yes,Yes,DSL,No,No,No,No,No,Yes,One year,No,Electronic check,60.11,2778.39,No
C7006661,Female,0,Yes,No,37,Yes,No,DSL,No,No,No,Yes,Yes,Yes,One year,Yes,Bank transfer (automatic),63.07,2328.82,No
C7006662,Male,0,No,No,44,Yes,Yes,Fiber optic,No,No,No,No,No,Yes,Month-to-month,No,Electronic check,83.81,3695.39,Yes
C7006663,Female,0,No,Yes,42,No,No phone service,DSL,No,Yes,Yes,Yes,Yes,No,Month-to-month,No,Electronic check,66.51,2793.63,Yes
C7006664,Male,0,No,No,31,Yes,No,Fiber optic,Yes,Yes,Yes,Yes,No,Yes,Two year,No,Credit card (automatic),88.45,2736.84,No
C7006665,Female,1,No,Yes,13,Yes,Yes,Fiber optic,Yes,Yes,Yes,No,Yes,Yes,One year,Yes,Bank transfer (automatic),98.64,1270.49,Yes
C7006666,Female,0,Yes,No,35,Yes,No,No,No internet service,No internet service,No internet service,No internet service,No internet service,No internet service,Two year,Yes,Credit card (automatic),24.4,823.1,Yes
C7006667,Male,0,No,No,58,Yes,Yes,Fiber optic,No,Yes,No,Yes,No,No,Two year,No,Bank transfer (automatic),89.39,5181.49,No
C7006668,Male,0,No,Yes,3,Yes,No,Fiber optic,No,No,No,Yes,Yes,No,Two year,Yes,Electronic check,80.2,244.51,No
C7006669,Female,1,Yes,No,29,Yes,Yes,No,No internet service,No internet service,No internet service,No internet service,No internet service,No internet service,Two year,Yes,Bank transfer (automatic),27.85,813.55,No
C7006670,Male,0,No,No,59,Yes,No,Fiber optic,Yes,Yes,Yes,No,No,No,Month-to-month,Yes,Electronic check,81.8,4837.89,Yes
C7006671,Male,0,No,Yes,42,Yes,No,DSL,No,No,No,No,Yes,Yes,One year,Yes,Electronic check,60.1,2530.06,No
C7006672,Female,0,Yes,No,1,Yes,No,Fiber optic,No,No,No,No,Yes,No,Month-to-month,Yes,Mailed check,77.97,107.5,Yes
C7006673,Male,0,Yes,No,61,Yes,Yes,No,No internet service,No internet service,No internet service,No internet service,No internet service,No internet service,One year,No,Credit card (automatic),35.3,2145.54,No
C7006674,Female,0,Yes,No,3,Yes,No,Fiber optic,Yes,Yes,Yes,No,Yes,Yes,Two year,Yes,Credit card (automatic),90.95,299.23,No
C7006675,Male,0,No,No,34,Yes,Yes,Fiber optic,No,No,No,No,Yes,Yes,Two year,No,Electronic check,85.63,2914.08,No
C7006676,Male,0,Yes,No,8,Yes,No,Fiber optic,No,No,No,No,Yes,Yes,Month-to-month,Yes,Mailed check,78.78,639.7,Yes
C7006677,Female,0,No,No,20,Yes,No,DSL,No,No,No,No,No,Yes,One year,Yes,Bank transfer (automatic),54.69,1108.2,No
C7006678,Male,0,Yes,No,28,Yes,No,Fiber optic,No,Yes,No,Yes,No,Yes,Month-to-month,Yes,Bank transfer (automatic),82.78,2266.91,No
C7006679,Male,0,No,No,19,Yes,Yes,Fiber optic,No,No,Yes,No,No,Yes,One year,No,Electronic check,80.64,1557.12,No
C7006680,Female,0,No,No,63,Yes,Yes,Fiber optic,Yes,Yes,No,No,No,Yes,Month-to-month,Yes,Mailed check,91.14,5749.68,No
C7006681,Female,1,Yes,No,41,Yes,Yes,Fiber optic,No,No,No,No,No,No,Month-to-month,Yes,Bank transfer (automatic),73.88,3018.36,No
C7006682,Female,1,Yes,Yes,26,Yes,No,Fiber optic,No,No,Yes,No,Yes,Yes,Month-to-month,Yes,Credit card (automatic),87.4,2265.37,Yes
C7006683,Female,0,No,No,21,Yes,No,Fiber optic,No,Yes,No,No,Yes,No,Month-to-month,No,Electronic check,80.35,1699.69,Yes
C7006684,Male,0,Yes,No,36,Yes,No,No,No internet service,No internet service,No internet service,No internet service,No internet service,No internet service,Month-to-month,Yes,Electronic check,29.93,1072.32,No
C7006685,Male,0,Yes,No,24,Yes,No,Fiber optic,No,No,No,No,No,Yes,Two year,Yes,Bank transfer (automatic),78.85,1882.39,No
C7006686,Female,1,No,Yes,58,Yes,Yes,No,No internet service,No internet service,No internet service,No internet service,No internet service,No internet service,Month-to-month,Yes,Mailed check,36.12,2092.0,No
C7006687,Female,0,No,No,17,Yes,Yes,DSL,No,No,Yes,No,No,Yes,Two year,Yes,Bank transfer (automatic),62.36,1046.55,No
C7006688,Female,0,No,Yes,50,Yes,No,DSL,No,Yes,Yes,Yes,Yes,No,One year,Yes,Electronic check,73.89,3675.62,No
C7006689,Male,0,No,No,32,Yes,Yes,No,No internet service,No internet service,No internet service,No internet service,No internet service,No internet service,Month-to-month,Yes,Bank transfer (automatic),30.41,972.11,Yes
C7006690,Male,0,No,No,19,Yes,Yes,Fiber optic,No,Yes,Yes,Yes,Yes,No,Month-to-month,No,Electronic check,96.78,1799.08,Yes
C7006691,Male,0,No,No,34,Yes,Yes,No,No internet service,No internet service,No internet service,No internet service,No internet service,No internet service,Month-to-month,No,Electronic check,30.09,1029.54,No
C7006692,Female,0,Yes,No,8,Yes,No,Fiber optic,No,No,No,No,No,No,Month-to-month,Yes,Credit card (automatic),70.56,548.39,Yes
C7006693,Female,0,No,No,38,Yes,Yes,DSL,No,Yes,No,Yes,No,Yes,Month-to-month,Yes,Electronic check,68.93,2649.48,Yes
C7006694,Male,0,No,No,52,Yes,No,Fiber optic,No,Yes,Yes,No,Yes,Yes,Month-to-month,Yes,Mailed check,93.91,4891.27,Yes
C7006695,Male,1,No,No,43,Yes,No,DSL,Yes,Yes,No,No,Yes,Yes,One year,No,Mailed check,67.69,2923.53,No
C7006696,Male,0,No,Yes,1,Yes,No,Fiber optic,Yes,No,No,No,Yes,Yes,One year,Yes,Mailed check,85.14,62.48,No
C7006697,Male,0,Yes,Yes,42,Yes,Yes,Fiber optic,Yes,No,No,No,No,No,Month-to-month,No,Credit card (automatic),82.16,3465.34,No
C7006698,Female,0,No,Yes,1,Yes,Yes,Fiber optic,No,No,No,Yes,Yes,No,Two year,No,Mailed check,84.05,58.21,No
C7006699,Female,0,No,Yes,26,Yes,No,Fiber optic,No,No,No,No,No,No,Two year,No,Bank transfer (automatic),73.06,1894.5,Yes
C7006700,Male,0,Yes,No,46,Yes,Yes,Fiber optic,Yes,No,No,No,Yes,No,One year,Yes,Mailed check,84.05,3841.05,No
C7006701,Female,0,Yes,No,65,Yes,Yes,No,No internet service,No internet service,No internet service,No internet service,No internet service,No internet service,Two year,Yes,Bank transfer (automatic),29.52,1914.95,No
C7006702,Female,1,No,No,71,Yes,Yes,DSL,Yes,No,No,Yes,Yes,No,Two year,No,Credit card (automatic),73.82,5245.88,No
C7006703,Male,1,Yes,No,37,Yes,No,DSL,Yes,No,No,Yes,Yes,Yes,Month-to-month,Yes,Credit card (automatic),68.65,2535.72,No
C7006704,Male,0,No,No,15,Yes,No,DSL,Yes,Yes,Yes,No,No,Yes,Two year,Yes,Credit card (automatic),73.21,1086.5,No
C7006705,Male,0,No,No,60,Yes,No,Fiber optic,No,Yes,No,No,No,No,One year,No,Credit card (automatic),77.13,4637.86,No
C7006706,Male,0,No,Yes,25,Yes,No,DSL,No,Yes,No,No,No,Yes,Month-to-month,No,Bank transfer (automatic),66.18,1654.29,No
C7006707,Female,0,No,No,40,Yes,Yes,Fiber optic,Yes,No,Yes,Yes,No,Yes,Month-to-month,Yes,Bank transfer (automatic),93.45,3735.76,Yes
C7006708,Female,0,Yes,No,14,Yes,Yes,DSL,Yes,No,No,No,Yes,Yes,Two year,Yes,Bank transfer (automatic),69.19,973.22,No
C7006709,Male,1,Yes,No,27,Yes,Yes,DSL,No,No,Yes,No,Yes,No,Month-to-month,No,Electronic check,65.94,1763.47,Yes
C7006710,Male,0,No,Yes,35,Yes,No,Fiber optic,No,Yes,Yes,Yes,No,Yes,Two year,No,Credit card (automatic),89.22,3135.33,No
C7006711,Female,0,Yes,No,53,Yes,Yes,No,No internet service,No internet service,No internet service,No internet service,No internet service,No internet service,Two year,No,Bank transfer (automatic),31.43,1678.58,No
C7006712,Male,1,No,No,65,Yes,No,DSL,No,Yes,No,Yes,No,Yes,Month-to-month,Yes,Bank transfer (automatic),65.6,4257.97,No
C7006713,Female,1,Yes,No,12,Yes,Yes,DSL,No,Yes,No,No,No,No,Month-to-month,No,Bank transfer (automatic),56.51,682.42,No
C7006714,Female,0,Yes,No,40,Yes,Yes,DSL,No,No,No,No,No,No,Month-to-month,Yes,Bank transfer (automatic),52.79,2114.1,No
C7006715,Female,0,No,No,70,Yes,No,No,No internet service,No internet service,No internet service,No internet service,No internet service,No internet service,Two year,Yes,Electronic check,30.26,2134.14,No
C7006716,Female,0,No,No,1,Yes,Yes,Fiber optic,No,No,Yes,Yes,Yes,Yes,Month-to-month,No,Credit card (automatic),93.84,131.9,Yes
C7006717,Female,0,No,No,41,Yes,Yes,No,No internet service,No internet service,No internet service,No internet service,No internet service,No internet service,Month-to-month,No,Electronic check,31.37,1306.85,No
C7006718,Female,0,Yes,No,56,Yes,Yes,DSL,No,Yes,No,No,Yes,No,Month-to-month,Yes,Bank transfer (automatic),63.23,3522.87,No
C7006719,Male,0,No,No,7,Yes,Yes,DSL,No,Yes,No,Yes,Yes,Yes,Month-to-month,Yes,Mailed check,72.83,522.87,No
C7006720,Male,0,No,No,48,Yes,Yes,Fiber optic,Yes,Yes,No,No,Yes,No,Two year,Yes,Electronic check,93.33,4521.24,No
C7006721,Male,0,No,Yes,30,Yes,Yes,Fiber optic,Yes,No,Yes,No,Yes,Yes,Month-to-month,Yes,Credit card (automatic),95.88,2861.42,No
C7006722,Male,0,Yes,No,43,Yes,Yes,No,No internet service,No internet service,No internet service,No internet service,No internet service,No internet service,Two year,No,Mailed check,27.31,1195.87,No
C7006723,Male,0,Yes,No,52,Yes,No,DSL,No,No,No,No,No,No,Month-to-month,No,Credit card (automatic),50.7,2646.51,No
C7006724,Male,0,No,Yes,10,Yes,No,No,No internet service,No internet service,No internet service,No internet service,No internet service,No internet service,Month-to-month,Yes,Mailed check,26.29,266.22,No
C7006725,Male,0,No,No,4,Yes,Yes,Fiber optic,No,No,Yes,No,No,No,Two year,Yes,Credit card (automatic),85.2,344.97,No
C7006726,Male,0,Yes,No,23,Yes,No,Fiber optic,Yes,Yes,Yes,No,No,No,Two year,Yes,Electronic check,78.99,1811.62,No
C7006727,Male,1,Yes,No,19,Yes,Yes,No,No internet service,No internet service,No internet service,No internet service,No internet service,No internet service,Two year,Yes,Credit card (automatic),33.36,611.6,No
C7006728,Female,0,No,No,21,Yes,No,Fiber optic,Yes,No,No,Yes,No,Yes,One year,Yes,Credit card (automatic),83.94,1777.93,No
C7006729,Female,0,No,Yes,67,No,No phone service,Fiber optic,No,Yes,Yes,No,Yes,No,One year,No,Credit card (automatic),85.95,5732.95,No
C7006730,Female,0,No,Yes,50,Yes,No,Fiber optic,Yes,Yes,No,No,Yes,Yes,Two year,No,Bank transfer (automatic),95.01,4747.38,No
C7006731,Female,1,No,No,26,Yes,Yes,DSL,No,No,No,No,Yes,No,Month-to-month,No,Credit card (automatic),65.56,1704.98,No
C7006732,Female,0,No,Yes,44,Yes,No,DSL,No,No,No,No,No,No,Month-to-month,No,Electronic check,48.86,2144.79,No
C7006733,Female,0,No,No,11,Yes,Yes,No,No internet service,No internet service,No internet service,No internet service,No internet service,No internet service,One year,Yes,Bank transfer (automatic),26.29,292.3,No
C7006734,Male,1,No,No,13,Yes,Yes,No,No internet service,No internet service,No internet service,No internet service,No internet service,No internet service,Two year,No,Mailed check,30.12,420.62,No
C7006735,Female,0,Yes,Yes,7,Yes,No,No,No internet service,No internet service,No internet service,No internet service,No internet service,No internet service,Month-to-month,Yes,Electronic check,22.46,160.65,No
C7006736,Male,0,No,Yes,31,Yes,Yes,Fiber optic,Yes,Yes,No,No,No,Yes,Two year,Yes,Bank transfer (automatic),89.91,2791.45,No
C7006737,Female,0,No,No,45,No,No phone service,Fiber optic,No,Yes,Yes,No,Yes,No,Two year,Yes,Mailed check,76.15,3441.79,No
C7006738,Female,1,No,No,37,Yes,No,DSL,No,No,Yes,No,No,Yes,One year,No,Electronic check,58.87,2185.92,No
C7006739,Male,0,Yes,No,40,Yes,No,Fiber optic,No,No,Yes,Yes,Yes,Yes,Month-to-month,No,Electronic check,94.34,3775.56,Yes
C7006740,Female,0,No,No,11,Yes,No,Fiber optic,Yes,No,No,No,No,No,Two year,Yes,Electronic check,75.81,828.96,No
C7006741,Male,0,No,Yes,47,Yes,No,Fiber optic,No,No,Yes,No,No,No,Two year,No,Credit card (automatic),71.89,3380.49,No
C7006742,Male,0,Yes,No,40,Yes,Yes,Fiber optic,No,No,Yes,No,No,Yes,Month-to-month,No,Electronic check,86.83,3481.51,Yes
C7006743,Male,0,No,No,69,No,No phone service,DSL,Yes,Yes,No,Yes,Yes,No,Month-to-month,Yes,Mailed check,63.15,4365.59,No
C7006744,Male,0,Yes,No,18,Yes,No,Fiber optic,Yes,No,Yes,Yes,Yes,No,Two year,Yes,Electronic check,93.6,1670.28,No
C7006745,Male,0,Yes,No,4,Yes,Yes,Fiber optic,No,Yes,No,Yes,Yes,Yes,Month-to-month,Yes,Mailed check,97.97,370.76,No
C7006746,Female,0,Yes,No,33,Yes,Yes,No,No internet service,No internet service,No internet service,No internet service,No internet service,No internet service,Two year,No,Bank transfer (automatic),32.03,1064.91,No
C7006747,Female,0,No,No,14,Yes,Yes,Fiber optic,No,No,Yes,No,No,Yes,Month-to-month,Yes,Bank transfer (automatic),90.28,1252.07,No
C7006748,Male,1,Yes,No,12,Yes,Yes,Fiber optic,Yes,Yes,Yes,Yes,Yes,No,One year,Yes,Mailed check,99.46,1195.12,Yes
C7006749,Female,0,No,No,17,Yes,No,Fiber optic,No,No,Yes,No,No,Yes,Month-to-month,No,Electronic check,85.98,1458.07,Yes
C7006750,Male,0,No,No,49,Yes,Yes,DSL,Yes,No,No,Yes,No,No,Month-to-month,No,Mailed check,66.53,3252.83,No
C7006751,Male,0,No,No,31,Yes,No,DSL,No,Yes,Yes,No,No,Yes,Month-to-month,No,Electronic check,67.44,2098.84,No
C7006752,Female,0,No,No,63,Yes,No,No,No internet service,No internet service,No internet service,No internet service,No internet service,No internet service,One year,No,Mailed check,18.57,1171.31,No
C7006753,Female,0,No,Yes,8,No,No phone service,DSL,No,Yes,Yes,No,Yes,No,One year,Yes,Electronic check,59.61,495.35,Yes
C7006754,Male,0,Yes,Yes,68,Yes,No,Fiber optic,Yes,Yes,No,Yes,No,No,Month-to-month,No,Mailed check,84.28,5742.88,No
C7006755,Male,0,Yes,No,29,Yes,No,Fiber optic,No,Yes,No,Yes,Yes,No,Two year,Yes,Electronic check,81.64,2354.37,No
C7006756,Female,0,Yes,No,38,Yes,No,No,No internet service,No internet service,No internet service,No internet service,No internet service,No internet service,Month-to-month,Yes,Electronic check,22.23,838.26,Yes
C7006757,Female,0,No,No,59,Yes,No,Fiber optic,Yes,No,No,No,No,No,Month-to-month,Yes,Bank transfer (automatic),78.67,4637.81,No
C7006758,Male,0,Yes,Yes,35,Yes,Yes,Fiber optic,Yes,Yes,Yes,No,Yes,Yes,Month-to-month,No,Electronic check,101.99,3559.97,No
C7006759,Male,0,No,Yes,11,No,No phone service,Fiber optic,No,No,No,No,Yes,Yes,Two year,Yes,Mailed check,77.13,866.03,No
C7006760,Male,0,No,No,17,Yes,No,DSL,No,No,No,Yes,Yes,Yes,Month-to-month,No,Credit card (automatic),71.34,1205.54,Yes
C7006761,Female,0,No,No,66,Yes,No,Fiber optic,No,No,Yes,Yes,Yes,Yes,Month-to-month,Yes,Electronic check,91.59,6044.67,No
C7006762,Female,0,Yes,No,5,Yes,Yes,DSL,Yes,No,Yes,No,Yes,Yes,Month-to-month,No,Bank transfer (automatic),79.24,401.9,Yes
C7006763,Female,0,Yes,No,66,Yes,No,Fiber optic,No,No,Yes,Yes,No,Yes,Two year,Yes,Bank transfer (automatic),85.97,5657.02,No
C7006764,Male,0,Yes,No,49,Yes,No,DSL,No,Yes,No,No,No,Yes,One year,No,Credit card (automatic),58.23,2853.64,No
C7006765,Female,0,No,No,37,Yes,No,No,No internet service,No internet service,No internet service,No internet service,No internet service,No internet service,One year,No,Credit card (automatic),25.1,953.06,No
C7006766,Female,1,No,No,23,Yes,Yes,DSL,No,No,Yes,No,No,No,Two year,Yes,Credit card (automatic),62.1,1429.23,No
C7006767,Male,0,No,No,62,Yes,No,DSL,No,Yes,Yes,No,No,No,Month-to-month,Yes,Credit card (automatic),55.34,3426.21,No
C7006768,Female,0,No,Yes,2,Yes,Yes,Fiber optic,No,Yes,Yes,No,No,No,Month-to-month,No,Bank transfer (automatic),85.82,183.96,No
C7006769,Male,0,No,No,51,No,No phone service,DSL,Yes,No,Yes,Yes,Yes,No,Month-to-month,No,Mailed check,66.52,3404.46,No
C7006770,Male,0,Yes,Yes,15,Yes,Yes,DSL,No,No,Yes,Yes,No,Yes,Month-to-month,Yes,Bank transfer (automatic),67.89,983.55,No
C7006771,Female,0,Yes,No,26,Yes,No,No,No internet service,No internet service,No internet service,No internet service,No internet service,No internet service,One year,Yes,Electronic check,21.03,544.7,No
C7006772,Male,1,Yes,No,4,Yes,No,DSL,Yes,No,Yes,No,Yes,No,Month-to-month,Yes,Bank transfer (automatic),66.66,272.29,No
C7006773,Female,0,Yes,No,41,Yes,Yes,Fiber optic,Yes,No,Yes,No,Yes,No,Month-to-month,No,Bank transfer (automatic),90.38,3718.28,No
C7006774,Female,0,Yes,No,10,Yes,Yes,Fiber optic,No,Yes,No,No,Yes,No,Month-to-month,Yes,Electronic check,88.62,903.69,Yes
C7006775,Male,0,No,No,8,Yes,No,DSL,No,Yes,Yes,No,Yes,No,Month-to-month,No,Electronic check,65.53,520.25,Yes
C7006776,Male,0,Yes,Yes,24,Yes,No,DSL,Yes,Yes,No,Yes,No,Yes,Two year,Yes,Electronic check,63.5,1524.52,Yes
C7006777,Female,1,Yes,No,36,Yes,No,Fiber optic,Yes,No,Yes,Yes,No,No,Two year,Yes,Electronic check,85.1,3053.64,No
C7006778,Male,1,Yes,No,68,Yes,No,No,No internet service,No internet service,No internet service,No internet service,No internet service,No internet service,Month-to-month,No,Mailed check,27.34,1877.41,No
C7006779,Female,0,Yes,No,60,Yes,No,Fiber optic,No,Yes,No,No,No,No,Month-to-month,No,Credit card (automatic),71.05,4230.9,Yes
C7006780,Male,1,Yes,Yes,29,Yes,Yes,DSL,Yes,No,No,Yes,Yes,Yes,One year,Yes,Electronic check,70.2,2014.71,No
C7006781,Male,0,Yes,No,42,Yes,Yes,DSL,No,Yes,Yes,Yes,Yes,No,Two year,Yes,Electronic check,77.05,3259.93,No
C7006782,Female,0,Yes,No,56,Yes,Yes,Fiber optic,No,No,Yes,No,Yes,No,One year,No,Credit card (automatic),88.35,4946.87,No
C7006783,Male,0,No,No,27,Yes,Yes,Fiber optic,Yes,No,Yes,Yes,Yes,Yes,One year,No,Mailed check,99.28,2673.95,No
C7006784,Female,0,Yes,No,56,No,No phone service,Fiber optic,No,No,No,Yes,No,Yes,Month-to-month,Yes,Electronic check,76.15,4279.44,No
C7006785,Male,0,Yes,No,48,No,No phone service,Fiber optic,Yes,No,No,Yes,Yes,No,One year,Yes,Bank transfer (automatic),77.19,3679.77,No
C7006786,Male,0,No,No,51,Yes,No,No,No internet service,No internet service,No internet service,No internet service,No internet service,No internet service,One year,No,Credit card (automatic),23.34,1193.79,No
C7006787,Female,0,Yes,No,71,Yes,Yes,No,No internet service,No internet service,No internet service,No internet service,No internet service,No internet service,Month-to-month,No,Credit card (automatic),31.4,2240.26,No
C7006788,Female,0,No,Yes,27,Yes,Yes,Fiber optic,No,Yes,Yes,No,Yes,Yes,Month-to-month,Yes,Electronic check,95.59,2581.96,Yes
C7006789,Female,0,Yes,No,4,Yes,Yes,No,No internet service,No internet service,No internet service,No internet service,No internet service,No internet service,One year,No,Bank transfer (automatic),31.17,74.04,No
C7006790,Male,1,No,Yes,39,Yes,Yes,Fiber optic,No,Yes,No,No,No,No,Month-to-month,Yes,Mailed check,81.45,3170.84,Yes
C7006791,Male,0,No,No,24,Yes,Yes,DSL,No,Yes,No,No,Yes,No,Month-to-month,No,Bank transfer (automatic),72.04,1714.19,No
C7006792,Female,0,No,No,4,Yes,No,Fiber optic,Yes,No,No,Yes,Yes,Yes,Month-to-month,Yes,Electronic check,81.37,352.71,Yes
C7006793,Female,0,Yes,No,11,Yes,Yes,Fiber optic,No,Yes,Yes,No,No,No,Month-to-month,Yes,Credit card (automatic),86.94,972.7,Yes
C7006794,Female,0,Yes,No,38,No,No phone service,No,No internet service,No internet service,No internet service,No internet service,No internet service,No internet service,Month-to-month,Yes,Credit card (automatic),18.36,693.34,No
C7006795,Female,0,Yes,No,69,Yes,No,No,No internet service,No internet service,No internet service,No internet service,No internet service,No internet service,One year,Yes,Bank transfer (automatic),22.54,1528.2,No
C7006796,Female,0,No,Yes,24,Yes,Yes,Fiber optic,No,Yes,No,No,No,No,Two year,Yes,Electronic check,81.28,1950.7,No
C7006797,Male,0,Yes,Yes,39,Yes,No,Fiber optic,No,Yes,No,No,No,Yes,Month-to-month,Yes,Credit card (automatic),80.78,3132.74,Yes
C7006798,Female,0,No,Yes,12,Yes,No,DSL,Yes,Yes,No,Yes,Yes,No,One year,Yes,Bank transfer (automatic),72.39,876.31,No
C7006799,Male,0,Yes,No,9,Yes,Yes,Fiber optic,Yes,No,No,No,No,Yes,Month-to-month,Yes,Electronic check,85.36,772.98,Yes
C7006800,Male,0,No,No,57,Yes,Yes,Fiber optic,No,Yes,Yes,No,Yes,Yes,One year,No,Bank transfer (automatic),92.47,5264.97,No
C7006801,Female,0,Yes,No,44,Yes,No,Fiber optic,No,No,Yes,No,No,Yes,Month-to-month,No,Mailed check,76.29,3362.18,No
C7006802,Male,0,Yes,Yes,13,Yes,Yes,DSL,No,No,No,No,Yes,Yes,Month-to-month,No,Bank transfer (automatic),63.26,861.04,No
C7006803,Male,0,No,Yes,36,Yes,Yes,Fiber optic,Yes,No,No,No,Yes,No,Two year,No,Bank transfer (automatic),87.12,3111.55,No
C7006804,Female,0,No,Yes,42,Yes,Yes,DSL,No,Yes,No,Yes,Yes,No,Two year,Yes,Electronic check,72.96,3047.05,No
C7006805,Female,1,Yes,No,4,Yes,Yes,Fiber optic,Yes,Yes,No,Yes,No,Yes,Two year,Yes,Mailed check,89.75,362.88,No
C7006806,Female,0,Yes,No,21,Yes,No,DSL,No,Yes,Yes,Yes,Yes,Yes,Month-to-month,No,Mailed check,74.25,1546.74,No
C7006807,Female,0,No,Yes,63,No,No phone service,No,No internet service,No internet service,No internet service,No internet service,No internet service,No internet service,Month-to-month,Yes,Mailed check,19.05,1206.03,No
C7006808,Male,0,No,No,26,Yes,No,No,No internet service,No internet service,No internet service,No internet service,No internet service,No internet service,Month-to-month,Yes,Mailed check,25.9,653.93,No
C7006809,Female,0,No,Yes,51,Yes,Yes,Fiber optic,No,Yes,Yes,No,No,No,Two year,No,Electronic check,82.96,4231.79,No
C7006810,Male,0,No,No,44,Yes,No,DSL,Yes,No,Yes,No,Yes,Yes,Month-to-month,No,Credit card (automatic),65.49,2881.26,No
C7006811,Male,0,No,No,0,Yes,No,Fiber optic,No,Yes,No,Yes,No,Yes,Month-to-month,Yes,Mailed check,83.86,0.0,Yes
C7006812,Male,0,No,No,69,Yes,No,DSL,No,Yes,No,No,Yes,No,Month-to-month,Yes,Bank transfer (automatic),63.67,4390.24,No
C7006813,Male,1,Yes,Yes,70,Yes,No,DSL,Yes,No,Yes,No,No,Yes,One year,No,Bank transfer (automatic),58.61,4117.88,No
C7006814,Male,0,No,Yes,48,Yes,No,Fiber optic,Yes,No,No,No,No,No,One year,Yes,Credit card (automatic),71.46,3415.07,No
C7006815,Male,0,No,Yes,11,No,No phone service,DSL,Yes,No,Yes,Yes,No,Yes,One year,No,Credit card (automatic),64.63,715.83,No
C7006816,Female,1,Yes,No,61,No,No phone service,No,No internet service,No internet service,No internet service,No internet service,No internet service,No internet service,Two year,No,Bank transfer (automatic),18.19,1083.04,No
C7006817,Male,0,No,No,0,Yes,No,No,No internet service,No internet service,No internet service,No internet service,No internet service,No internet service,Month-to-month,Yes,Mailed check,21.53,0.0,Yes
C7006818,Male,0,Yes,No,37,Yes,Yes,No,No internet service,No internet service,No internet service,No internet service,No internet service,No internet service,Month-to-month,Yes,Mailed check,27.87,1010.56,No
C7006819,Female,0,Yes,No,31,Yes,Yes,DSL,No,No,No,No,No,No,One year,Yes,Mailed check,55.95,1765.09,No
C7006820,Female,0,No,Yes,50,Yes,No,Fiber optic,Yes,No,No,No,No,Yes,One year,No,Mailed check,80.72,4058.01,No
C7006821,Female,0,No,No,10,Yes,No,DSL,No,No,Yes,No,Yes,No,Month-to-month,No,Electronic check,62.58,631.29,Yes
C7006822,Male,0,Yes,No,63,Yes,No,Fiber optic,Yes,No,No,No,No,Yes,One year,Yes,Mailed check,81.89,5146.57,No
C7006823,Male,0,No,No,41,Yes,No,Fiber optic,No,No,No,Yes,No,No,Month-to-month,Yes,Bank transfer (automatic),70.86,2918.64,Yes
C7006824,Female,0,Yes,No,19,No,No phone service,Fiber optic,No,Yes,No,Yes,No,No,Month-to-month,Yes,Mailed check,76.61,1431.27,No
C7006825,Female,0,No,Yes,22,Yes,Yes,DSL,No,Yes,No,Yes,No,No,Month-to-month,No,Mailed check,67.02,1444.19,Yes
C7006826,Male,1,Yes,No,50,Yes,No,DSL,No,Yes,No,Yes,Yes,No,Month-to-month,Yes,Credit card (automatic),63.49,3172.32,No
C7006827,Female,0,No,Yes,13,No,No phone service,DSL,Yes,No,No,No,Yes,No,One year,Yes,Bank transfer (automatic),58.7,762.3,No
C7006828,Female,0,Yes,Yes,21,Yes,No,DSL,No,No,Yes,No,No,No,Month-to-month,Yes,Mailed check,53.1,1122.07,No
C7006829,Female,1,Yes,Yes,71,Yes,Yes,DSL,Yes,No,No,No,No,Yes,Two year,Yes,Electronic check,68.18,4830.81,No
C7006830,Male,1,No,Yes,64,No,No phone service,No,No internet service,No internet service,No internet service,No internet service,No internet service,No internet service,One year,No,Credit card (automatic),21.78,1384.68,No
C7006831,Female,0,Yes,Yes,24,No,No phone service,DSL,No,Yes,No,No,Yes,No,Month-to-month,No,Electronic check,54.47,1334.07,No
C7006832,Male,0,Yes,No,40,Yes,No,DSL,Yes,No,No,No,No,No,Two year,No,Bank transfer (automatic),52.02,2078.21,No
C7006833,Female,0,Yes,No,30,Yes,Yes,No,No internet service,No internet service,No internet service,No internet service,No internet service,No internet service,Month-to-month,Yes,Electronic check,28.28,840.1,No
C7006834,Male,0,No,No,14,Yes,Yes,No,No internet service,No internet service,No internet service,No internet service,No internet service,No internet service,Month-to-month,Yes,Bank transfer (automatic),27.99,397.57,No
C7006835,Male,0,Yes,Yes,21,Yes,No,Fiber optic,No,No,Yes,Yes,Yes,Yes,Two year,Yes,Bank transfer (automatic),95.43,1996.57,No
C7006836,Male,0,No,Yes,7,Yes,Yes,No,No internet service,No internet service,No internet service,No internet service,No internet service,No internet service,Month-to-month,No,Bank transfer (automatic),33.24,259.47,No
C7006837,Female,0,Yes,Yes,61,Yes,Yes,DSL,Yes,Yes,No,No,Yes,Yes,Month-to-month,No,Electronic check,78.0,4763.0,No
C7006838,Female,0,No,Yes,17,Yes,Yes,Fiber optic,No,Yes,No,No,Yes,No,One year,No,Credit card (automatic),85.98,1456.2,No
C7006839,Female,0,No,No,14,Yes,Yes,No,No internet service,No internet service,No internet service,No internet service,No internet service,No internet service,Month-to-month,Yes,Mailed check,28.52,387.04,No
C7006840,Female,0,Yes,Yes,46,Yes,Yes,Fiber optic,No,No,No,No,No,No,One year,Yes,Electronic check,77.2,3521.46,Yes
C7006841,Female,0,No,Yes,9,Yes,Yes,DSL,No,Yes,No,Yes,Yes,Yes,One year,Yes,Electronic check,72.22,653.37,No
C7006842,Female,0,Yes,No,69,Yes,Yes,Fiber optic,Yes,Yes,No,Yes,Yes,Yes,Month-to-month,Yes,Mailed check,104.56,7202.23,No
C7006843,Male,1,Yes,No,64,Yes,Yes,Fiber optic,Yes,Yes,Yes,No,Yes,Yes,Two year,Yes,Bank transfer (automatic),95.43,6080.63,No
C7006844,Female,1,No,Yes,30,Yes,Yes,No,No internet service,No internet service,No internet service,No internet service,No internet service,No internet service,Month-to-month,No,Electronic check,26.79,785.54,No
C7006845,Male,0,No,No,13,Yes,No,Fiber optic,No,Yes,Yes,No,Yes,Yes,Month-to-month,No,Mailed check,91.89,1213.73,Yes
C7006846,Male,0,No,No,10,Yes,No,DSL,No,Yes,Yes,Yes,Yes,Yes,Month-to-month,Yes,Credit card (automatic),74.09,737.6,Yes
C7006847,Male,1,No,No,62,Yes,Yes,Fiber optic,No,No,Yes,No,Yes,Yes,Month-to-month,Yes,Bank transfer (automatic),93.66,5809.85,Yes
C7006848,Male,1,Yes,No,32,Yes,No,DSL,No,No,No,No,Yes,Yes,Month-to-month,Yes,Electronic check,63.71,2041.94,No
C7006849,Female,1,No,No,42,Yes,Yes,DSL,No,Yes,Yes,No,No,Yes,Month-to-month,Yes,Mailed check,62.65,2659.51,No
C7006850,Female,0,Yes,No,9,Yes,Yes,DSL,No,No,No,No,Yes,Yes,One year,Yes,Electronic check,62.47,551.78,No
C7006851,Male,0,No,Yes,60,Yes,No,Fiber optic,Yes,No,Yes,Yes,Yes,Yes,Two year,Yes,Electronic check,92.41,5542.71,No
C7006852,Female,0,No,No,37,Yes,No,Fiber optic,No,No,No,Yes,Yes,Yes,Month-to-month,Yes,Bank transfer (automatic),87.65,3257.63,No
C7006853,Male,0,Yes,No,5,No,No phone service,Fiber optic,Yes,No,No,No,No,No,One year,Yes,Electronic check,65.81,329.03,No
C7006854,Male,0,No,No,5,Yes,Yes,DSL,No,No,Yes,No,No,Yes,One year,No,Bank transfer (automatic),57.74,293.48,No
C7006855,Male,0,No,No,70,Yes,Yes,Fiber optic,No,No,No,Yes,No,Yes,One year,No,Credit card (automatic),81.9,5730.53,No
C7006856,Male,0,No,No,4,Yes,Yes,Fiber optic,No,No,No,No,No,No,Two year,Yes,Electronic check,76.62,294.43,No
C7006857,Male,0,No,No,21,Yes,No,Fiber optic,No,No,Yes,Yes,No,No,One year,Yes,Electronic check,85.81,1818.85,No
C7006858,Male,0,No,No,0,Yes,No,No,No internet service,No internet service,No internet service,No internet service,No internet service,No internet service,Two year,No,Electronic check,19.98,0.0,No
C7006859,Male,0,No,No,4,Yes,Yes,No,No internet service,No internet service,No internet service,No internet service,No internet service,No internet service,Two year,Yes,Bank transfer (automatic),27.35,116.27,No
C7006860,Male,0,No,No,59,No,No phone service,DSL,No,No,Yes,No,No,No,One year,Yes,Electronic check,50.39,2977.3,No
C7006861,Female,0,No,No,55,Yes,No,No,No internet service,No internet service,No internet service,No internet service,No internet service,No internet service,Month-to-month,Yes,Bank transfer (automatic),28.2,1495.8,No
C7006862,Male,1,Yes,No,24,No,No phone service,No,No internet service,No internet service,No internet service,No internet service,No internet service,No internet service,Two year,No,Bank transfer (automatic),26.18,626.85,No
C7006863,Male,0,Yes,Yes,13,Yes,Yes,Fiber optic,Yes,No,No,No,No,No,Month-to-month,No,Mailed check,81.0,1053.87,No
C7006864,Female,0,No,No,18,Yes,No,No,No internet service,No internet service,No internet service,No internet service,No internet service,No internet service,Month-to-month,No,Electronic check,27.24,455.63,Yes
C7006865,Male,0,No,No,25,Yes,Yes,Fiber optic,Yes,Yes,Yes,No,No,Yes,Month-to-month,No,Electronic check,95.21,2360.35,Yes
C7006866,Female,0,No,No,56,No,No phone service,No,No internet service,No internet service,No internet service,No internet service,No internet service,No internet service,Two year,No,Bank transfer (automatic),24.35,1359.83,No
C7006867,Male,0,Yes,Yes,43,Yes,Yes,Fiber optic,No,Yes,No,No,No,No,Two year,Yes,Electronic check,78.32,3360.32,No
C7006868,Female,0,Yes,Yes,32,Yes,Yes,No,No internet service,No internet service,No internet service,No internet service,No internet service,No internet service,Month-to-month,Yes,Bank transfer (automatic),30.02,974.19,Yes
C7006869,Female,1,No,Yes,5,Yes,Yes,DSL,No,No,No,No,No,No,Month-to-month,Yes,Electronic check,48.4,264.78,No
C7006870,Female,0,Yes,Yes,8,Yes,Yes,Fiber optic,Yes,No,Yes,No,Yes,No,Month-to-month,Yes,Electronic check,92.22,728.54,Yes
C7006871,Female,1,Yes,No,14,Yes,No,DSL,Yes,No,No,Yes,No,Yes,Two year,Yes,Credit card (automatic),69.79,963.73,No
C7006872,Male,0,Yes,No,15,Yes,No,No,No internet service,No internet service,No internet service,No internet service,No internet service,No internet service,Month-to-month,No,Credit card (automatic),27.0,404.01,No
C7006873,Male,0,No,No,35,Yes,No,DSL,No,No,Yes,No,Yes,No,Month-to-month,No,Electronic check,57.73,2036.24,No
C7006874,Male,0,No,No,62,Yes,No,Fiber optic,Yes,Yes,No,Yes,Yes,Yes,One year,Yes,Mailed check,90.76,5626.91,No
C7006875,Male,0,Yes,No,30,Yes,Yes,No,No internet service,No internet service,No internet service,No internet service,No internet service,No internet service,Month-to-month,Yes,Bank transfer (automatic),35.08,1068.29,No
C7006876,Male,1,No,No,24,Yes,No,Fiber optic,Yes,Yes,Yes,No,No,No,Month-to-month,No,Bank transfer (automatic),82.04,1985.09,No
C7006877,Male,0,Yes,No,40,Yes,No,Fiber optic,No,No,Yes,No,No,Yes,One year,Yes,Credit card (automatic),78.99,3168.46,No
C7006878,Female,0,No,No,5,Yes,Yes,Fiber optic,Yes,Yes,Yes,Yes,No,Yes,Month-to-month,Yes,Mailed check,95.63,477.29,Yes
C7006879,Male,0,No,No,53,Yes,No,Fiber optic,No,No,Yes,No,Yes,No,Month-to-month,No,Bank transfer (automatic),81.38,4296.91,No
C7006880,Male,1,No,No,4,No,No phone service,No,No internet service,No internet service,No internet service,No internet service,No internet service,No internet service,Month-to-month,Yes,Bank transfer (automatic),25.4,104.24,No
C7006881,Female,0,Yes,Yes,25,Yes,No,No,No internet service,No internet service,No internet service,No internet service,No internet service,No internet service,Month-to-month,No,Mailed check,25.37,625.22,No
C7006882,Male,0,Yes,No,69,Yes,No,Fiber optic,No,No,No,Yes,No,No,Two year,Yes,Credit card (automatic),79.02,5478.33,No
C7006883,Female,0,Yes,No,29,Yes,No,Fiber optic,Yes,No,No,No,Yes,No,Two year,Yes,Electronic check,77.26,2257.02,No
C7006884,Female,0,No,No,54,Yes,No,Fiber optic,No,Yes,Yes,No,Yes,No,Month-to-month,Yes,Bank transfer (automatic),84.72,4572.64,No
C7006885,Female,0,Yes,No,19,Yes,No,No,No internet service,No internet service,No internet service,No internet service,No internet service,No internet service,Two year,No,Electronic check,25.56,484.08,No
C7006886,Male,0,No,No,62,No,No phone service,Fiber optic,No,Yes,No,No,No,No,Two year,No,Electronic check,67.59,4168.96,No
C7006887,Male,1,Yes,No,24,Yes,Yes,Fiber optic,No,Yes,No,No,Yes,No,Two year,Yes,Credit card (automatic),82.13,1963.92,No
C7006888,Female,0,No,Yes,16,Yes,Yes,Fiber optic,No,No,Yes,Yes,Yes,Yes,Two year,Yes,Bank transfer (automatic),93.06,1519.79,No
C7006889,Female,0,No,Yes,3,Yes,No,DSL,No,No,No,No,No,No,Two year,Yes,Bank transfer (automatic),49.23,153.57,No
C7006890,Female,0,Yes,No,22,Yes,Yes,No,No internet service,No internet service,No internet service,No internet service,No internet service,No internet service,Month-to-month,No,Mailed check,28.43,623.85,Yes
C7006891,Male,0,No,No,42,Yes,Yes,DSL,Yes,No,Yes,No,No,Yes,Month-to-month,No,Credit card (automatic),73.88,3109.26,No
C7006892,Male,0,No,No,4,Yes,Yes,DSL,No,Yes,No,No,Yes,Yes,Month-to-month,Yes,Electronic check,63.54,249.97,Yes
C7006893,Male,1,No,Yes,12,Yes,No,Fiber optic,No,No,Yes,No,No,No,One year,No,Electronic check,75.3,903.0,No
C7006894,Male,0,No,Yes,25,Yes,No,Fiber optic,No,No,No,Yes,No,Yes,Month-to-month,Yes,Electronic check,75.29,1881.99,No
C7006895,Male,0,No,Yes,52,Yes,No,Fiber optic,No,No,Yes,Yes,Yes,No,Month-to-month,No,Electronic check,88.05,4604.68,No
C7006896,Female,1,No,No,43,No,No phone service,DSL,No,No,No,Yes,Yes,No,Month-to-month,No,Credit card (automatic),52.67,2231.32,Yes
C7006897,Male,0,No,No,3,Yes,No,DSL,Yes,No,No,Yes,No,No,Month-to-month,No,Credit card (automatic),59.84,168.67,No
C7006898,Female,0,Yes,Yes,2,Yes,No,DSL,No,No,No,Yes,No,Yes,Month-to-month,Yes,Bank transfer (automatic),63.98,93.49,No
C7006899,Female,0,No,No,4,No,No phone service,Fiber optic,No,No,No,Yes,No,Yes,Two year,Yes,Bank transfer (automatic),70.01,273.26,No
C7006900,Male,0,No,No,24,Yes,No,No,No internet service,No internet service,No internet service,No internet service,No internet service,No internet service,Two year,Yes,Electronic check,29.05,695.49,No
C7006901,Female,0,Yes,No,20,Yes,No,No,No internet service,No internet service,No internet service,No internet service,No internet service,No internet service,Two year,No,Mailed check,26.49,538.94,No
C7006902,Female,0,No,Yes,8,Yes,No,Fiber optic,Yes,Yes,No,Yes,No,Yes,Month-to-month,Yes,Electronic check,88.64,691.56,No
C7006903,Male,0,Yes,No,32,Yes,No,Fiber optic,No,No,No,Yes,Yes,No,Month-to-month,Yes,Electronic check,72.89,2319.39,No
C7006904,Male,0,Yes,No,43,Yes,No,Fiber optic,No,Yes,No,No,No,No,One year,Yes,Credit card (automatic),80.62,3476.53,No
C7006905,Female,1,No,Yes,50,Yes,No,No,No internet service,No internet service,No internet service,No internet service,No internet service,No internet service,Month-to-month,Yes,Credit card (automatic),23.96,1205.27,Yes
C7006906,Female,0,Yes,Yes,72,Yes,Yes,Fiber optic,Yes,Yes,Yes,Yes,No,Yes,Month-to-month,No,Bank transfer (automatic),101.89,7331.46,No
C7006907,Female,1,No,No,50,Yes,Yes,DSL,No,Yes,No,No,Yes,Yes,Month-to-month,Yes,Electronic check,70.47,3488.12,No
C7006908,Female,0,Yes,No,71,Yes,Yes,DSL,Yes,No,Yes,Yes,Yes,No,One year,Yes,Credit card (automatic),81.21,5765.35,No
C7006909,Male,1,No,No,71,Yes,No,Fiber optic,Yes,No,No,Yes,No,Yes,Two year,Yes,Bank transfer (automatic),81.75,5807.25,No
C7006910,Female,0,No,No,61,Yes,No,Fiber optic,No,No,No,Yes,No,Yes,One year,Yes,Electronic check,83.14,5073.17,No
C7006911,Female,1,No,Yes,25,Yes,Yes,No,No internet service,No internet service,No internet service,No internet service,No internet service,No internet service,Month-to-month,Yes,Bank transfer (automatic),35.54,863.75,Yes
C7006912,Female,0,No,No,3,Yes,Yes,DSL,No,No,No,No,No,Yes,One year,Yes,Electronic check,56.43,151.96,No
C7006913,Female,0,Yes,No,4,Yes,No,No,No internet service,No internet service,No internet service,No internet service,No internet service,No internet service,Month-to-month,Yes,Mailed check,24.39,110.5,No
C7006914,Female,0,Yes,No,63,Yes,Yes,No,No internet service,No internet service,No internet service,No internet service,No internet service,No internet service,One year,Yes,Electronic check,31.03,1978.29,No
C7006915,Female,0,No,Yes,62,Yes,Yes,Fiber optic,No,No,No,Yes,Yes,No,One year,Yes,Bank transfer (automatic),87.19,5418.13,No
C7006916,Male,0,No,No,22,Yes,No,DSL,Yes,Yes,No,No,Yes,Yes,Month-to-month,No,Bank transfer (automatic),71.72,1570.28,No
C7006917,Female,1,No,No,53,Yes,Yes,DSL,No,Yes,Yes,Yes,No,No,Two year,Yes,Mailed check,73.19,3873.95,No
C7006918,Male,0,No,Yes,33,Yes,No,Fiber optic,No,No,No,No,No,No,Month-to-month,Yes,Credit card (automatic),70.04,2296.36,Yes
C7006919,Female,1,Yes,No,4,Yes,No,DSL,Yes,Yes,Yes,No,Yes,No,Month-to-month,Yes,Credit card (automatic),71.2,291.77,No
C7006920,Female,0,Yes,No,47,No,No phone service,No,No internet service,No internet service,No internet service,No internet service,No internet service,No internet service,Month-to-month,No,Bank transfer (automatic),18.0,863.93,No
C7006921,Female,1,No,No,6,Yes,Yes,Fiber optic,No,No,No,Yes,Yes,No,Two year,Yes,Electronic check,81.94,503.21,Yes
C7006922,Male,1,No,Yes,9,No,No phone service,No,No internet service,No internet service,No internet service,No internet service,No internet service,No internet service,Month-to-month,Yes,Credit card (automatic),19.72,186.86,No
C7006923,Female,0,No,Yes,34,Yes,Yes,Fiber optic,No,Yes,No,Yes,Yes,No,One year,Yes,Credit card (automatic),88.95,3013.26,No
C7006924,Male,0,No,No,5,Yes,No,DSL,No,No,No,No,No,Yes,Month-to-month,Yes,Mailed check,57.03,280.62,No
C7006925,Male,0,No,No,24,Yes,Yes,Fiber optic,Yes,No,Yes,No,No,Yes,Month-to-month,Yes,Credit card (automatic),84.42,2018.59,Yes
C7006926,Male,0,No,Yes,54,Yes,No,Fiber optic,No,No,No,No,No,Yes,Month-to-month,No,Mailed check,76.4,4137.76,No
C7006927,Female,0,Yes,Yes,43,Yes,No,DSL,No,No,No,Yes,Yes,Yes,Two year,No,Electronic check,67.28,2893.42,No
C7006928,Male,0,No,No,4,Yes,No,DSL,No,No,Yes,No,No,Yes,Month-to-month,Yes,Mailed check,53.35,227.95,Yes
C7006929,Female,0,Yes,No,15,Yes,No,Fiber optic,No,No,Yes,Yes,Yes,No,One year,No,Credit card (automatic),90.02,1356.29,No
C7006930,Male,0,Yes,Yes,72,Yes,Yes,Fiber optic,No,Yes,No,Yes,No,No,One year,Yes,Electronic check,90.89,6531.12,No
C7006931,Female,0,No,No,70,Yes,Yes,DSL,Yes,No,No,No,Yes,Yes,Month-to-month,No,Credit card (automatic),73.31,5109.14,No
C7006932,Female,0,Yes,No,67,Yes,Yes,Fiber optic,No,No,Yes,No,Yes,No,Month-to-month,No,Credit card (automatic),84.33,5679.61,No
C7006933,Female,0,Yes,Yes,37,No,No phone service,No,No internet service,No internet service,No internet service,No internet service,No internet service,No internet service,Two year,Yes,Electronic check,19.16,702.56,No
C7006934,Female,1,No,Yes,31,Yes,No,Fiber optic,No,Yes,No,No,Yes,Yes,Month-to-month,No,Mailed check,83.25,2582.45,Yes
C7006935,Female,1,No,No,54,Yes,Yes,DSL,No,No,Yes,No,Yes,Yes,Month-to-month,Yes,Credit card (automatic),69.98,3805.08,No
C7006936,Female,1,Yes,No,69,Yes,No,Fiber optic,No,Yes,No,No,Yes,No,Two year,No,Credit card (automatic),78.64,5433.76,No
C7006937,Female,0,No,No,9,Yes,Yes,Fiber optic,Yes,No,No,No,No,Yes,Month-to-month,Yes,Credit card (automatic),86.03,758.74,No
C7006938,Male,0,No,No,65,Yes,No,No,No internet service,No internet service,No internet service,No internet service,No internet service,No internet service,Month-to-month,Yes,Electronic check,25.1,1632.37,No
C7006939,Male,0,Yes,No,45,Yes,Yes,Fiber optic,Yes,No,No,Yes,Yes,No,Month-to-month,No,Electronic check,91.8,4153.13,No
C7006940,Female,0,No,No,10,Yes,Yes,DSL,No,No,Yes,No,Yes,No,Month-to-month,Yes,Mailed check,63.86,643.87,Yes
C7006941,Male,1,No,No,63,Yes,No,DSL,No,Yes,No,Yes,Yes,Yes,Month-to-month,Yes,Electronic check,66.94,4267.78,No
C7006942,Female,0,No,No,2,Yes,No,DSL,No,Yes,No,No,No,Yes,Month-to-month,Yes,Mailed check,63.55,96.8,Yes
C7006943,Female,0,No,No,1,Yes,No,Fiber optic,No,Yes,No,No,No,Yes,Month-to-month,No,Mailed check,77.0,71.18,No
C7006944,Male,1,No,Yes,26,Yes,No,DSL,Yes,Yes,Yes,Yes,No,Yes,Two year,No,Bank transfer (automatic),74.47,1915.81,No
C7006945,Female,0,No,No,39,Yes,Yes,No,No internet service,No internet service,No internet service,No internet service,No internet service,No internet service,Two year,Yes,Electronic check,29.52,1162.12,No
C7006946,Female,0,Yes,No,31,Yes,Yes,Fiber optic,Yes,No,Yes,No,No,No,Month-to-month,No,Electronic check,85.3,2625.01,No
C7006947,Female,0,No,No,18,Yes,No,Fiber optic,No,No,No,Yes,Yes,No,Two year,Yes,Bank transfer (automatic),79.63,1421.58,No
C7006948,Female,0,No,Yes,47,Yes,Yes,DSL,No,No,No,Yes,Yes,Yes,One year,Yes,Credit card (automatic),68.94,3231.05,No
C7006949,Female,0,Yes,No,34,Yes,No,DSL,No,Yes,No,No,No,Yes,Month-to-month,No,Mailed check,60.59,2062.74,No
C7006950,Female,0,No,No,8,Yes,No,Fiber optic,No,No,Yes,Yes,No,Yes,One year,Yes,Credit card (automatic),82.19,654.69,Yes
C7006951,Female,0,No,Yes,59,Yes,Yes,Fiber optic,Yes,No,Yes,No,No,Yes,One year,Yes,Electronic check,89.35,5286.27,No
C7006952,Male,0,Yes,No,22,Yes,Yes,Fiber optic,No,No,No,No,No,No,Two year,Yes,Electronic check,75.25,1639.46,No
C7006953,Female,0,Yes,No,50,Yes,No,Fiber optic,No,No,Yes,No,Yes,Yes,Month-to-month,No,Credit card (automatic),79.65,3988.5,No
C7006954,Female,0,No,No,25,Yes,Yes,No,No internet service,No internet service,No internet service,No internet service,No internet service,No internet service,Month-to-month,No,Credit card (automatic),33.85,843.03,No
C7006955,Male,0,Yes,No,55,No,No phone service,Fiber optic,No,No,Yes,Yes,Yes,Yes,One year,Yes,Mailed check,91.24,4989.2,No
C7006956,Male,0,No,No,20,Yes,Yes,DSL,No,No,No,Yes,No,Yes,One year,Yes,Credit card (automatic),66.85,1353.64,No
C7006957,Female,0,Yes,Yes,15,Yes,Yes,DSL,No,Yes,No,Yes,Yes,No,Two year,No,Credit card (automatic),68.85,1021.7,No
C7006958,Male,0,No,No,5,Yes,No,No,No internet service,No internet service,No internet service,No internet service,No internet service,No internet service,Two year,No,Mailed check,23.99,122.17,No
C7006959,Female,0,No,No,60,No,No phone service,DSL,No,No,No,No,Yes,Yes,Month-to-month,No,Electronic check,51.88,3099.0,No
C7006960,Male,0,Yes,Yes,52,Yes,Yes,DSL,No,No,No,Yes,No,Yes,Month-to-month,Yes,Mailed check,69.68,3665.58,No
C7006961,Male,0,No,No,44,Yes,Yes,No,No internet service,No internet service,No internet service,No internet service,No internet service,No internet service,Month-to-month,Yes,Mailed check,25.98,1167.39,No
C7006962,Female,0,Yes,No,44,No,No phone service,DSL,Yes,No,No,Yes,Yes,Yes,Month-to-month,Yes,Electronic check,67.81,2976.35,No
C7006963,Male,1,Yes,No,5,Yes,No,Fiber optic,No,No,No,No,Yes,No,Month-to-month,Yes,Electronic check,73.59,372.05,Yes
C7006964,Male,1,No,No,30,Yes,No,DSL,No,Yes,No,No,Yes,No,Two year,No,Mailed check,64.03,1925.22,No
C7006965,Female,1,Yes,No,62,Yes,Yes,Fiber optic,No,No,Yes,No,No,No,Month-to-month,Yes,Electronic check,81.99,5062.28,Yes
C7006966,Female,0,No,No,21,Yes,No,DSL,No,No,Yes,Yes,No,Yes,Month-to-month,No,Mailed check,67.66,1430.41,No
C7006967,Male,1,No,No,4,Yes,Yes,No,No internet service,No internet service,No internet service,No internet service,No internet service,No internet service,Month-to-month,No,Credit card (automatic),30.52,122.69,Yes
C7006968,Female,0,Yes,No,61,Yes,No,DSL,Yes,No,Yes,No,No,Yes,Month-to-month,Yes,Bank transfer (automatic),69.98,4284.94,No
C7006969,Female,0,Yes,No,2,Yes,No,DSL,Yes,No,No,No,Yes,No,Month-to-month,No,Bank transfer (automatic),55.13,107.92,No
C7006970,Female,1,No,No,50,Yes,No,No,No internet service,No internet service,No internet service,No internet service,No internet service,No internet service,Month-to-month,Yes,Credit card (automatic),19.8,972.76,Yes
C7006971,Male,0,Yes,No,60,Yes,No,Fiber optic,Yes,No,Yes,Yes,No,Yes,Month-to-month,Yes,Mailed check,85.38,5111.33,No
C7006972,Male,0,No,No,54,Yes,No,Fiber optic,No,No,No,Yes,No,Yes,Two year,Yes,Mailed check,78.6,4226.15,No
C7006973,Female,0,Yes,No,0,No,No phone service,Fiber optic,No,No,Yes,No,Yes,Yes,Two year,No,Electronic check,77.83,0.0,No
C7006974,Female,0,No,Yes,65,Yes,No,Fiber optic,No,No,No,No,No,Yes,Month-to-month,No,Credit card (automatic),73.38,4780.5,No
C7006975,Male,0,Yes,Yes,6,Yes,No,No,No internet service,No internet service,No internet service,No internet service,No internet service,No internet service,Month-to-month,No,Bank transfer (automatic),29.97,158.49,Yes
C7006976,Female,0,No,Yes,62,Yes,Yes,Fiber optic,No,No,Yes,Yes,Yes,No,Month-to-month,No,Bank transfer (automatic),88.16,5471.68,No
C7006977,Male,0,No,No,1,No,No phone service,Fiber optic,Yes,No,No,Yes,No,Yes,Month-to-month,Yes,Electronic check,82.76,93.63,No
C7006978,Female,0,Yes,No,35,Yes,No,DSL,No,Yes,No,Yes,Yes,Yes,One year,Yes,Electronic check,70.25,2465.51,No
C7006979,Female,0,No,No,64,No,No phone service,Fiber optic,No,No,No,Yes,No,Yes,Two year,Yes,Bank transfer (automatic),78.29,4990.18,No
C7006980,Female,0,Yes,No,19,Yes,No,No,No internet service,No internet service,No internet service,No internet service,No internet service,No internet service,Month-to-month,No,Mailed check,26.12,521.75,No
C7006981,Female,0,Yes,Yes,3,Yes,Yes,DSL,No,Yes,No,Yes,No,No,Two year,Yes,Bank transfer (automatic),66.08,203.49,No
C7006982,Male,0,Yes,No,6,Yes,Yes,Fiber optic,No,No,Yes,Yes,No,No,One year,No,Electronic check,84.16,480.94,No
C7006983,Female,0,No,Yes,27,Yes,Yes,DSL,No,No,No,Yes,Yes,No,Two year,No,Credit card (automatic),62.23,1671.59,No
C7006984,Male,0,No,No,26,Yes,No,Fiber optic,Yes,Yes,No,Yes,Yes,Yes,Month-to-month,No,Bank transfer (automatic),90.26,2337.69,No
C7006985,Female,0,Yes,Yes,15,Yes,No,Fiber optic,Yes,No,No,No,Yes,No,Month-to-month,Yes,Bank transfer (automatic),81.86,1224.31,Yes
C7006986,Female,0,No,Yes,33,Yes,Yes,Fiber optic,Yes,Yes,No,No,Yes,No,Month-to-month,No,Bank transfer (automatic),95.64,3178.08,No
C7006987,Male,0,No,Yes,24,Yes,Yes,No,No internet service,No internet service,No internet service,No internet service,No internet service,No internet service,Month-to-month,Yes,Electronic check,28.36,684.33,No
C7006988,Male,0,Yes,No,43,Yes,Yes,Fiber optic,No,Yes,Yes,No,No,Yes,Month-to-month,Yes,Electronic check,89.94,3865.24,No
C7006989,Male,0,Yes,Yes,21,Yes,No,No,No internet service,No internet service,No internet service,No internet service,No internet service,No internet service,Two year,Yes,Bank transfer (automatic),21.91,483.72,No
C7006990,Male,0,Yes,No,22,Yes,Yes,Fiber optic,No,No,Yes,Yes,No,No,Two year,No,Mailed check,84.61,1868.74,No
C7006991,Male,0,Yes,No,64,Yes,Yes,DSL,No,No,No,No,No,Yes,Two year,Yes,Mailed check,58.98,3806.41,No
C7006992,Female,0,No,No,57,Yes,No,Fiber optic,No,Yes,Yes,No,No,No,Two year,Yes,Mailed check,77.97,4445.93,No
C7006993,Female,1,No,Yes,56,Yes,Yes,Fiber optic,Yes,Yes,No,Yes,No,No,Month-to-month,No,Bank transfer (automatic),86.96,4893.98,No
C7006994,Female,0,Yes,No,27,Yes,No,Fiber optic,Yes,Yes,Yes,No,No,No,One year,Yes,Mailed check,88.05,2346.21,No
C7006995,Female,1,No,Yes,64,Yes,No,Fiber optic,No,Yes,Yes,No,No,Yes,One year,No,Bank transfer (automatic),88.06,5647.06,No
C7006996,Female,0,Yes,No,24,Yes,Yes,Fiber optic,No,No,No,No,Yes,Yes,One year,Yes,Credit card (automatic),89.23,2138.89,Yes
C7006997,Male,0,No,No,52,Yes,No,DSL,Yes,No,Yes,No,No,Yes,One year,No,Electronic check,67.51,3514.74,No
C7006998,Female,0,No,No,54,Yes,No,Fiber optic,Yes,No,No,Yes,Yes,Yes,Month-to-month,Yes,Mailed check,87.32,4721.78,Yes
C7006999,Female,0,Yes,Yes,24,Yes,Yes,Fiber optic,Yes,Yes,Yes,No,Yes,Yes,Month-to-month,No,Mailed check,98.13,2365.07,No
C7007000,Female,1,No,No,44,Yes,Yes,No,No internet service,No internet service,No internet service,No internet service,No internet service,No internet service,Month-to-month,Yes,Bank transfer (automatic),31.02,1389.53,No
C7007001,Female,0,Yes,No,13,Yes,Yes,Fiber optic,Yes,No,Yes,No,Yes,No,Month-to-month,Yes,Electronic check,87.61,1147.49,Yes
C7007002,Female,0,No,Yes,28,Yes,Yes,DSL,No,No,No,Yes,Yes,No,Two year,Yes,Electronic check,69.48,1945.63,No
C7007003,Female,1,Yes,No,38,Yes,Yes,Fiber optic,Yes,Yes,No,No,No,No,Month-to-month,Yes,Electronic check,84.95,3235.77,No
C7007004,Female,1,No,No,48,Yes,No,Fiber optic,Yes,No,No,No,Yes,Yes,Month-to-month,Yes,Mailed check,82.28,3936.17,No
C7007005,Male,0,No,No,26,Yes,Yes,Fiber optic,No,No,Yes,Yes,No,No,Two year,No,Electronic check,86.95,2289.61,No
C7007006,Female,0,No,No,51,Yes,No,No,No internet service,No internet service,No internet service,No internet service,No internet service,No internet service,Month-to-month,Yes,Mailed check,27.37,1386.19,No
C7007007,Male,0,No,Yes,46,Yes,No,Fiber optic,Yes,No,Yes,Yes,No,No,Month-to-month,Yes,Electronic check,86.34,3983.75,No
C7007008,Male,0,No,Yes,63,Yes,No,Fiber optic,No,Yes,No,No,Yes,Yes,Month-to-month,Yes,Mailed check,87.53,5533.36,No
C7007009,Female,1,Yes,No,2,No,No phone service,Fiber optic,No,No,No,Yes,Yes,No,Two year,Yes,Electronic check,76.15,161.37,No
C7007010,Male,0,No,No,37,No,No phone service,Fiber optic,No,No,Yes,No,No,No,Month-to-month,Yes,Credit card (automatic),74.8,2758.44,Yes
C7007011,Female,0,Yes,Yes,52,Yes,No,Fiber optic,No,No,No,No,Yes,Yes,Month-to-month,Yes,Mailed check,83.18,4314.92,No
C7007012,Male,0,No,No,30,Yes,Yes,DSL,Yes,Yes,No,Yes,Yes,Yes,Two year,No,Electronic check,78.05,2358.91,No
C7007013,Female,0,No,No,21,Yes,Yes,DSL,Yes,Yes,No,No,Yes,No,One year,Yes,Electronic check,67.93,1432.69,No
C7007014,Male,0,Yes,Yes,42,Yes,Yes,DSL,No,No,No,No,No,Yes,Two year,No,Electronic check,59.64,2498.38,No
C7007015,Female,0,Yes,Yes,33,Yes,Yes,No,No internet service,No internet service,No internet service,No internet service,No internet service,No internet service,One year,No,Mailed check,29.96,976.73,No
C7007016,Male,0,Yes,No,31,Yes,Yes,No,No internet service,No internet service,No internet service,No internet service,No internet service,No internet service,Month-to-month,Yes,Credit card (automatic),27.96,857.11,Yes
C7007017,Male,0,Yes,No,71,No,No phone service,No,No internet service,No internet service,No internet service,No internet service,No internet service,No internet service,Month-to-month,Yes,Mailed check,18.0,1280.95,No
C7007018,Male,0,No,No,30,Yes,Yes,DSL,Yes,Yes,Yes,No,Yes,No,Month-to-month,Yes,Bank transfer (automatic),74.33,2266.21,No
C7007019,Female,0,Yes,Yes,15,No,No phone service,No,No internet service,No internet service,No internet service,No internet service,No internet service,No internet service,One year,Yes,Credit card (automatic),18.01,251.99,No
C7007020,Female,0,No,No,1,No,No phone service,No,No internet service,No internet service,No internet service,No internet service,No internet service,No internet service,Month-to-month,Yes,Bank transfer (automatic),20.17,0.0,Yes
C7007021,Female,0,Yes,No,8,Yes,Yes,DSL,No,No,No,No,No,No,Month-to-month,Yes,Electronic check,48.11,385.43,No
C7007022,Male,0,No,No,39,Yes,Yes,Fiber optic,No,No,No,No,No,No,Two year,Yes,Mailed check,78.25,3042.44,Yes
C7007023,Male,1,Yes,No,15,Yes,No,No,No internet service,No internet service,No internet service,No internet service,No internet service,No internet service,Month-to-month,No,Electronic check,24.0,354.63,No
C7007024,Male,0,Yes,Yes,7,Yes,Yes,Fiber optic,No,No,Yes,Yes,Yes,No,Month-to-month,Yes,Mailed check,90.94,619.6,No
C7007025,Female,0,No,No,25,Yes,Yes,No,No internet service,No internet service,No internet service,No internet service,No internet service,No internet service,Two year,No,Bank transfer (automatic),22.82,589.75,No
C7007026,Female,0,Yes,No,17,No,No phone service,Fiber optic,No,Yes,No,No,Yes,No,Two year,Yes,Electronic check,75.24,1271.9,No
C7007027,Male,0,No,Yes,39,Yes,Yes,Fiber optic,No,No,No,No,Yes,No,Month-to-month,No,Mailed check,79.56,3110.15,No
C7007028,Female,0,No,No,4,Yes,No,DSL,Yes,Yes,Yes,No,No,Yes,Two year,Yes,Bank transfer (automatic),69.82,302.81,No
C7007029,Female,0,Yes,No,71,Yes,Yes,DSL,No,Yes,No,No,No,No,Two year,Yes,Mailed check,60.57,4297.08,No
C7007030,Male,0,Yes,Yes,66,Yes,Yes,Fiber optic,No,Yes,Yes,No,No,Yes,Month-to-month,No,Bank transfer (automatic),88.31,5816.18,Yes
C7007031,Male,0,Yes,Yes,63,Yes,No,DSL,No,No,No,Yes,Yes,No,Month-to-month,No,Credit card (automatic),61.12,3848.55,No
C7007032,Male,0,Yes,No,12,Yes,No,Fiber optic,Yes,No,No,No,Yes,Yes,One year,No,Electronic check,76.95,921.91,No
C7007033,Male,0,No,No,52,Yes,Yes,No,No internet service,No internet service,No internet service,No internet service,No internet service,No internet service,One year,No,Credit card (automatic),30.81,1610.05,No
C7007034,Male,0,Yes,No,0,Yes,Yes,DSL,No,No,Yes,Yes,Yes,Yes,One year,Yes,Mailed check,75.55,0.0,No
C7007035,Female,0,Yes,No,52,Yes,Yes,Fiber optic,No,Yes,No,No,Yes,No,Month-to-month,Yes,Credit card (automatic),89.63,4662.18,No
C7007036,Male,0,No,Yes,58,Yes,No,No,No internet service,No internet service,No internet service,No internet service,No internet service,No internet service,One year,No,Credit card (automatic),25.84,1491.8,No
C7007037,Female,0,Yes,No,20,Yes,Yes,No,No internet service,No internet service,No internet service,No internet service,No internet service,No internet service,Two year,No,Bank transfer (automatic),23.05,464.07,No
C7007038,Female,0,No,No,33,Yes,No,No,No internet service,No internet service,No internet service,No internet service,No internet service,No internet service,Month-to-month,Yes,Bank transfer (automatic),23.59,783.43,No
C7007039,Female,0,No,Yes,67,Yes,Yes,Fiber optic,No,No,No,No,Yes,No,Month-to-month,Yes,Mailed check,78.62,5275.82,No
C7007040,Female,0,No,Yes,14,Yes,No,DSL,No,Yes,No,No,Yes,No,One year,Yes,Mailed check,59.7,810.82,No
C7007041,Male,0,No,No,39,Yes,Yes,No,No internet service,No internet service,No internet service,No internet service,No internet service,No internet service,Month-to-month,No,Bank transfer (automatic),28.97,1112.06,No
C7007042,Male,0,Yes,No,22,Yes,Yes,No,No internet service,No internet service,No internet service,No internet service,No internet service,No internet service,Month-to-month,No,Mailed check,30.21,643.37,No
